\c dealership;

INSERT INTO Customer (customer_id, email, phone_num, postal_code, state_abbrv, city, street) VALUES (0, 'lmorasca@ontomedia.com', '5851755886', '95570', 'CA', 'New Orleans', '8629 15-street');
INSERT INTO Individual (ssn, firstname, lastname, customer_id) VALUES ('753836489', 'Raul', 'Mirafuentes', 0);
INSERT INTO Customer (customer_id, email, phone_num, postal_code, state_abbrv, city, street) VALUES (1, 'vlimmel@konmatfix.com', '9118812021', '95323', 'NC', 'Charlotte', '3934 18-street');
INSERT INTO Individual (ssn, firstname, lastname, customer_id) VALUES ('784939607', 'Georgene', 'Riopelle', 1);
INSERT INTO Customer (customer_id, email, phone_num, postal_code, state_abbrv, city, street) VALUES (2, 'anewville@rangreen.com', '1823934677', '01623', 'NV', 'Hialeah', '7280 17-street');
INSERT INTO Individual (ssn, firstname, lastname, customer_id) VALUES ('147820188', 'Eladia', 'Duenas', 2);
INSERT INTO Customer (customer_id, email, phone_num, postal_code, state_abbrv, city, street) VALUES (3, 'lgalam@finjob.com', '1279370916', '92064', 'MO', 'Santa Ana', '6590 18-street');
INSERT INTO Individual (ssn, firstname, lastname, customer_id) VALUES ('722473507', 'Ty', 'Hauenstein', 3);
INSERT INTO Customer (customer_id, email, phone_num, postal_code, state_abbrv, city, street) VALUES (4, 'iparlato@finjob.com', '9839931085', '45256', 'NE', 'Henderson', '3485 19-street');
INSERT INTO Individual (ssn, firstname, lastname, customer_id) VALUES ('009295495', 'Thurman', 'Frankel', 4);
INSERT INTO Customer (customer_id, email, phone_num, postal_code, state_abbrv, city, street) VALUES (5, 'hgleich@rantouch.com', '6533609889', '88914', 'TN', 'Boston', '4517 12-street');
INSERT INTO Individual (ssn, firstname, lastname, customer_id) VALUES ('850547815', 'Clorinda', 'Paulas', 5);
INSERT INTO Customer (customer_id, email, phone_num, postal_code, state_abbrv, city, street) VALUES (6, 'mnicolozakes@gogozoom.com', '7242544955', '23476', 'VA', 'Laredo', '3538 18-street');
INSERT INTO Individual (ssn, firstname, lastname, customer_id) VALUES ('392747745', 'Brandon', 'Schieler', 6);
INSERT INTO Customer (customer_id, email, phone_num, postal_code, state_abbrv, city, street) VALUES (7, 'oborgman@sunnamplex.com', '1226685079', '06380', 'AZ', 'Phoenix', '1446 6-street');
INSERT INTO Individual (ssn, firstname, lastname, customer_id) VALUES ('377287634', 'Mattie', 'Tagala', 7);
INSERT INTO Customer (customer_id, email, phone_num, postal_code, state_abbrv, city, street) VALUES (8, NULL, '3428665871', '47349', 'FL', 'Raleigh', '5917 18-street');
INSERT INTO Individual (ssn, firstname, lastname, customer_id) VALUES ('161721159', 'Adell', 'Chui', 8);
INSERT INTO Customer (customer_id, email, phone_num, postal_code, state_abbrv, city, street) VALUES (9, 'spoquette@zumgoity.com', '8175287749', '37481', 'NE', 'Colorado Springs', '4604 21-street');
INSERT INTO Individual (ssn, firstname, lastname, customer_id) VALUES ('436570412', 'Georgene', 'Maillard', 9);
INSERT INTO Customer (customer_id, email, phone_num, postal_code, state_abbrv, city, street) VALUES (10, 'cboulter@xx-zobam.com', '4362298003', '90208', 'NJ', 'Buffalo', '2974 7-street');
INSERT INTO Individual (ssn, firstname, lastname, customer_id) VALUES ('613205626', 'Alyce', 'Matuszak', 10);
INSERT INTO Customer (customer_id, email, phone_num, postal_code, state_abbrv, city, street) VALUES (11, 'cpoquette@finhigh.com', '5526432511', '31146', 'VA', 'Reno', '1159 2-street');
INSERT INTO Individual (ssn, firstname, lastname, customer_id) VALUES ('313904048', 'Sheron', 'Bowley', 11);
INSERT INTO Customer (customer_id, email, phone_num, postal_code, state_abbrv, city, street) VALUES (12, 'bkippley@opentech.com', '6719202384', '97067', 'FL', 'Bakersfield', '4451 4-street');
INSERT INTO Individual (ssn, firstname, lastname, customer_id) VALUES ('018533690', 'Roselle', 'Castros', 12);
INSERT INTO Customer (customer_id, email, phone_num, postal_code, state_abbrv, city, street) VALUES (13, 'tcolla@donquadtech.com', '4901148349', '67187', 'MN', 'Cincinnati', '5888 14-street');
INSERT INTO Individual (ssn, firstname, lastname, customer_id) VALUES ('089829172', 'Lawrence', 'Chui', 13);
INSERT INTO Customer (customer_id, email, phone_num, postal_code, state_abbrv, city, street) VALUES (14, 'jmotley@lexiqvolax.com', '2127828706', '21679', 'IN', 'Indianapolis', '5791 6-street');
INSERT INTO Individual (ssn, firstname, lastname, customer_id) VALUES ('159645355', 'Nan', 'Cryer', 14);
INSERT INTO Customer (customer_id, email, phone_num, postal_code, state_abbrv, city, street) VALUES (15, 'lswayze@blackzim.com', '2446495088', '85729', 'MO', 'Santa Ana', '7323 16-street');
INSERT INTO Individual (ssn, firstname, lastname, customer_id) VALUES ('279776839', 'Carin', 'Theodorov', 15);
INSERT INTO Customer (customer_id, email, phone_num, postal_code, state_abbrv, city, street) VALUES (16, 'hcryer@ron-tech.com', '6207651773', '22208', 'AZ', 'Irving', '2284 7-street');
INSERT INTO Individual (ssn, firstname, lastname, customer_id) VALUES ('079459924', 'Fannie', 'Dubaldi', 16);
INSERT INTO Customer (customer_id, email, phone_num, postal_code, state_abbrv, city, street) VALUES (17, 'vworlds@year-job.com', '1821270626', '13969', 'KS', 'Cleveland', '3863 15-street');
INSERT INTO Individual (ssn, firstname, lastname, customer_id) VALUES ('965594555', 'Glendora', 'Rhoden', 17);
INSERT INTO Customer (customer_id, email, phone_num, postal_code, state_abbrv, city, street) VALUES (18, 'bkeener@sunnamplex.com', '9390172996', '23666', 'GA', 'Virginia Beach', '987 14-street');
INSERT INTO Individual (ssn, firstname, lastname, customer_id) VALUES ('824643871', 'Fletcher', 'Maillard', 18);
INSERT INTO Customer (customer_id, email, phone_num, postal_code, state_abbrv, city, street) VALUES (19, 'lhoa@ron-tech.com', '8595993571', '83797', 'AK', 'Pittsburgh', '1204 1-street');
INSERT INTO Individual (ssn, firstname, lastname, customer_id) VALUES ('563576825', 'Caitlin', 'Parlato', 19);
INSERT INTO Customer (customer_id, email, phone_num, postal_code, state_abbrv, city, street) VALUES (20, 'huyetake@plexzap.com', '6158734401', '53540', 'TN', 'Boston', '9428 1-street');
INSERT INTO Individual (ssn, firstname, lastname, customer_id) VALUES ('421317175', 'Marvel', 'Modzelewski', 20);
INSERT INTO Customer (customer_id, email, phone_num, postal_code, state_abbrv, city, street) VALUES (21, 'lpapasergi@xx-zobam.com', '5955574285', '98014', 'CA', 'North Las Vegas', '1507 21-street');
INSERT INTO Individual (ssn, firstname, lastname, customer_id) VALUES ('131693048', 'Joanna', 'Bookamer', 21);
INSERT INTO Customer (customer_id, email, phone_num, postal_code, state_abbrv, city, street) VALUES (22, NULL, '5141780173', '36924', 'FL', 'Orlando', '8264 18-street');
INSERT INTO Individual (ssn, firstname, lastname, customer_id) VALUES ('202765813', 'Denise', 'Stockham', 22);
INSERT INTO Customer (customer_id, email, phone_num, postal_code, state_abbrv, city, street) VALUES (23, 'cstenseth@stanredtax.com', '7260043347', '33559', 'CA', 'Miami', '7744 3-street');
INSERT INTO Individual (ssn, firstname, lastname, customer_id) VALUES ('625257885', 'Jaclyn', 'Shire', 23);
INSERT INTO Customer (customer_id, email, phone_num, postal_code, state_abbrv, city, street) VALUES (24, 'tmiceli@sunnamplex.com', '8984412150', '64342', 'OH', 'Stockton', '5853 13-street');
INSERT INTO Individual (ssn, firstname, lastname, customer_id) VALUES ('329866577', 'Claribel', 'Funnell', 24);
INSERT INTO Customer (customer_id, email, phone_num, postal_code, state_abbrv, city, street) VALUES (25, NULL, '0656558423', '81976', 'TX', 'Baton Rouge', '7837 19-street');
INSERT INTO Individual (ssn, firstname, lastname, customer_id) VALUES ('122131537', 'Jesusita', 'Klusman', 25);
INSERT INTO Customer (customer_id, email, phone_num, postal_code, state_abbrv, city, street) VALUES (26, 'jleto@sunnamplex.com', '0814324991', '30792', 'VA', 'Boise City', '8669 4-street');
INSERT INTO Individual (ssn, firstname, lastname, customer_id) VALUES ('903089507', 'Selma', 'Good', 26);
INSERT INTO Customer (customer_id, email, phone_num, postal_code, state_abbrv, city, street) VALUES (27, NULL, '1689169353', '12549', 'NJ', 'Buffalo', '3238 19-street');
INSERT INTO Individual (ssn, firstname, lastname, customer_id) VALUES ('949050865', 'Glory', 'Cork', 27);
INSERT INTO Customer (customer_id, email, phone_num, postal_code, state_abbrv, city, street) VALUES (28, 'fsergi@finhigh.com', '0467638200', '34756', 'CA', 'North Las Vegas', '331 17-street');
INSERT INTO Individual (ssn, firstname, lastname, customer_id) VALUES ('084398382', 'Lorean', 'Keetch', 28);
INSERT INTO Customer (customer_id, email, phone_num, postal_code, state_abbrv, city, street) VALUES (29, 'jschnitzler@rantouch.com', '4400263358', '01238', 'KY', 'Corpus Christi', '2742 5-street');
INSERT INTO Individual (ssn, firstname, lastname, customer_id) VALUES ('168032201', 'Hillary', 'Colla', 29);
INSERT INTO Customer (customer_id, email, phone_num, postal_code, state_abbrv, city, street) VALUES (30, 'jsamara@dalttechnology.com', '5896675100', '94837', 'ID', 'Fremont', '932 21-street');
INSERT INTO Individual (ssn, firstname, lastname, customer_id) VALUES ('904213466', 'Minna', 'Fredicks', 30);
INSERT INTO Customer (customer_id, email, phone_num, postal_code, state_abbrv, city, street) VALUES (31, 'croyster@rangreen.com', '6490512595', '38538', 'NC', 'Toledo', '7732 15-street');
INSERT INTO Individual (ssn, firstname, lastname, customer_id) VALUES ('410614165', 'Buddy', 'Dhamer', 31);
INSERT INTO Customer (customer_id, email, phone_num, postal_code, state_abbrv, city, street) VALUES (32, 'csayaphon@sunnamplex.com', '8910285656', '70674', 'NC', 'Toledo', '9399 18-street');
INSERT INTO Individual (ssn, firstname, lastname, customer_id) VALUES ('823731374', 'Lilli', 'Mulqueen', 32);
INSERT INTO Customer (customer_id, email, phone_num, postal_code, state_abbrv, city, street) VALUES (33, 'ceschberger@plussunin.com', '4812005382', '47792', 'TX', 'Newark', '7264 1-street');
INSERT INTO Individual (ssn, firstname, lastname, customer_id) VALUES ('977074594', 'Art', 'Auber', 33);
INSERT INTO Customer (customer_id, email, phone_num, postal_code, state_abbrv, city, street) VALUES (34, 'rlayous@gogozoom.com', '6320808517', '62322', 'MO', 'Santa Ana', '9701 12-street');
INSERT INTO Individual (ssn, firstname, lastname, customer_id) VALUES ('591437032', 'Sylvie', 'Benimadho', 34);
INSERT INTO Customer (customer_id, email, phone_num, postal_code, state_abbrv, city, street) VALUES (35, 'hcoody@dalttechnology.com', '1968594536', '69586', 'NC', 'Toledo', '6921 21-street');
INSERT INTO Individual (ssn, firstname, lastname, customer_id) VALUES ('482826267', 'Selma', 'Sama', 35);
INSERT INTO Customer (customer_id, email, phone_num, postal_code, state_abbrv, city, street) VALUES (36, 'kauffrey@blackzim.com', '8322259144', '85460', 'TX', 'Newark', '4347 3-street');
INSERT INTO Individual (ssn, firstname, lastname, customer_id) VALUES ('871506293', 'Gary', 'Whobrey', 36);
INSERT INTO Customer (customer_id, email, phone_num, postal_code, state_abbrv, city, street) VALUES (37, 'nfrey@inity.com', '2104343294', '65360', 'MN', 'Cincinnati', '226 10-street');
INSERT INTO Individual (ssn, firstname, lastname, customer_id) VALUES ('058642805', 'Virgie', 'Pedrozo', 37);
INSERT INTO Customer (customer_id, email, phone_num, postal_code, state_abbrv, city, street) VALUES (38, 'vbirkner@condax.com', '1123108997', '56826', 'AK', 'Pittsburgh', '8368 3-street');
INSERT INTO Individual (ssn, firstname, lastname, customer_id) VALUES ('867022384', 'Theodora', 'Feichtner', 38);
INSERT INTO Customer (customer_id, email, phone_num, postal_code, state_abbrv, city, street) VALUES (39, 'lgibes@nam-zim.com', '4929305083', '33326', 'IN', 'Indianapolis', '3166 17-street');
INSERT INTO Individual (ssn, firstname, lastname, customer_id) VALUES ('834838480', 'Jutta', 'Callaro', 39);
INSERT INTO Customer (customer_id, email, phone_num, postal_code, state_abbrv, city, street) VALUES (40, 'jnayar@finjob.com', '9361449889', '91646', 'CA', 'North Las Vegas', '2355 1-street');
INSERT INTO Individual (ssn, firstname, lastname, customer_id) VALUES ('087754715', 'Cory', 'Neither', 40);
INSERT INTO Customer (customer_id, email, phone_num, postal_code, state_abbrv, city, street) VALUES (41, 'wfeichtner@bioplex.com', '1170430351', '96250', 'TX', 'Madison', '1681 9-street');
INSERT INTO Individual (ssn, firstname, lastname, customer_id) VALUES ('749527903', 'Selma', 'Cookey', 41);
INSERT INTO Customer (customer_id, email, phone_num, postal_code, state_abbrv, city, street) VALUES (42, 'spedrozo@blackzim.com', '3508135895', '45949', 'OH', 'Stockton', '3004 17-street');
INSERT INTO Individual (ssn, firstname, lastname, customer_id) VALUES ('559840282', 'Leota', 'Kulzer', 42);
INSERT INTO Customer (customer_id, email, phone_num, postal_code, state_abbrv, city, street) VALUES (43, 'jmastella@betasoloin.com', '9722599285', '98509', 'GA', 'Virginia Beach', '794 10-street');
INSERT INTO Individual (ssn, firstname, lastname, customer_id) VALUES ('289098127', 'Selma', 'Frey', 43);
INSERT INTO Customer (customer_id, email, phone_num, postal_code, state_abbrv, city, street) VALUES (44, 'jnestle@statholdings.com', '5613254267', '29793', 'GA', 'Virginia Beach', '4883 10-street');
INSERT INTO Individual (ssn, firstname, lastname, customer_id) VALUES ('929692063', 'Audry', 'Rhym', 44);
INSERT INTO Customer (customer_id, email, phone_num, postal_code, state_abbrv, city, street) VALUES (45, NULL, '1085747790', '19876', 'AZ', 'St. Petersburg', '9381 5-street');
INSERT INTO Individual (ssn, firstname, lastname, customer_id) VALUES ('171523874', 'Rhea', 'Menter', 45);
INSERT INTO Customer (customer_id, email, phone_num, postal_code, state_abbrv, city, street) VALUES (46, 'jacuff@opentech.com', '2334976480', '08981', 'NY', 'New York', '6713 13-street');
INSERT INTO Individual (ssn, firstname, lastname, customer_id) VALUES ('779146875', 'Rebecka', 'Keneipp', 46);
INSERT INTO Customer (customer_id, email, phone_num, postal_code, state_abbrv, city, street) VALUES (47, 'sgarufi@plexzap.com', '8256013766', '96890', 'TN', 'Boston', '8238 11-street');
INSERT INTO Individual (ssn, firstname, lastname, customer_id) VALUES ('061387114', 'Trinidad', 'Linahan', 47);
INSERT INTO Customer (customer_id, email, phone_num, postal_code, state_abbrv, city, street) VALUES (48, 'mdilliard@dalttechnology.com', '4602308195', '98445', 'TX', 'San Antonio', '1275 12-street');
INSERT INTO Individual (ssn, firstname, lastname, customer_id) VALUES ('682584187', 'Christiane', 'Good', 48);
INSERT INTO Customer (customer_id, email, phone_num, postal_code, state_abbrv, city, street) VALUES (49, 'gstoltzman@newex.com', '4394211945', '55787', 'CA', 'Aurora', '2071 9-street');
INSERT INTO Individual (ssn, firstname, lastname, customer_id) VALUES ('556570812', 'Diane', 'Lukasik', 49);
INSERT INTO Customer (customer_id, email, phone_num, postal_code, state_abbrv, city, street) VALUES (50, 'akorando@opentech.com', '7900838632', '60291', 'MO', 'Long Beach', '6248 9-street');
INSERT INTO Individual (ssn, firstname, lastname, customer_id) VALUES ('963631015', 'Shonda', 'Schoeneck', 50);
INSERT INTO Customer (customer_id, email, phone_num, postal_code, state_abbrv, city, street) VALUES (51, 'vheimann@bioholding.com', '6349700782', '86759', 'TX', 'Fort Worth', '3898 18-street');
INSERT INTO Individual (ssn, firstname, lastname, customer_id) VALUES ('477077414', 'Keneth', 'Ankeny', 51);
INSERT INTO Customer (customer_id, email, phone_num, postal_code, state_abbrv, city, street) VALUES (52, 'adegonia@ontomedia.com', '1217438715', '98903', 'FL', 'Orlando', '6914 10-street');
INSERT INTO Individual (ssn, firstname, lastname, customer_id) VALUES ('510679263', 'Carey', 'Ferencz', 52);
INSERT INTO Customer (customer_id, email, phone_num, postal_code, state_abbrv, city, street) VALUES (53, 'rhudnall@xx-zobam.com', '1801484084', '40420', 'OK', 'Minneapolis', '2190 20-street');
INSERT INTO Individual (ssn, firstname, lastname, customer_id) VALUES ('804718897', 'Josephine', 'Schnitzler', 53);
INSERT INTO Customer (customer_id, email, phone_num, postal_code, state_abbrv, city, street) VALUES (54, 'epaulas@gogozoom.com', '4608006114', '65103', 'FL', 'Raleigh', '7220 4-street');
INSERT INTO Individual (ssn, firstname, lastname, customer_id) VALUES ('349754202', 'Merilyn', 'Frerking', 54);
INSERT INTO Customer (customer_id, email, phone_num, postal_code, state_abbrv, city, street) VALUES (55, 'gvinning@ganjaflex.com', '1077923229', '47052', 'CA', 'San Diego', '8735 11-street');
INSERT INTO Individual (ssn, firstname, lastname, customer_id) VALUES ('754703247', 'Gail', 'Rodenberger', 55);
INSERT INTO Customer (customer_id, email, phone_num, postal_code, state_abbrv, city, street) VALUES (56, 'ajurney@conecom.com', '0903887990', '38092', 'TX', 'El Paso', '7958 12-street');
INSERT INTO Individual (ssn, firstname, lastname, customer_id) VALUES ('769826911', 'Deandrea', 'Eroman', 56);
INSERT INTO Customer (customer_id, email, phone_num, postal_code, state_abbrv, city, street) VALUES (57, 'mdinos@kinnamplus.com', '6263713077', '61376', 'MO', 'Santa Ana', '4001 11-street');
INSERT INTO Individual (ssn, firstname, lastname, customer_id) VALUES ('189578947', 'Kristeen', 'Stuer', 57);
INSERT INTO Customer (customer_id, email, phone_num, postal_code, state_abbrv, city, street) VALUES (58, 'nshields@bioholding.com', '1176354167', '09144', 'NV', 'Portland', '1871 21-street');
INSERT INTO Individual (ssn, firstname, lastname, customer_id) VALUES ('554682995', 'Lorrine', 'Harnos', 58);
INSERT INTO Customer (customer_id, email, phone_num, postal_code, state_abbrv, city, street) VALUES (59, 'hogg@gogozoom.com', '6259416992', '68354', 'NM', 'Milwaukee', '5891 20-street');
INSERT INTO Individual (ssn, firstname, lastname, customer_id) VALUES ('022691032', 'Kate', 'Mcrae', 59);
INSERT INTO Customer (customer_id, email, phone_num, postal_code, state_abbrv, city, street) VALUES (60, 'ckines@goodsilron.com', '1817842764', '58570', 'IN', 'Chula Vista', '7185 12-street');
INSERT INTO Individual (ssn, firstname, lastname, customer_id) VALUES ('531825735', 'Dominque', 'Mccullan', 60);
INSERT INTO Customer (customer_id, email, phone_num, postal_code, state_abbrv, city, street) VALUES (61, 'dfunnell@finhigh.com', '7405486454', '88405', 'CA', 'Jersey City', '5755 7-street');
INSERT INTO Individual (ssn, firstname, lastname, customer_id) VALUES ('749032405', 'France', 'Hiatt', 61);
INSERT INTO Customer (customer_id, email, phone_num, postal_code, state_abbrv, city, street) VALUES (62, NULL, '8977302901', '36926', 'NY', 'New York', '5346 1-street');
INSERT INTO Individual (ssn, firstname, lastname, customer_id) VALUES ('303794079', 'James', 'Wrinkles', 62);
INSERT INTO Customer (customer_id, email, phone_num, postal_code, state_abbrv, city, street) VALUES (63, 'gferrario@scottech.com', '0597353386', '01712', 'LA', 'Arlington', '3919 20-street');
INSERT INTO Individual (ssn, firstname, lastname, customer_id) VALUES ('334676702', 'Junita', 'Schirpke', 63);
INSERT INTO Customer (customer_id, email, phone_num, postal_code, state_abbrv, city, street) VALUES (64, 'dventura@zoomit.com', '2825276210', '99530', 'CO', 'Denver', '3643 18-street');
INSERT INTO Individual (ssn, firstname, lastname, customer_id) VALUES ('275817531', 'Cristal', 'Menter', 64);
INSERT INTO Customer (customer_id, email, phone_num, postal_code, state_abbrv, city, street) VALUES (65, 'jmconnell@zumgoity.com', '0242885009', '82792', 'IN', 'Indianapolis', '548 13-street');
INSERT INTO Individual (ssn, firstname, lastname, customer_id) VALUES ('586117167', 'Theodora', 'Lizama', 65);
INSERT INTO Customer (customer_id, email, phone_num, postal_code, state_abbrv, city, street) VALUES (66, 'ljillson@rantouch.com', '7801786732', '48910', 'CA', 'Sacramento', '9343 16-street');
INSERT INTO Individual (ssn, firstname, lastname, customer_id) VALUES ('143539190', 'Yuki', 'Semidey', 66);
INSERT INTO Customer (customer_id, email, phone_num, postal_code, state_abbrv, city, street) VALUES (67, 'phellickson@newex.com', '1829717985', '80154', 'NV', 'Scottsdale', '3115 4-street');
INSERT INTO Individual (ssn, firstname, lastname, customer_id) VALUES ('575329711', 'Merlyn', 'Claucherty', 67);
INSERT INTO Customer (customer_id, email, phone_num, postal_code, state_abbrv, city, street) VALUES (68, NULL, '1065973398', '30777', 'WI', 'Durham', '4116 2-street');
INSERT INTO Individual (ssn, firstname, lastname, customer_id) VALUES ('519824004', 'Lemuel', 'Suffield', 68);
INSERT INTO Customer (customer_id, email, phone_num, postal_code, state_abbrv, city, street) VALUES (69, 'spedrozo@hatfan.com', '5100376271', '79435', 'TX', 'Wichita', '1766 21-street');
INSERT INTO Individual (ssn, firstname, lastname, customer_id) VALUES ('988602508', 'Daniela', 'Arceo', 69);
INSERT INTO Customer (customer_id, email, phone_num, postal_code, state_abbrv, city, street) VALUES (70, 'tinouye@funholding.com', '8957338465', '89764', 'TX', 'Glendale', '7255 2-street');
INSERT INTO Individual (ssn, firstname, lastname, customer_id) VALUES ('631146418', 'Whitley', 'Eschberger', 70);
INSERT INTO Customer (customer_id, email, phone_num, postal_code, state_abbrv, city, street) VALUES (71, 'wbevelacqua@ron-tech.com', '9735298119', '05516', 'NV', 'Scottsdale', '2234 17-street');
INSERT INTO Individual (ssn, firstname, lastname, customer_id) VALUES ('692263332', 'Nelida', 'Angalich', 71);
INSERT INTO Customer (customer_id, email, phone_num, postal_code, state_abbrv, city, street) VALUES (72, 'twaycott@blackzim.com', '1228086232', '43987', 'CA', 'North Las Vegas', '6871 19-street');
INSERT INTO Individual (ssn, firstname, lastname, customer_id) VALUES ('283775388', 'Mireya', 'Gwalthney', 72);
INSERT INTO Customer (customer_id, email, phone_num, postal_code, state_abbrv, city, street) VALUES (73, 'gfortino@mathtouch.com', '7834697624', '02323', 'NY', 'Lincoln', '6803 19-street');
INSERT INTO Individual (ssn, firstname, lastname, customer_id) VALUES ('874758244', 'Bobbye', 'Demesa', 73);
INSERT INTO Customer (customer_id, email, phone_num, postal_code, state_abbrv, city, street) VALUES (74, 'lhirpara@betasoloin.com', '9300943920', '95862', 'NY', 'Lincoln', '7066 15-street');
INSERT INTO Individual (ssn, firstname, lastname, customer_id) VALUES ('694670985', 'Katina', 'Monarrez', 74);
INSERT INTO Customer (customer_id, email, phone_num, postal_code, state_abbrv, city, street) VALUES (75, 'ecolaizzo@ontomedia.com', '1683483128', '53017', 'MD', 'Nashville-Davidson', '7285 4-street');
INSERT INTO Individual (ssn, firstname, lastname, customer_id) VALUES ('672131657', 'Jesusa', 'Sarbacher', 75);
INSERT INTO Customer (customer_id, email, phone_num, postal_code, state_abbrv, city, street) VALUES (76, 'cangalich@finjob.com', '0466313928', '82782', 'AZ', 'Phoenix', '5888 11-street');
INSERT INTO Individual (ssn, firstname, lastname, customer_id) VALUES ('697442617', 'Fabiola', 'Saras', 76);
INSERT INTO Customer (customer_id, email, phone_num, postal_code, state_abbrv, city, street) VALUES (77, 'lcaiafa@hatfan.com', '1170490673', '65345', 'TX', 'Riverside', '6778 20-street');
INSERT INTO Individual (ssn, firstname, lastname, customer_id) VALUES ('454486466', 'Karl', 'Shinko', 77);
INSERT INTO Customer (customer_id, email, phone_num, postal_code, state_abbrv, city, street) VALUES (78, 'abatman@zoomit.com', '4670088336', '33071', 'IL', 'Chicago', '9964 20-street');
INSERT INTO Individual (ssn, firstname, lastname, customer_id) VALUES ('917146407', 'Rebecka', 'Jacobos', 78);
INSERT INTO Customer (customer_id, email, phone_num, postal_code, state_abbrv, city, street) VALUES (79, 'lbartolet@sunnamplex.com', '9549972497', '35785', 'VA', 'Laredo', '3254 20-street');
INSERT INTO Individual (ssn, firstname, lastname, customer_id) VALUES ('047228901', 'Melissa', 'Corbley', 79);
INSERT INTO Customer (customer_id, email, phone_num, postal_code, state_abbrv, city, street) VALUES (80, 'rkeneipp@dambase.com', '3651069525', '09323', 'TX', 'Houston', '170 20-street');
INSERT INTO Individual (ssn, firstname, lastname, customer_id) VALUES ('532449344', 'Annmarie', 'Greenbush', 80);
INSERT INTO Customer (customer_id, email, phone_num, postal_code, state_abbrv, city, street) VALUES (81, 'cjulia@sunnamplex.com', '1139247686', '33074', 'CA', 'Aurora', '8328 5-street');
INSERT INTO Individual (ssn, firstname, lastname, customer_id) VALUES ('203112624', 'Lashandra', 'Scipione', 81);
INSERT INTO Customer (customer_id, email, phone_num, postal_code, state_abbrv, city, street) VALUES (82, 'rhirpara@bioplex.com', '7184552301', '20612', 'NC', 'Charlotte', '7949 14-street');
INSERT INTO Individual (ssn, firstname, lastname, customer_id) VALUES ('633816225', 'Valentine', 'Lipke', 82);
INSERT INTO Customer (customer_id, email, phone_num, postal_code, state_abbrv, city, street) VALUES (83, 'mtoyama@green-plus.com', '9361882633', '28783', 'CA', 'Lubbock', '2742 21-street');
INSERT INTO Individual (ssn, firstname, lastname, customer_id) VALUES ('181883107', 'Jade', 'Acey', 83);
INSERT INTO Customer (customer_id, email, phone_num, postal_code, state_abbrv, city, street) VALUES (84, 'wpadilla@green-plus.com', '7523122488', '88277', 'CA', 'San Jose', '4288 12-street');
INSERT INTO Individual (ssn, firstname, lastname, customer_id) VALUES ('002868452', 'Elli', 'Monterrubio', 84);
INSERT INTO Customer (customer_id, email, phone_num, postal_code, state_abbrv, city, street) VALUES (85, 'choneywell@kinnamplus.com', '5853737277', '60782', 'IN', 'Chula Vista', '3030 7-street');
INSERT INTO Individual (ssn, firstname, lastname, customer_id) VALUES ('325090516', 'Kati', 'Kines', 85);
INSERT INTO Customer (customer_id, email, phone_num, postal_code, state_abbrv, city, street) VALUES (86, 'abrachle@plusstrip.com', '1371553680', '12323', 'MA', 'Washington', '5656 18-street');
INSERT INTO Individual (ssn, firstname, lastname, customer_id) VALUES ('649248115', 'Arminda', 'Centini', 86);
INSERT INTO Customer (customer_id, email, phone_num, postal_code, state_abbrv, city, street) VALUES (87, 'cherritt@y-corporation.com', '2425224163', '07666', 'AK', 'Pittsburgh', '2995 19-street');
INSERT INTO Individual (ssn, firstname, lastname, customer_id) VALUES ('914475403', 'Leonora', 'Flosi', 87);
INSERT INTO Customer (customer_id, email, phone_num, postal_code, state_abbrv, city, street) VALUES (88, NULL, '2816091712', '09749', 'PA', 'Lexington-Fayette', '1344 18-street');
INSERT INTO Individual (ssn, firstname, lastname, customer_id) VALUES ('980497412', 'Georgene', 'Lindall', 88);
INSERT INTO Customer (customer_id, email, phone_num, postal_code, state_abbrv, city, street) VALUES (89, 'vnachor@bioplex.com', '5817397533', '90391', 'VA', 'Mesa', '1559 16-street');
INSERT INTO Individual (ssn, firstname, lastname, customer_id) VALUES ('031943406', 'Felix', 'Kiel', 89);
INSERT INTO Customer (customer_id, email, phone_num, postal_code, state_abbrv, city, street) VALUES (90, 'dskulski@streethex.com', '5459856318', '00030', 'FL', 'Orlando', '4731 20-street');
INSERT INTO Individual (ssn, firstname, lastname, customer_id) VALUES ('585189026', 'Merilyn', 'Ennaco', 90);
INSERT INTO Customer (customer_id, email, phone_num, postal_code, state_abbrv, city, street) VALUES (91, 'sdiscipio@plexzap.com', '2210641884', '57193', 'CA', 'North Las Vegas', '5492 6-street');
INSERT INTO Individual (ssn, firstname, lastname, customer_id) VALUES ('106986447', 'Carmela', 'Asar', 91);
INSERT INTO Customer (customer_id, email, phone_num, postal_code, state_abbrv, city, street) VALUES (92, 'cpatak@rangreen.com', '7656037594', '51984', 'KY', 'Corpus Christi', '1128 20-street');
INSERT INTO Individual (ssn, firstname, lastname, customer_id) VALUES ('053642897', 'Vallie', 'Dickerson', 92);
INSERT INTO Customer (customer_id, email, phone_num, postal_code, state_abbrv, city, street) VALUES (93, 'hkiel@funholding.com', '3640546629', '74576', 'TX', 'Austin', '6436 9-street');
INSERT INTO Individual (ssn, firstname, lastname, customer_id) VALUES ('891133996', 'Pamella', 'Morocco', 93);
INSERT INTO Customer (customer_id, email, phone_num, postal_code, state_abbrv, city, street) VALUES (94, 'asarbacher@rantouch.com', '0789548438', '14871', 'NE', 'Henderson', '1051 11-street');
INSERT INTO Individual (ssn, firstname, lastname, customer_id) VALUES ('860241229', 'Amber', 'Stuer', 94);
INSERT INTO Customer (customer_id, email, phone_num, postal_code, state_abbrv, city, street) VALUES (95, NULL, '2578818329', '66507', 'FL', 'Bakersfield', '7990 7-street');
INSERT INTO Individual (ssn, firstname, lastname, customer_id) VALUES ('778214839', 'Markus', 'Mai', 95);
INSERT INTO Customer (customer_id, email, phone_num, postal_code, state_abbrv, city, street) VALUES (96, 'jcork@mathtouch.com', '5884244384', '43728', 'NJ', 'Greensboro', '4176 10-street');
INSERT INTO Individual (ssn, firstname, lastname, customer_id) VALUES ('847939559', 'Nelida', 'Monarrez', 96);
INSERT INTO Customer (customer_id, email, phone_num, postal_code, state_abbrv, city, street) VALUES (97, 'gisaacs@konex.com', '6904100398', '72672', 'TX', 'Chandler', '6332 9-street');
INSERT INTO Individual (ssn, firstname, lastname, customer_id) VALUES ('157634981', 'Felix', 'Gehrett', 97);
INSERT INTO Customer (customer_id, email, phone_num, postal_code, state_abbrv, city, street) VALUES (98, 'tfrey@ganjaflex.com', '9460669923', '29229', 'FL', 'Jacksonville', '3462 14-street');
INSERT INTO Individual (ssn, firstname, lastname, customer_id) VALUES ('491580595', 'Cecil', 'Kampa', 98);
INSERT INTO Customer (customer_id, email, phone_num, postal_code, state_abbrv, city, street) VALUES (99, 'ghoa@zathunicon.com', '3636283568', '99247', 'OH', 'Columbus', '1586 2-street');
INSERT INTO Individual (ssn, firstname, lastname, customer_id) VALUES ('740611372', 'Thaddeus', 'Smith', 99);
INSERT INTO Customer (customer_id, email, phone_num, postal_code, state_abbrv, city, street) VALUES (100, 'snachor@silis.com', '1312148301', '59453', 'KY', 'Corpus Christi', '8694 7-street');
INSERT INTO Individual (ssn, firstname, lastname, customer_id) VALUES ('395276449', 'Whitley', 'Smith', 100);
INSERT INTO Customer (customer_id, email, phone_num, postal_code, state_abbrv, city, street) VALUES (101, NULL, '2245683180', '74983', 'CA', 'Tucson', '2262 3-street');
INSERT INTO Individual (ssn, firstname, lastname, customer_id) VALUES ('812418597', 'Fletcher', 'Semidey', 101);
INSERT INTO Customer (customer_id, email, phone_num, postal_code, state_abbrv, city, street) VALUES (102, 'nbennick@dambase.com', '9101208590', '36739', 'VA', 'Laredo', '8852 18-street');
INSERT INTO Individual (ssn, firstname, lastname, customer_id) VALUES ('138971205', 'Mari', 'Pagliuca', 102);
INSERT INTO Customer (customer_id, email, phone_num, postal_code, state_abbrv, city, street) VALUES (103, 'bwildfong@betasoloin.com', '5398417387', '37264', 'CA', 'Anaheim', '8858 10-street');
INSERT INTO Individual (ssn, firstname, lastname, customer_id) VALUES ('575054568', 'Simona', 'Tillotson', 103);
INSERT INTO Customer (customer_id, email, phone_num, postal_code, state_abbrv, city, street) VALUES (104, 'asaulter@ontomedia.com', '5770807007', '44315', 'CA', 'St. Louis', '7757 6-street');
INSERT INTO Individual (ssn, firstname, lastname, customer_id) VALUES ('524692391', 'Art', 'Ragel', 104);
INSERT INTO Customer (customer_id, email, phone_num, postal_code, state_abbrv, city, street) VALUES (105, 'gmanno@dalttechnology.com', '8110824457', '40775', 'TX', 'Houston', '6308 19-street');
INSERT INTO Individual (ssn, firstname, lastname, customer_id) VALUES ('704558763', 'Novella', 'Upthegrove', 105);
INSERT INTO Customer (customer_id, email, phone_num, postal_code, state_abbrv, city, street) VALUES (106, 'mbrucato@golddex.com', '8937210775', '41110', 'AK', 'Pittsburgh', '7631 13-street');
INSERT INTO Individual (ssn, firstname, lastname, customer_id) VALUES ('190151970', 'Yoko', 'Sergi', 106);
INSERT INTO Customer (customer_id, email, phone_num, postal_code, state_abbrv, city, street) VALUES (107, 'rgarufi@zathunicon.com', '0894483222', '78181', 'OK', 'Baltimore', '7849 7-street');
INSERT INTO Individual (ssn, firstname, lastname, customer_id) VALUES ('033375455', 'Jina', 'Coody', 107);
INSERT INTO Customer (customer_id, email, phone_num, postal_code, state_abbrv, city, street) VALUES (108, 'vvenere@rantouch.com', '0912394561', '03326', 'FL', 'Fort Wayne', '3021 16-street');
INSERT INTO Individual (ssn, firstname, lastname, customer_id) VALUES ('983685043', 'Bobbye', 'Storment', 108);
INSERT INTO Customer (customer_id, email, phone_num, postal_code, state_abbrv, city, street) VALUES (109, 'smadarang@zathunicon.com', '9782069156', '84683', 'CO', 'Honolulu', '1864 13-street');
INSERT INTO Individual (ssn, firstname, lastname, customer_id) VALUES ('416352320', 'Matthew', 'Adkin', 109);
INSERT INTO Customer (customer_id, email, phone_num, postal_code, state_abbrv, city, street) VALUES (110, NULL, '2590705365', '26861', 'IN', 'Chula Vista', '2013 5-street');
INSERT INTO Individual (ssn, firstname, lastname, customer_id) VALUES ('629812240', 'Frederica', 'Arias', 110);
INSERT INTO Customer (customer_id, email, phone_num, postal_code, state_abbrv, city, street) VALUES (111, NULL, '4898052609', '09862', 'KY', 'Oklahoma City', '709 20-street');
INSERT INTO Individual (ssn, firstname, lastname, customer_id) VALUES ('566053758', 'Glenna', 'Wieser', 111);
INSERT INTO Customer (customer_id, email, phone_num, postal_code, state_abbrv, city, street) VALUES (112, 'dbubash@xx-zobam.com', '1091442540', '65575', 'NJ', 'Greensboro', '4409 5-street');
INSERT INTO Individual (ssn, firstname, lastname, customer_id) VALUES ('766904975', 'Roselle', 'Sarao', 112);
INSERT INTO Customer (customer_id, email, phone_num, postal_code, state_abbrv, city, street) VALUES (113, 'ngalam@goodsilron.com', '3180161472', '02764', 'IL', 'Chicago', '1690 21-street');
INSERT INTO Individual (ssn, firstname, lastname, customer_id) VALUES ('938929270', 'Cecilia', 'Chaffins', 113);
INSERT INTO Customer (customer_id, email, phone_num, postal_code, state_abbrv, city, street) VALUES (114, 'islayton@zoomit.com', '9632103750', '45362', 'FL', 'Orlando', '1417 19-street');
INSERT INTO Individual (ssn, firstname, lastname, customer_id) VALUES ('755152368', 'Gracia', 'Stem', 114);
INSERT INTO Customer (customer_id, email, phone_num, postal_code, state_abbrv, city, street) VALUES (115, 'lsamu@donware.com', '7265804718', '91877', 'TX', 'Baton Rouge', '6833 8-street');
INSERT INTO Individual (ssn, firstname, lastname, customer_id) VALUES ('876465935', 'Chaya', 'Heimann', 115);
INSERT INTO Customer (customer_id, email, phone_num, postal_code, state_abbrv, city, street) VALUES (116, 'jlungren@rantouch.com', '0140474758', '55865', 'MN', 'Cincinnati', '6007 9-street');
INSERT INTO Individual (ssn, firstname, lastname, customer_id) VALUES ('072491401', 'Jennifer', 'Farrar', 116);
INSERT INTO Customer (customer_id, email, phone_num, postal_code, state_abbrv, city, street) VALUES (117, NULL, '1680502564', '23536', 'NE', 'Henderson', '3080 1-street');
INSERT INTO Individual (ssn, firstname, lastname, customer_id) VALUES ('025917237', 'Cherry', 'Wenner', 117);
INSERT INTO Customer (customer_id, email, phone_num, postal_code, state_abbrv, city, street) VALUES (118, NULL, '3644549302', '64546', 'NE', 'Colorado Springs', '7336 9-street');
INSERT INTO Individual (ssn, firstname, lastname, customer_id) VALUES ('538226089', 'Linn', 'Jurney', 118);
INSERT INTO Customer (customer_id, email, phone_num, postal_code, state_abbrv, city, street) VALUES (119, 'qmyricks@lexiqvolax.com', '0891392619', '42364', 'LA', 'Gilbert', '3555 7-street');
INSERT INTO Individual (ssn, firstname, lastname, customer_id) VALUES ('746564763', 'Jesusita', 'Shadrick', 119);
INSERT INTO Customer (customer_id, email, phone_num, postal_code, state_abbrv, city, street) VALUES (120, 'cmaile@isdom.com', '1164666320', '27975', 'NM', 'Milwaukee', '8477 7-street');
INSERT INTO Individual (ssn, firstname, lastname, customer_id) VALUES ('590937909', 'Christiane', 'Calvaresi', 120);
INSERT INTO Customer (customer_id, email, phone_num, postal_code, state_abbrv, city, street) VALUES (121, 'kgalam@dontechi.com', '1738841851', '46034', 'NJ', 'Greensboro', '1139 2-street');
INSERT INTO Individual (ssn, firstname, lastname, customer_id) VALUES ('595283241', 'Salena', 'Rhoden', 121);
INSERT INTO Customer (customer_id, email, phone_num, postal_code, state_abbrv, city, street) VALUES (122, 'ebartolet@finhigh.com', '4827078697', '05261', 'AZ', 'Irving', '859 6-street');
INSERT INTO Individual (ssn, firstname, lastname, customer_id) VALUES ('615376231', 'Justine', 'Rhymes', 122);
INSERT INTO Customer (customer_id, email, phone_num, postal_code, state_abbrv, city, street) VALUES (123, 'eboord@ron-tech.com', '6888098156', '46293', 'MA', 'Washington', '1191 10-street');
INSERT INTO Individual (ssn, firstname, lastname, customer_id) VALUES ('626322844', 'Pete', 'Gotter', 123);
INSERT INTO Customer (customer_id, email, phone_num, postal_code, state_abbrv, city, street) VALUES (124, 'jemigh@betatech.com', '3691474461', '71766', 'TX', 'Austin', '2138 12-street');
INSERT INTO Individual (ssn, firstname, lastname, customer_id) VALUES ('101246549', 'Gracia', 'Rochin', 124);
INSERT INTO Customer (customer_id, email, phone_num, postal_code, state_abbrv, city, street) VALUES (125, 'choa@plexzap.com', '9946910668', '52004', 'AZ', 'Kansas City', '9216 13-street');
INSERT INTO Individual (ssn, firstname, lastname, customer_id) VALUES ('589074337', 'Lashaunda', 'Rim', 125);
INSERT INTO Customer (customer_id, email, phone_num, postal_code, state_abbrv, city, street) VALUES (126, 'lworlds@rantouch.com', '5588433280', '38037', 'VA', 'Laredo', '5984 5-street');
INSERT INTO Individual (ssn, firstname, lastname, customer_id) VALUES ('811807619', 'Joanna', 'Storment', 126);
INSERT INTO Customer (customer_id, email, phone_num, postal_code, state_abbrv, city, street) VALUES (127, 'tnicolozakes@finhigh.com', '1085130712', '04907', 'CA', 'Aurora', '8100 12-street');
INSERT INTO Individual (ssn, firstname, lastname, customer_id) VALUES ('580630500', 'Goldie', 'Mconnell', 127);
INSERT INTO Customer (customer_id, email, phone_num, postal_code, state_abbrv, city, street) VALUES (128, 'jfallick@donware.com', '4866189416', '08322', 'NM', 'Milwaukee', '6243 5-street');
INSERT INTO Individual (ssn, firstname, lastname, customer_id) VALUES ('355956538', 'Lucy', 'Tolfree', 128);
INSERT INTO Customer (customer_id, email, phone_num, postal_code, state_abbrv, city, street) VALUES (129, 'acolla@plusstrip.com', '1185192050', '90406', 'NC', 'Toledo', '6746 21-street');
INSERT INTO Individual (ssn, firstname, lastname, customer_id) VALUES ('954824113', 'Chaya', 'Morasca', 129);
INSERT INTO Customer (customer_id, email, phone_num, postal_code, state_abbrv, city, street) VALUES (130, 'bpoquette@konmatfix.com', '0561693076', '43477', 'TX', 'Baton Rouge', '5253 16-street');
INSERT INTO Individual (ssn, firstname, lastname, customer_id) VALUES ('845147047', 'Tyra', 'Glick', 130);
INSERT INTO Customer (customer_id, email, phone_num, postal_code, state_abbrv, city, street) VALUES (131, NULL, '4148871198', '52375', 'TN', 'Memphis', '1696 2-street');
INSERT INTO Individual (ssn, firstname, lastname, customer_id) VALUES ('666306027', 'Audra', 'Kines', 131);
INSERT INTO Customer (customer_id, email, phone_num, postal_code, state_abbrv, city, street) VALUES (132, 'amenter@dontechi.com', '9141180102', '02605', 'AK', 'Pittsburgh', '4150 4-street');
INSERT INTO Individual (ssn, firstname, lastname, customer_id) VALUES ('114811225', 'Cammy', 'Denooyer', 132);
INSERT INTO Customer (customer_id, email, phone_num, postal_code, state_abbrv, city, street) VALUES (133, 'msteier@blackzim.com', '1042423679', '29762', 'CA', 'Tucson', '3007 13-street');
INSERT INTO Individual (ssn, firstname, lastname, customer_id) VALUES ('381212216', 'Tarra', 'Luczki', 133);
INSERT INTO Customer (customer_id, email, phone_num, postal_code, state_abbrv, city, street) VALUES (134, 'lcaiafa@hottechi.com', '2429468099', '95206', 'MN', 'Oakland', '400 18-street');
INSERT INTO Individual (ssn, firstname, lastname, customer_id) VALUES ('116667329', 'Van', 'Harabedian', 134);
INSERT INTO Customer (customer_id, email, phone_num, postal_code, state_abbrv, city, street) VALUES (135, 'tjuhas@donware.com', '1445992122', '22486', 'WA', 'Seattle', '7898 9-street');
INSERT INTO Individual (ssn, firstname, lastname, customer_id) VALUES ('725273337', 'Iluminada', 'Bevelacqua', 135);
INSERT INTO Customer (customer_id, email, phone_num, postal_code, state_abbrv, city, street) VALUES (136, 'jandreason@y-corporation.com', '6640212513', '52183', 'NY', 'Lincoln', '1368 12-street');
INSERT INTO Individual (ssn, firstname, lastname, customer_id) VALUES ('480355246', 'Leslie', 'Martabano', 136);
INSERT INTO Customer (customer_id, email, phone_num, postal_code, state_abbrv, city, street) VALUES (137, 'eacey@scottech.com', '7403437771', '68545', 'FL', 'Fort Wayne', '8350 8-street');
INSERT INTO Individual (ssn, firstname, lastname, customer_id) VALUES ('921649804', 'Bulah', 'Malet', 137);
INSERT INTO Customer (customer_id, email, phone_num, postal_code, state_abbrv, city, street) VALUES (138, 'scraghead@openlane.com', '5476869742', '70705', 'CA', 'Tucson', '4169 7-street');
INSERT INTO Individual (ssn, firstname, lastname, customer_id) VALUES ('624839974', 'Willow', 'Karpin', 138);
INSERT INTO Customer (customer_id, email, phone_num, postal_code, state_abbrv, city, street) VALUES (139, NULL, '0807831543', '15566', 'AZ', 'Winston-Salem', '9410 15-street');
INSERT INTO Individual (ssn, firstname, lastname, customer_id) VALUES ('316142239', 'Venita', 'Kannady', 139);
INSERT INTO Customer (customer_id, email, phone_num, postal_code, state_abbrv, city, street) VALUES (140, 'shagele@doncon.com', '6183733378', '23961', 'IN', 'Chula Vista', '1801 5-street');
INSERT INTO Individual (ssn, firstname, lastname, customer_id) VALUES ('945585317', 'Ernest', 'Linahan', 140);
INSERT INTO Customer (customer_id, email, phone_num, postal_code, state_abbrv, city, street) VALUES (141, 'cmalvin@iselectrics.com', '9414870716', '42779', 'CO', 'Honolulu', '9394 2-street');
INSERT INTO Individual (ssn, firstname, lastname, customer_id) VALUES ('031342737', 'Ma', 'Tegarden', 141);
INSERT INTO Customer (customer_id, email, phone_num, postal_code, state_abbrv, city, street) VALUES (142, 'bcetta@golddex.com', '4992856343', '23676', 'MO', 'Santa Ana', '7462 9-street');
INSERT INTO Individual (ssn, firstname, lastname, customer_id) VALUES ('265126799', 'Izetta', 'Radde', 142);
INSERT INTO Customer (customer_id, email, phone_num, postal_code, state_abbrv, city, street) VALUES (143, 'dflosi@zumgoity.com', '8700582840', '91866', 'CA', 'San Diego', '9741 13-street');
INSERT INTO Individual (ssn, firstname, lastname, customer_id) VALUES ('934237940', 'Johnetta', 'Farrow', 143);
INSERT INTO Customer (customer_id, email, phone_num, postal_code, state_abbrv, city, street) VALUES (144, 'gburnard@funholding.com', '7843930217', '32991', 'TX', 'San Antonio', '6552 9-street');
INSERT INTO Individual (ssn, firstname, lastname, customer_id) VALUES ('249565760', 'Raul', 'Palaspas', 144);
INSERT INTO Customer (customer_id, email, phone_num, postal_code, state_abbrv, city, street) VALUES (145, 'mpatak@year-job.com', '1857536899', '96572', 'NY', 'Lincoln', '7018 21-street');
INSERT INTO Individual (ssn, firstname, lastname, customer_id) VALUES ('043141609', 'Clay', 'Spickerman', 145);
INSERT INTO Customer (customer_id, email, phone_num, postal_code, state_abbrv, city, street) VALUES (146, 'eauffrey@zumgoity.com', '5200501532', '86282', 'AZ', 'Kansas City', '1818 20-street');
INSERT INTO Individual (ssn, firstname, lastname, customer_id) VALUES ('500034298', 'Becky', 'Schmaltz', 146);
INSERT INTO Customer (customer_id, email, phone_num, postal_code, state_abbrv, city, street) VALUES (147, 'lschieler@statholdings.com', '1928906250', '91084', 'AZ', 'Chesapeake', '9919 6-street');
INSERT INTO Individual (ssn, firstname, lastname, customer_id) VALUES ('006351430', 'Brittni', 'Dorshorst', 147);
INSERT INTO Customer (customer_id, email, phone_num, postal_code, state_abbrv, city, street) VALUES (148, NULL, '9248738221', '59955', 'TX', 'Baton Rouge', '2427 7-street');
INSERT INTO Individual (ssn, firstname, lastname, customer_id) VALUES ('003094340', 'Chanel', 'Callaro', 148);
INSERT INTO Customer (customer_id, email, phone_num, postal_code, state_abbrv, city, street) VALUES (149, 'hrowling@j-texon.com', '3155096067', '45939', 'OR', 'Louisville/Jefferson County', '9679 8-street');
INSERT INTO Individual (ssn, firstname, lastname, customer_id) VALUES ('307192832', 'Taryn', 'Benimadho', 149);
INSERT INTO Customer (customer_id, email, phone_num, postal_code, state_abbrv, city, street) VALUES (150, 'csemidey@bioholding.com', '1100081754', '29707', 'CA', 'Jersey City', '8093 5-street');
INSERT INTO Individual (ssn, firstname, lastname, customer_id) VALUES ('565447868', 'Leonora', 'Rodeigues', 150);
INSERT INTO Customer (customer_id, email, phone_num, postal_code, state_abbrv, city, street) VALUES (151, 'nklusman@zathunicon.com', '4639604962', '63342', 'KY', 'Corpus Christi', '7989 6-street');
INSERT INTO Individual (ssn, firstname, lastname, customer_id) VALUES ('630990970', 'Earleen', 'Paskin', 151);
INSERT INTO Customer (customer_id, email, phone_num, postal_code, state_abbrv, city, street) VALUES (152, 'chanafan@y-corporation.com', '6864458521', '53316', 'FL', 'Jacksonville', '4286 11-street');
INSERT INTO Individual (ssn, firstname, lastname, customer_id) VALUES ('489738648', 'Dottie', 'Wolny', 152);
INSERT INTO Customer (customer_id, email, phone_num, postal_code, state_abbrv, city, street) VALUES (153, 'fshire@zathunicon.com', '0917059764', '19328', 'HI', 'Tampa', '4277 17-street');
INSERT INTO Individual (ssn, firstname, lastname, customer_id) VALUES ('156194593', 'Evangelina', 'Rhym', 153);
INSERT INTO Customer (customer_id, email, phone_num, postal_code, state_abbrv, city, street) VALUES (154, 'mlapage@bioplex.com', '6857343040', '50658', 'FL', 'Fort Wayne', '1812 14-street');
INSERT INTO Individual (ssn, firstname, lastname, customer_id) VALUES ('190389930', 'Ronny', 'Dorshorst', 154);
INSERT INTO Customer (customer_id, email, phone_num, postal_code, state_abbrv, city, street) VALUES (155, 'cabdallah@zathunicon.com', '1932234236', '60274', 'TX', 'Riverside', '6465 17-street');
INSERT INTO Individual (ssn, firstname, lastname, customer_id) VALUES ('559983722', 'Theola', 'Butt', 155);
INSERT INTO Customer (customer_id, email, phone_num, postal_code, state_abbrv, city, street) VALUES (156, 'imenter@conecom.com', '4377547326', '65376', 'HI', 'Tampa', '6040 20-street');
INSERT INTO Individual (ssn, firstname, lastname, customer_id) VALUES ('843028835', 'Raylene', 'Kusko', 156);
INSERT INTO Customer (customer_id, email, phone_num, postal_code, state_abbrv, city, street) VALUES (157, 'mradde@funholding.com', '7786444243', '06000', 'CA', 'San Jose', '6944 13-street');
INSERT INTO Individual (ssn, firstname, lastname, customer_id) VALUES ('139932987', 'Tegan', 'Cartan', 157);
INSERT INTO Customer (customer_id, email, phone_num, postal_code, state_abbrv, city, street) VALUES (158, 'dsteier@zumgoity.com', '1712657598', '32613', 'CA', 'Anchorage', '6602 21-street');

INSERT INTO Business (tin, business_name, title, firstname, lastname, customer_id) VALUES ('48-2042583', 'Y-corporation', 'Associate Manager R2', 'Tegan', 'Blunk', 158);
INSERT INTO Customer (customer_id, email, phone_num, postal_code, state_abbrv, city, street) VALUES (159, 'llinahan@finjob.com', '3183498101', '73146', 'FL', 'Fort Wayne', '8047 3-street');
INSERT INTO Business (tin, business_name, title, firstname, lastname, customer_id) VALUES ('82-6754590', 'Sumace', 'Associate Fellow M6', 'Lawrence', 'Agramonte', 159);
INSERT INTO Customer (customer_id, email, phone_num, postal_code, state_abbrv, city, street) VALUES (160, 'mbutzen@stanredtax.com', '3686625941', '73648', 'FL', 'Jacksonville', '4313 14-street');
INSERT INTO Business (tin, business_name, title, firstname, lastname, customer_id) VALUES ('80-1084912', 'Finjob', 'Senior Scientist M7', 'Caitlin', 'Miceli', 160);
INSERT INTO Customer (customer_id, email, phone_num, postal_code, state_abbrv, city, street) VALUES (161, 'dlother@donware.com', '1152310216', '04838', 'CA', 'Fresno', '6558 21-street');
INSERT INTO Business (tin, business_name, title, firstname, lastname, customer_id) VALUES ('21-6554083', 'Dontechi', 'Senior Manager R7', 'Serina', 'Jeanty', 161);
INSERT INTO Customer (customer_id, email, phone_num, postal_code, state_abbrv, city, street) VALUES (162, 'sjuhas@treequote.com', '1429477597', '15762', 'CA', 'North Las Vegas', '7602 3-street');
INSERT INTO Business (tin, business_name, title, firstname, lastname, customer_id) VALUES ('73-2317837', 'Nam-zim', 'Manager R2', 'Gail', 'Knipp', 162);
INSERT INTO Customer (customer_id, email, phone_num, postal_code, state_abbrv, city, street) VALUES (163, 'glary@kinnamplus.com', '1868078927', '23124', 'ID', 'Fremont', '373 16-street');
INSERT INTO Business (tin, business_name, title, firstname, lastname, customer_id) VALUES ('23-4661232', 'Xx-zobam', 'Executive Manager M6', 'Tammara', 'Kaniecki', 163);
INSERT INTO Customer (customer_id, email, phone_num, postal_code, state_abbrv, city, street) VALUES (164, 'rengelberg@yearin.com', '1445689597', '68262', 'MO', 'Santa Ana', '9431 17-street');
INSERT INTO Business (tin, business_name, title, firstname, lastname, customer_id) VALUES ('71-2329540', 'Bioplex', 'Scientist R8', 'Quentin', 'Gillian', 164);
INSERT INTO Customer (customer_id, email, phone_num, postal_code, state_abbrv, city, street) VALUES (165, 'kmadarang@newex.com', '4747876247', '28849', 'KY', 'Corpus Christi', '3810 18-street');
INSERT INTO Business (tin, business_name, title, firstname, lastname, customer_id) VALUES ('55-6187762', 'Betasoloin', 'Director M8', 'Lisha', 'Rauser', 165);
INSERT INTO Customer (customer_id, email, phone_num, postal_code, state_abbrv, city, street) VALUES (166, NULL, '9670536160', '47357', 'CA', 'San Jose', '9941 20-street');
INSERT INTO Business (tin, business_name, title, firstname, lastname, customer_id) VALUES ('62-1462808', 'Finhigh', 'Manager L2', 'Izetta', 'Hidvegi', 166);
INSERT INTO Customer (customer_id, email, phone_num, postal_code, state_abbrv, city, street) VALUES (167, 'ekampa@cancity.com', '1501547917', '97110', 'NV', 'Plano', '287 1-street');
INSERT INTO Business (tin, business_name, title, firstname, lastname, customer_id) VALUES ('88-6885026', 'Treequote', 'Director M6', 'Gilma', 'Gillaspie', 167);
INSERT INTO Customer (customer_id, email, phone_num, postal_code, state_abbrv, city, street) VALUES (168, 'kdorshorst@iselectrics.com', '9289510941', '91513', 'CA', 'San Jose', '4278 19-street');
INSERT INTO Business (tin, business_name, title, firstname, lastname, customer_id) VALUES ('52-6404326', 'Zumgoity', 'Manager R8', 'Laurel', 'Dhamer', 168);
INSERT INTO Customer (customer_id, email, phone_num, postal_code, state_abbrv, city, street) VALUES (169, 'lseewald@dambase.com', '6768101156', '78103', 'VA', 'Mesa', '2113 20-street');
INSERT INTO Business (tin, business_name, title, firstname, lastname, customer_id) VALUES ('32-1594201', 'Cancity', 'Senior Scientist R1', 'Tyra', 'Maclead', 169);
INSERT INTO Customer (customer_id, email, phone_num, postal_code, state_abbrv, city, street) VALUES (170, 'nnabours@funholding.com', '6984324615', '52931', 'CA', 'Aurora', '8335 21-street');
INSERT INTO Business (tin, business_name, title, firstname, lastname, customer_id) VALUES ('86-7493304', 'Rundofase', 'Associate Fellow M5', 'Mariann', 'Myricks', 170);
INSERT INTO Customer (customer_id, email, phone_num, postal_code, state_abbrv, city, street) VALUES (171, NULL, '8260085925', '78274', 'KS', 'Cleveland', '4001 13-street');
INSERT INTO Business (tin, business_name, title, firstname, lastname, customer_id) VALUES ('00-3992833', 'Ontomedia', 'Researcher R5', 'Ettie', 'Fern', 171);
INSERT INTO Customer (customer_id, email, phone_num, postal_code, state_abbrv, city, street) VALUES (172, NULL, '1772559234', '97712', 'NY', 'New York', '700 2-street');
INSERT INTO Business (tin, business_name, title, firstname, lastname, customer_id) VALUES ('97-1509095', 'Nam-zim', 'Senior Manager R8', 'Filiberto', 'Oldroyd', 172);
INSERT INTO Customer (customer_id, email, phone_num, postal_code, state_abbrv, city, street) VALUES (173, 'wmeisel@zumgoity.com', '2544180563', '85883', 'OH', 'Columbus', '7904 16-street');
INSERT INTO Business (tin, business_name, title, firstname, lastname, customer_id) VALUES ('43-5165225', 'Zotware', 'Researcher M2', 'Sheridan', 'Monterrubio', 173);
INSERT INTO Customer (customer_id, email, phone_num, postal_code, state_abbrv, city, street) VALUES (174, 'lzurcher@kan-code.com', '8609877259', '99160', 'IL', 'Chicago', '4811 6-street');
INSERT INTO Business (tin, business_name, title, firstname, lastname, customer_id) VALUES ('24-0171065', 'Hatfan', 'Senior Manager M8', 'Mattie', 'Marrier', 174);
INSERT INTO Customer (customer_id, email, phone_num, postal_code, state_abbrv, city, street) VALUES (175, 'kweglarz@treequote.com', '1764558249', '26958', 'AZ', 'Irving', '574 4-street');
INSERT INTO Business (tin, business_name, title, firstname, lastname, customer_id) VALUES ('89-5019355', 'Sumace', 'Scientist M1', 'Teddy', 'Sawchuk', 175);
INSERT INTO Customer (customer_id, email, phone_num, postal_code, state_abbrv, city, street) VALUES (176, 'mmaclead@donware.com', '1360195709', '61623', 'MI', 'Detroit', '5627 9-street');
INSERT INTO Business (tin, business_name, title, firstname, lastname, customer_id) VALUES ('67-7936515', 'Plexzap', 'Executive Manager R9', 'Arthur', 'Loader', 176);
INSERT INTO Customer (customer_id, email, phone_num, postal_code, state_abbrv, city, street) VALUES (177, 'cgabisi@donware.com', '4971680691', '48363', 'NC', 'Norfolk', '476 5-street');
INSERT INTO Business (tin, business_name, title, firstname, lastname, customer_id) VALUES ('40-6460369', 'Betatech', 'Researcher M3', 'Lashon', 'Bowley', 177);
INSERT INTO Customer (customer_id, email, phone_num, postal_code, state_abbrv, city, street) VALUES (178, 'gcolla@labdrill.com', '4718973627', '51767', 'KS', 'Cleveland', '1225 15-street');
INSERT INTO Business (tin, business_name, title, firstname, lastname, customer_id) VALUES ('86-8715602', 'Betasoloin', 'Researcher M7', 'Simona', 'Poquette', 178);
INSERT INTO Customer (customer_id, email, phone_num, postal_code, state_abbrv, city, street) VALUES (179, 'egrenet@warephase.com', '5860954236', '03486', 'FL', 'Orlando', '5460 11-street');
INSERT INTO Business (tin, business_name, title, firstname, lastname, customer_id) VALUES ('18-0557460', 'Finjob', 'Senior Scientist L2', 'Louisa', 'Barfield', 179);
INSERT INTO Customer (customer_id, email, phone_num, postal_code, state_abbrv, city, street) VALUES (180, 'lgobern@sonron.com', '1736670821', '93494', 'CA', 'Tucson', '4602 11-street');
INSERT INTO Business (tin, business_name, title, firstname, lastname, customer_id) VALUES ('44-6640568', 'Finhigh', 'SalesRep R4', 'Joseph', 'Kitty', 180);
INSERT INTO Customer (customer_id, email, phone_num, postal_code, state_abbrv, city, street) VALUES (181, 'tlouissant@iselectrics.com', '1454034961', '73260', 'AZ', 'Albuquerque', '1340 7-street');
INSERT INTO Business (tin, business_name, title, firstname, lastname, customer_id) VALUES ('64-3263338', 'Iselectrics', 'SalesRep R8', 'Ilene', 'Ennaco', 181);
INSERT INTO Customer (customer_id, email, phone_num, postal_code, state_abbrv, city, street) VALUES (182, 'tscipione@scottech.com', '0633110271', '37850', 'OH', 'Columbus', '2915 20-street');
INSERT INTO Business (tin, business_name, title, firstname, lastname, customer_id) VALUES ('68-5291728', 'Dalttechnology', 'Director R2', 'Geoffrey', 'Ventura', 182);
INSERT INTO Customer (customer_id, email, phone_num, postal_code, state_abbrv, city, street) VALUES (183, 'sragel@warephase.com', '4877441825', '47297', 'NC', 'Omaha', '1275 14-street');
INSERT INTO Business (tin, business_name, title, firstname, lastname, customer_id) VALUES ('83-4769864', 'Yearin', 'Manager L1', 'Keneth', 'Lindall', 183);
INSERT INTO Customer (customer_id, email, phone_num, postal_code, state_abbrv, city, street) VALUES (184, 'karceo@lexiqvolax.com', '6470583951', '77790', 'CA', 'New Orleans', '2766 21-street');
INSERT INTO Business (tin, business_name, title, firstname, lastname, customer_id) VALUES ('17-1405708', 'Konmatfix', 'Senior Scientist L1', 'Laurel', 'Farrar', 184);
INSERT INTO Customer (customer_id, email, phone_num, postal_code, state_abbrv, city, street) VALUES (185, 'dcoody@scotfind.com', '5816060179', '66069', 'OK', 'Baltimore', '9101 18-street');
INSERT INTO Business (tin, business_name, title, firstname, lastname, customer_id) VALUES ('48-0436640', 'Doncon', 'Fellow L4', 'Brett', 'Sergi', 185);
INSERT INTO Customer (customer_id, email, phone_num, postal_code, state_abbrv, city, street) VALUES (186, 'ckalafatis@groovestreet.com', '8357046407', '38148', 'TX', 'Riverside', '5010 2-street');
INSERT INTO Business (tin, business_name, title, firstname, lastname, customer_id) VALUES ('71-5402425', 'Scottech', 'Director R4', 'Melissa', 'Lipke', 186);
INSERT INTO Customer (customer_id, email, phone_num, postal_code, state_abbrv, city, street) VALUES (187, 'rparlato@dalttechnology.com', '1656462420', '62083', 'MO', 'Long Beach', '4647 15-street');
INSERT INTO Business (tin, business_name, title, firstname, lastname, customer_id) VALUES ('06-7755958', 'Ganjaflex', 'Scientist M9', 'Maile', 'Stockham', 187);
INSERT INTO Customer (customer_id, email, phone_num, postal_code, state_abbrv, city, street) VALUES (188, 'jjurney@hatfan.com', '2998736534', '29411', 'FL', 'Jacksonville', '6534 19-street');
INSERT INTO Business (tin, business_name, title, firstname, lastname, customer_id) VALUES ('89-1541922', 'Betatech', 'Researcher M8', 'Benton', 'Cryer', 188);
INSERT INTO Customer (customer_id, email, phone_num, postal_code, state_abbrv, city, street) VALUES (189, 'bstem@rundofase.com', '4721650051', '52923', 'LA', 'Gilbert', '3502 17-street');
INSERT INTO Business (tin, business_name, title, firstname, lastname, customer_id) VALUES ('00-6502052', 'Sunnamplex', 'Associate Director R6', 'Pete', 'Chickering', 189);
INSERT INTO Customer (customer_id, email, phone_num, postal_code, state_abbrv, city, street) VALUES (190, 'edickerson@doncon.com', '5360709407', '97269', 'AZ', 'St. Petersburg', '4464 21-street');
INSERT INTO Business (tin, business_name, title, firstname, lastname, customer_id) VALUES ('79-8921658', 'Green-Plus', 'Associate Fellow M9', 'Ruthann', 'Demesa', 190);
INSERT INTO Customer (customer_id, email, phone_num, postal_code, state_abbrv, city, street) VALUES (191, 'ccartan@ganjaflex.com', '9462400244', '69321', 'VA', 'Reno', '324 16-street');
INSERT INTO Business (tin, business_name, title, firstname, lastname, customer_id) VALUES ('86-1158388', 'Rangreen', 'Associate Fellow M1', 'Mattie', 'Mondella', 191);
INSERT INTO Customer (customer_id, email, phone_num, postal_code, state_abbrv, city, street) VALUES (192, 'swalthall@finhigh.com', '7173343631', '07849', 'CO', 'Denver', '7965 9-street');
INSERT INTO Business (tin, business_name, title, firstname, lastname, customer_id) VALUES ('95-5155656', 'Zencorporation', 'Fellow R1', 'Shonda', 'Briddick', 192);
INSERT INTO Customer (customer_id, email, phone_num, postal_code, state_abbrv, city, street) VALUES (193, 'csuffield@hottechi.com', '6998516544', '57121', 'NC', 'Toledo', '1999 21-street');
INSERT INTO Business (tin, business_name, title, firstname, lastname, customer_id) VALUES ('17-0197151', 'Codehow', 'Scientist M5', 'Rozella', 'Morocco', 193);
INSERT INTO Customer (customer_id, email, phone_num, postal_code, state_abbrv, city, street) VALUES (194, 'deschberger@statholdings.com', '5156905147', '72436', 'KY', 'Corpus Christi', '4698 6-street');
INSERT INTO Business (tin, business_name, title, firstname, lastname, customer_id) VALUES ('29-1505280', 'Finjob', 'Researcher R1', 'Vilma', 'Scheyer', 194);
INSERT INTO Customer (customer_id, email, phone_num, postal_code, state_abbrv, city, street) VALUES (195, 'ewieser@domzoom.com', '6780912020', '15980', 'AZ', 'St. Petersburg', '4020 8-street');
INSERT INTO Business (tin, business_name, title, firstname, lastname, customer_id) VALUES ('80-4908519', 'Plussunin', 'Director R3', 'Samira', 'Bergesen', 195);
INSERT INTO Customer (customer_id, email, phone_num, postal_code, state_abbrv, city, street) VALUES (196, 'jcaiafa@ganjaflex.com', '1381326307', '59465', 'TN', 'Memphis', '292 14-street');
INSERT INTO Business (tin, business_name, title, firstname, lastname, customer_id) VALUES ('52-6591460', 'Groovestreet', 'Director L3', 'Scarlet', 'Villanueva', 196);
INSERT INTO Customer (customer_id, email, phone_num, postal_code, state_abbrv, city, street) VALUES (197, 'rangalich@plussunin.com', '3129454753', '36269', 'AZ', 'St. Petersburg', '2363 3-street');
INSERT INTO Business (tin, business_name, title, firstname, lastname, customer_id) VALUES ('45-7885161', 'Iselectrics', 'Scientist R9', 'Salome', 'Gato', 197);
INSERT INTO Customer (customer_id, email, phone_num, postal_code, state_abbrv, city, street) VALUES (198, 'tmcrae@treequote.com', '3639590854', '31691', 'VA', 'Boise City', '3487 7-street');
INSERT INTO Business (tin, business_name, title, firstname, lastname, customer_id) VALUES ('91-3927038', 'Ganjaflex', 'Director R3', 'Shalon', 'Pontoriero', 198);
INSERT INTO Customer (customer_id, email, phone_num, postal_code, state_abbrv, city, street) VALUES (199, 'lgillaspie@faxquote.com', '8232967628', '49844', 'MD', 'Nashville-Davidson', '761 5-street');
INSERT INTO Business (tin, business_name, title, firstname, lastname, customer_id) VALUES ('80-4412234', 'Konmatfix', 'Associate Manager R5', 'Brandon', 'Craghead', 199);
