\c dealership;

INSERT INTO VehicleType (type_name) VALUES ('Convertible');
INSERT INTO VehicleType (type_name) VALUES ('Van');
INSERT INTO VehicleType (type_name) VALUES ('Minivan');
INSERT INTO VehicleType (type_name) VALUES ('Sedan');
INSERT INTO VehicleType (type_name) VALUES ('CUV');
INSERT INTO VehicleType (type_name) VALUES ('Coupe');
INSERT INTO VehicleType (type_name) VALUES ('Truck');
INSERT INTO VehicleType (type_name) VALUES ('SUV');

INSERT INTO Manufacturer (name) VALUES ('Nio');
INSERT INTO Manufacturer (name) VALUES ('Geeley');
INSERT INTO Manufacturer (name) VALUES ('Land Rover');
INSERT INTO Manufacturer (name) VALUES ('Acura');
INSERT INTO Manufacturer (name) VALUES ('MINI');
INSERT INTO Manufacturer (name) VALUES ('smart');
INSERT INTO Manufacturer (name) VALUES ('INFINITI');
INSERT INTO Manufacturer (name) VALUES ('Rivian');
INSERT INTO Manufacturer (name) VALUES ('Mitsubishi');
INSERT INTO Manufacturer (name) VALUES ('Chevrolet');
INSERT INTO Manufacturer (name) VALUES ('Subaru');
INSERT INTO Manufacturer (name) VALUES ('Buick');
INSERT INTO Manufacturer (name) VALUES ('Lotus');
INSERT INTO Manufacturer (name) VALUES ('Cadillac');
INSERT INTO Manufacturer (name) VALUES ('Bentley');
INSERT INTO Manufacturer (name) VALUES ('Ford');
INSERT INTO Manufacturer (name) VALUES ('GMC');
INSERT INTO Manufacturer (name) VALUES ('Volvo');
INSERT INTO Manufacturer (name) VALUES ('Ram');
INSERT INTO Manufacturer (name) VALUES ('McLaren');
INSERT INTO Manufacturer (name) VALUES ('BMW');
INSERT INTO Manufacturer (name) VALUES ('Audi');
INSERT INTO Manufacturer (name) VALUES ('Maserati');
INSERT INTO Manufacturer (name) VALUES ('Mercedes-Benz');
INSERT INTO Manufacturer (name) VALUES ('MAZDA');
INSERT INTO Manufacturer (name) VALUES ('Hyundai');
INSERT INTO Manufacturer (name) VALUES ('Lamborghini');
INSERT INTO Manufacturer (name) VALUES ('FIAT');
INSERT INTO Manufacturer (name) VALUES ('Tesla');
INSERT INTO Manufacturer (name) VALUES ('XPeng');
INSERT INTO Manufacturer (name) VALUES ('Jeep');
INSERT INTO Manufacturer (name) VALUES ('Toyota');
INSERT INTO Manufacturer (name) VALUES ('Aston Martin');
INSERT INTO Manufacturer (name) VALUES ('Volkswagen');
INSERT INTO Manufacturer (name) VALUES ('Porsche');
INSERT INTO Manufacturer (name) VALUES ('Jaguar');
INSERT INTO Manufacturer (name) VALUES ('Honda');
INSERT INTO Manufacturer (name) VALUES ('Lexus');
INSERT INTO Manufacturer (name) VALUES ('Dodge');
INSERT INTO Manufacturer (name) VALUES ('Lincoln');
INSERT INTO Manufacturer (name) VALUES ('Nissan');
INSERT INTO Manufacturer (name) VALUES ('Ferrari');
INSERT INTO Manufacturer (name) VALUES ('Karma');
INSERT INTO Manufacturer (name) VALUES ('Alfa Romeo');
INSERT INTO Manufacturer (name) VALUES ('Chrysler');
INSERT INTO Manufacturer (name) VALUES ('Kia');

INSERT INTO Vehicle (vin, vehicle_type, model_name, model_year, manufacturer, fuel_type, horsepower, description) VALUES ('01CHA2S3LWA849979', 'Convertible', 'ET5', '2023', 'Nio', 'Battery', 177, 'air filtration system; check the Monroney sticker - theer is nothing better than this vehicle; ');
INSERT INTO Color (vin, color_name) VALUES ('01CHA2S3LWA849979', 'Maroon');
INSERT INTO Vehicle (vin, vehicle_type, model_name, model_year, manufacturer, fuel_type, horsepower, description) VALUES ('0216UZ8NIB3005163', 'Convertible', 'XINGYUE', '2023', 'Geeley', 'Plugin Hybrid', 184, '');
INSERT INTO Color (vin, color_name) VALUES ('0216UZ8NIB3005163', 'Aluminum');
INSERT INTO Vehicle (vin, vehicle_type, model_name, model_year, manufacturer, fuel_type, horsepower, description) VALUES ('02XKB48A5UB828603', 'Convertible', 'LR2', '2014', 'Land Rover', 'Gas', 169, '');
INSERT INTO Color (vin, color_name) VALUES ('02XKB48A5UB828603', 'Cream');
INSERT INTO Vehicle (vin, vehicle_type, model_name, model_year, manufacturer, fuel_type, horsepower, description) VALUES ('06U80HCPBYG352728', 'Van', 'CL', '2002', 'Acura', 'Battery', 298, 'hatchback; ');
INSERT INTO Color (vin, color_name) VALUES ('06U80HCPBYG352728', 'Black');
INSERT INTO Vehicle (vin, vehicle_type, model_name, model_year, manufacturer, fuel_type, horsepower, description) VALUES ('07XSZFNEBDW349840', 'Minivan', 'COOPER', '2007', 'MINI', 'Battery', 254, 'sturdy rear axle assembly; ');
INSERT INTO Color (vin, color_name) VALUES ('07XSZFNEBDW349840', 'Gold');
INSERT INTO Vehicle (vin, vehicle_type, model_name, model_year, manufacturer, fuel_type, horsepower, description) VALUES ('0D2HX2R6775123500', 'Sedan', 'FORTWO', '2015', 'smart', 'Battery', 209, 'can be used as sports car; ');
INSERT INTO Color (vin, color_name) VALUES ('0D2HX2R6775123500', 'Gray');
INSERT INTO Vehicle (vin, vehicle_type, model_name, model_year, manufacturer, fuel_type, horsepower, description) VALUES ('0GXWO6TK0YG939311', 'CUV', 'FX45', '2008', 'INFINITI', 'Battery', 287, '');
INSERT INTO Color (vin, color_name) VALUES ('0GXWO6TK0YG939311', 'Copper');
INSERT INTO Vehicle (vin, vehicle_type, model_name, model_year, manufacturer, fuel_type, horsepower, description) VALUES ('0H6SRXF8EP7967929', 'CUV', 'R1T', '2023', 'Rivian', 'Gas', 287, 'original equipment manufacturer (OEM) parts; front axle assembly; ');
INSERT INTO Color (vin, color_name) VALUES ('0H6SRXF8EP7967929', 'Gold');
INSERT INTO Vehicle (vin, vehicle_type, model_name, model_year, manufacturer, fuel_type, horsepower, description) VALUES ('0K3KCEYO5WR993877', 'Coupe', 'RAIDER', '2006', 'Mitsubishi', 'Hybrid', 210, 'rear wheel drive; ');
INSERT INTO Color (vin, color_name) VALUES ('0K3KCEYO5WR993877', 'Cream');
INSERT INTO Color (vin, color_name) VALUES ('0K3KCEYO5WR993877', 'Turquoise');
INSERT INTO Vehicle (vin, vehicle_type, model_name, model_year, manufacturer, fuel_type, horsepower, description) VALUES ('0KAMFH817HG984940', 'Coupe', 'CORVETTE', '2005', 'Chevrolet', 'Gas', 371, 'wide transaxle; ');
INSERT INTO Color (vin, color_name) VALUES ('0KAMFH817HG984940', 'Bronze');
INSERT INTO Vehicle (vin, vehicle_type, model_name, model_year, manufacturer, fuel_type, horsepower, description) VALUES ('0KSVK7T0HVD586286', 'Van', 'BRZ', '2013', 'Subaru', 'Gas', 316, 'hatchback; ');
INSERT INTO Color (vin, color_name) VALUES ('0KSVK7T0HVD586286', 'Blue');
INSERT INTO Vehicle (vin, vehicle_type, model_name, model_year, manufacturer, fuel_type, horsepower, description) VALUES ('0MRJ620G5FE640131', 'Minivan', 'LACROSSE', '2006', 'Buick', 'Battery', 198, 'can be used as sports car; ');
INSERT INTO Color (vin, color_name) VALUES ('0MRJ620G5FE640131', 'Green');
INSERT INTO Vehicle (vin, vehicle_type, model_name, model_year, manufacturer, fuel_type, horsepower, description) VALUES ('0OPU81GJG8C160079', 'Coupe', 'ELISE', '2008', 'Lotus', 'Diesel', 330, 'high torque; wide cam; ');
INSERT INTO Color (vin, color_name) VALUES ('0OPU81GJG8C160079', 'Black');
INSERT INTO Vehicle (vin, vehicle_type, model_name, model_year, manufacturer, fuel_type, horsepower, description) VALUES ('0PT8CVJWV8T188907', 'Van', 'ELDORADO', '2002', 'Cadillac', 'Fuel Cell', 354, 'sport utility vehicle-SUV; ');
INSERT INTO Color (vin, color_name) VALUES ('0PT8CVJWV8T188907', 'Bronze');
INSERT INTO Vehicle (vin, vehicle_type, model_name, model_year, manufacturer, fuel_type, horsepower, description) VALUES ('0QFCBGN24Y3098876', 'Coupe', 'ARNAGE', '2007', 'Bentley', 'Diesel', 308, '');
INSERT INTO Color (vin, color_name) VALUES ('0QFCBGN24Y3098876', 'Blue');
INSERT INTO Vehicle (vin, vehicle_type, model_name, model_year, manufacturer, fuel_type, horsepower, description) VALUES ('0UWKB1SP7C0135655', 'Minivan', 'R1T', '2023', 'Rivian', 'Gas', 207, 'best suspension; ');
INSERT INTO Color (vin, color_name) VALUES ('0UWKB1SP7C0135655', 'Green');
INSERT INTO Vehicle (vin, vehicle_type, model_name, model_year, manufacturer, fuel_type, horsepower, description) VALUES ('11O1YZUFMFN275554', 'Minivan', 'FOCUS', '2013', 'Ford', 'Gas', 201, 'crankcase; automatic transmission; very hard struts; ');
INSERT INTO Color (vin, color_name) VALUES ('11O1YZUFMFN275554', 'Gray');
INSERT INTO Vehicle (vin, vehicle_type, model_name, model_year, manufacturer, fuel_type, horsepower, description) VALUES ('1HVL421OTR3071057', 'Van', 'W4500 FORWARD', '2005', 'GMC', 'Plugin Hybrid', 292, 'small spark plug gap; ');
INSERT INTO Color (vin, color_name) VALUES ('1HVL421OTR3071057', 'Gold');
INSERT INTO Vehicle (vin, vehicle_type, model_name, model_year, manufacturer, fuel_type, horsepower, description) VALUES ('1UCBIT5YXDJ919563', 'Truck', 'C30', '2010', 'Volvo', 'Diesel', 320, 'high differential; ');
INSERT INTO Color (vin, color_name) VALUES ('1UCBIT5YXDJ919563', 'Aluminum');
INSERT INTO Vehicle (vin, vehicle_type, model_name, model_year, manufacturer, fuel_type, horsepower, description) VALUES ('201DHVWO70I456603', 'CUV', 'PROMASTER 1500', '2015', 'Ram', 'Gas', 265, '');
INSERT INTO Color (vin, color_name) VALUES ('201DHVWO70I456603', 'Gold');
INSERT INTO Vehicle (vin, vehicle_type, model_name, model_year, manufacturer, fuel_type, horsepower, description) VALUES ('22EISXE65K7154002', 'Convertible', 'ES8 NEW', '2023', 'Nio', 'Battery', 160, 'automatic transmission; minivan; ');
INSERT INTO Color (vin, color_name) VALUES ('22EISXE65K7154002', 'Red');
INSERT INTO Vehicle (vin, vehicle_type, model_name, model_year, manufacturer, fuel_type, horsepower, description) VALUES ('24G081632WM888163', 'Sedan', 'RANGE ROVER SPORT', '2012', 'Land Rover', 'Diesel', 154, '');
INSERT INTO Color (vin, color_name) VALUES ('24G081632WM888163', 'Gray');
INSERT INTO Vehicle (vin, vehicle_type, model_name, model_year, manufacturer, fuel_type, horsepower, description) VALUES ('26GJDWHYLTU230526', 'Convertible', 'R1S NEW', '2023', 'Rivian', 'Gas', 179, '');
INSERT INTO Color (vin, color_name) VALUES ('26GJDWHYLTU230526', 'Metallic');
INSERT INTO Vehicle (vin, vehicle_type, model_name, model_year, manufacturer, fuel_type, horsepower, description) VALUES ('2J8FN6TAGEZ924085', 'Convertible', 'MP4-12C', '2012', 'McLaren', 'Hybrid', 155, 'can be used as sports car; ');
INSERT INTO Color (vin, color_name) VALUES ('2J8FN6TAGEZ924085', 'Cream');
INSERT INTO Vehicle (vin, vehicle_type, model_name, model_year, manufacturer, fuel_type, horsepower, description) VALUES ('2KJBD48273Y069356', 'Convertible', 'F650CS ABS', '2005', 'BMW', 'Plugin Hybrid', 197, 'no backfire/backfiring; ');
INSERT INTO Color (vin, color_name) VALUES ('2KJBD48273Y069356', 'Gold');
INSERT INTO Vehicle (vin, vehicle_type, model_name, model_year, manufacturer, fuel_type, horsepower, description) VALUES ('2LBKYDFHTK3034814', 'Convertible', 'S6', '2009', 'Audi', 'Gas', 177, 'drum brake; ');
INSERT INTO Color (vin, color_name) VALUES ('2LBKYDFHTK3034814', 'Copper');
INSERT INTO Vehicle (vin, vehicle_type, model_name, model_year, manufacturer, fuel_type, horsepower, description) VALUES ('2PKESKWHCJ4479804', 'Minivan', 'OUTLANDER', '2014', 'Mitsubishi', 'Hybrid', 217, 'sport utility vehicle-SUV; ');
INSERT INTO Color (vin, color_name) VALUES ('2PKESKWHCJ4479804', 'Gold');
INSERT INTO Vehicle (vin, vehicle_type, model_name, model_year, manufacturer, fuel_type, horsepower, description) VALUES ('2UWYFE50XIB423887', 'Minivan', 'CABRIO', '2004', 'smart', 'Diesel', 226, '');
INSERT INTO Color (vin, color_name) VALUES ('2UWYFE50XIB423887', 'Beige');
INSERT INTO Vehicle (vin, vehicle_type, model_name, model_year, manufacturer, fuel_type, horsepower, description) VALUES ('340D7EL25S2404955', 'Minivan', '330XI', '2005', 'BMW', 'Gas', 237, 'high volume cylinder; ');
INSERT INTO Color (vin, color_name) VALUES ('340D7EL25S2404955', 'Pink');
INSERT INTO Vehicle (vin, vehicle_type, model_name, model_year, manufacturer, fuel_type, horsepower, description) VALUES ('3CKLOVNGZ51537051', 'CUV', '760LI', '2009', 'BMW', 'Gas', 308, 'automatic safety features; rear wheel drive; best suspension; ');
INSERT INTO Color (vin, color_name) VALUES ('3CKLOVNGZ51537051', 'Maroon');
INSERT INTO Vehicle (vin, vehicle_type, model_name, model_year, manufacturer, fuel_type, horsepower, description) VALUES ('3FFSR68RD0K441878', 'SUV', 'QUATTROPORTE', '2005', 'Maserati', 'Fuel Cell', 349, 'pickup; disc brake; front axle assembly; ');
INSERT INTO Color (vin, color_name) VALUES ('3FFSR68RD0K441878', 'Green');
INSERT INTO Vehicle (vin, vehicle_type, model_name, model_year, manufacturer, fuel_type, horsepower, description) VALUES ('3IU2B4ORS6A077319', 'Van', 'FORTWO', '2007', 'smart', 'Diesel', 358, 'manual transmission; ');
INSERT INTO Color (vin, color_name) VALUES ('3IU2B4ORS6A077319', 'Cream');
INSERT INTO Vehicle (vin, vehicle_type, model_name, model_year, manufacturer, fuel_type, horsepower, description) VALUES ('3J6IMNCNYTR099621', 'SUV', 'STS', '2008', 'Cadillac', 'Gas', 289, 'modern dashboard; ');
INSERT INTO Color (vin, color_name) VALUES ('3J6IMNCNYTR099621', 'Blue');
INSERT INTO Vehicle (vin, vehicle_type, model_name, model_year, manufacturer, fuel_type, horsepower, description) VALUES ('3NO8BO4OGTL807840', 'SUV', 'G550', '2015', 'Mercedes-Benz', 'Battery', 281, 'four-wheel drive; disc brake; detail; ');
INSERT INTO Color (vin, color_name) VALUES ('3NO8BO4OGTL807840', 'Orange');
INSERT INTO Color (vin, color_name) VALUES ('3NO8BO4OGTL807840', 'Red');
INSERT INTO Color (vin, color_name) VALUES ('3NO8BO4OGTL807840', 'Turquoise');
INSERT INTO Vehicle (vin, vehicle_type, model_name, model_year, manufacturer, fuel_type, horsepower, description) VALUES ('3POHTV1PFW1510449', 'Coupe', 'RX-8', '2006', 'MAZDA', 'Battery', 356, 'pickup; ');
INSERT INTO Color (vin, color_name) VALUES ('3POHTV1PFW1510449', 'Navy');
INSERT INTO Vehicle (vin, vehicle_type, model_name, model_year, manufacturer, fuel_type, horsepower, description) VALUES ('3TJM4LZERLL108705', 'Sedan', 'ACCENT', '2008', 'Hyundai', 'Gas', 164, 'unibody construction; ');
INSERT INTO Color (vin, color_name) VALUES ('3TJM4LZERLL108705', 'Yellow');
INSERT INTO Vehicle (vin, vehicle_type, model_name, model_year, manufacturer, fuel_type, horsepower, description) VALUES ('41DPYVQZCO3181476', 'Minivan', 'AVENTADOR', '2012', 'Lamborghini', 'Gas', 204, 'automatic torque converter; ');
INSERT INTO Color (vin, color_name) VALUES ('41DPYVQZCO3181476', 'Black');
INSERT INTO Vehicle (vin, vehicle_type, model_name, model_year, manufacturer, fuel_type, horsepower, description) VALUES ('42JDWI0F3D2375784', 'Minivan', 'ALBEA', '2009', 'FIAT', 'Plugin Hybrid', 247, 'can be used as sports car; unibody construction; ');
INSERT INTO Color (vin, color_name) VALUES ('42JDWI0F3D2375784', 'Rust');
INSERT INTO Vehicle (vin, vehicle_type, model_name, model_year, manufacturer, fuel_type, horsepower, description) VALUES ('447NADHKNTP823552', 'Truck', 'ROADSTER', '2008', 'Tesla', 'Gas', 252, 'safe oil ring; ');
INSERT INTO Color (vin, color_name) VALUES ('447NADHKNTP823552', 'Aluminum');
INSERT INTO Color (vin, color_name) VALUES ('447NADHKNTP823552', 'Copper');
INSERT INTO Color (vin, color_name) VALUES ('447NADHKNTP823552', 'Turquoise');
INSERT INTO Vehicle (vin, vehicle_type, model_name, model_year, manufacturer, fuel_type, horsepower, description) VALUES ('4B5O8UZKPBZ854920', 'Van', 'HHR', '2008', 'Chevrolet', 'Gas', 316, '');
INSERT INTO Color (vin, color_name) VALUES ('4B5O8UZKPBZ854920', 'Aluminum');
INSERT INTO Color (vin, color_name) VALUES ('4B5O8UZKPBZ854920', 'Copper');
INSERT INTO Vehicle (vin, vehicle_type, model_name, model_year, manufacturer, fuel_type, horsepower, description) VALUES ('4GHCRLJOKT6083540', 'Coupe', 'P7', '2023', 'XPeng', 'Gas', 301, 'great stabilizer bar; ');
INSERT INTO Color (vin, color_name) VALUES ('4GHCRLJOKT6083540', 'Maroon');
INSERT INTO Color (vin, color_name) VALUES ('4GHCRLJOKT6083540', 'Yellow');
INSERT INTO Vehicle (vin, vehicle_type, model_name, model_year, manufacturer, fuel_type, horsepower, description) VALUES ('4HPEB1IJDDY354518', 'Coupe', 'WRANGLER', '2007', 'Jeep', 'Plugin Hybrid', 380, 'good piston; ');
INSERT INTO Color (vin, color_name) VALUES ('4HPEB1IJDDY354518', 'Copper');
INSERT INTO Vehicle (vin, vehicle_type, model_name, model_year, manufacturer, fuel_type, horsepower, description) VALUES ('4IHUPZ7L3E4517493', 'Coupe', 'R1S NEW', '2023', 'Rivian', 'Plugin Hybrid', 276, 'automatic safety features; air filtration system; modern dashboard; ');
INSERT INTO Color (vin, color_name) VALUES ('4IHUPZ7L3E4517493', 'Green');
INSERT INTO Vehicle (vin, vehicle_type, model_name, model_year, manufacturer, fuel_type, horsepower, description) VALUES ('52J1ULU58OB110991', 'CUV', 'COROLLA', '2005', 'Toyota', 'Gas', 297, 'front axle assembly; drive shaft; ');
INSERT INTO Color (vin, color_name) VALUES ('52J1ULU58OB110991', 'Black');
INSERT INTO Color (vin, color_name) VALUES ('52J1ULU58OB110991', 'Red');
INSERT INTO Vehicle (vin, vehicle_type, model_name, model_year, manufacturer, fuel_type, horsepower, description) VALUES ('54SZY4MKO6C114660', 'Coupe', 'RAPIDE', '2013', 'Aston Martin', 'Fuel Cell', 342, 'strong muffler; ');
INSERT INTO Color (vin, color_name) VALUES ('54SZY4MKO6C114660', 'Red');
INSERT INTO Vehicle (vin, vehicle_type, model_name, model_year, manufacturer, fuel_type, horsepower, description) VALUES ('5MLXXEBOXNC754707', 'Van', 'PATRIOT', '2008', 'Jeep', 'Natural Gas', 334, 'safe oil ring; engine displacement; ');
INSERT INTO Color (vin, color_name) VALUES ('5MLXXEBOXNC754707', 'Brown');
INSERT INTO Vehicle (vin, vehicle_type, model_name, model_year, manufacturer, fuel_type, horsepower, description) VALUES ('5OU82GIFAQ3021868', 'Convertible', 'SONATA', '2012', 'Hyundai', 'Diesel', 160, 'rear wheel drive; automatic valves; ');
INSERT INTO Color (vin, color_name) VALUES ('5OU82GIFAQ3021868', 'Pink');
INSERT INTO Color (vin, color_name) VALUES ('5OU82GIFAQ3021868', 'White');
INSERT INTO Vehicle (vin, vehicle_type, model_name, model_year, manufacturer, fuel_type, horsepower, description) VALUES ('5PUIFVQ6V3R308628', 'Minivan', 'GRANTURISMO', '2012', 'Maserati', 'Gas', 204, '');
INSERT INTO Color (vin, color_name) VALUES ('5PUIFVQ6V3R308628', 'Claret');
INSERT INTO Color (vin, color_name) VALUES ('5PUIFVQ6V3R308628', 'Gray');
INSERT INTO Vehicle (vin, vehicle_type, model_name, model_year, manufacturer, fuel_type, horsepower, description) VALUES ('5QPBC4N5SPV612486', 'Sedan', 'POLO', '2013', 'Volkswagen', 'Hybrid', 215, 'station wagon (Also known as wagon.); ');
INSERT INTO Color (vin, color_name) VALUES ('5QPBC4N5SPV612486', 'Brown');
INSERT INTO Vehicle (vin, vehicle_type, model_name, model_year, manufacturer, fuel_type, horsepower, description) VALUES ('5RLTD3PDG7P142502', 'SUV', 'PHAETON', '2004', 'Volkswagen', 'Gas', 284, 'unibody construction; superturbocharger; ');
INSERT INTO Color (vin, color_name) VALUES ('5RLTD3PDG7P142502', 'Green');
INSERT INTO Vehicle (vin, vehicle_type, model_name, model_year, manufacturer, fuel_type, horsepower, description) VALUES ('60RPWRGZXAL689666', 'Truck', 'QUATTROPORTE', '2011', 'Maserati', 'Diesel', 305, 'very hard struts; ultra new transmission; hatchback; ');
INSERT INTO Color (vin, color_name) VALUES ('60RPWRGZXAL689666', 'Green');
INSERT INTO Vehicle (vin, vehicle_type, model_name, model_year, manufacturer, fuel_type, horsepower, description) VALUES ('63IMJ2UQAPP800193', 'Coupe', 'BOXSTER', '2006', 'Porsche', 'Diesel', 389, 'wide chassis; small spark plug gap; ');
INSERT INTO Color (vin, color_name) VALUES ('63IMJ2UQAPP800193', 'Green');
INSERT INTO Vehicle (vin, vehicle_type, model_name, model_year, manufacturer, fuel_type, horsepower, description) VALUES ('6A6NQP7GZG0782604', 'CUV', 'P7', '2021', 'XPeng', 'Gas', 300, 'great rpms; best radiator; ');
INSERT INTO Color (vin, color_name) VALUES ('6A6NQP7GZG0782604', 'Claret');
INSERT INTO Vehicle (vin, vehicle_type, model_name, model_year, manufacturer, fuel_type, horsepower, description) VALUES ('6KAIF8AC3KG769914', 'Convertible', 'DTS', '2007', 'Cadillac', 'Natural Gas', 155, 'best suspension; ');
INSERT INTO Color (vin, color_name) VALUES ('6KAIF8AC3KG769914', 'Yellow');
INSERT INTO Vehicle (vin, vehicle_type, model_name, model_year, manufacturer, fuel_type, horsepower, description) VALUES ('6O3JWO1Q4FP773157', 'Sedan', 'G9', '2022', 'XPeng', 'Gas', 158, 'great engine; great engine; ');
INSERT INTO Color (vin, color_name) VALUES ('6O3JWO1Q4FP773157', 'Turquoise');
INSERT INTO Vehicle (vin, vehicle_type, model_name, model_year, manufacturer, fuel_type, horsepower, description) VALUES ('6YHX7GHFZAR683239', 'Van', 'R1T', '2023', 'Rivian', 'Gas', 341, '');
INSERT INTO Color (vin, color_name) VALUES ('6YHX7GHFZAR683239', 'Claret');
INSERT INTO Color (vin, color_name) VALUES ('6YHX7GHFZAR683239', 'Rose');
INSERT INTO Vehicle (vin, vehicle_type, model_name, model_year, manufacturer, fuel_type, horsepower, description) VALUES ('77YSCOERITP460658', 'Truck', 'MX-5 MIATA', '2015', 'MAZDA', 'Gas', 310, 'broad wheelbase; ');
INSERT INTO Color (vin, color_name) VALUES ('77YSCOERITP460658', 'Tan');
INSERT INTO Vehicle (vin, vehicle_type, model_name, model_year, manufacturer, fuel_type, horsepower, description) VALUES ('7CY2WHON846872713', 'Truck', 'XK8', '2006', 'Jaguar', 'Gas', 336, 'pickup; ');
INSERT INTO Color (vin, color_name) VALUES ('7CY2WHON846872713', 'Claret');
INSERT INTO Color (vin, color_name) VALUES ('7CY2WHON846872713', 'Red');
INSERT INTO Vehicle (vin, vehicle_type, model_name, model_year, manufacturer, fuel_type, horsepower, description) VALUES ('7D8A8QCVRII360920', 'Convertible', 'F650GS', '2003', 'BMW', 'Gas', 172, 'convertible; ');
INSERT INTO Color (vin, color_name) VALUES ('7D8A8QCVRII360920', 'Purple');
INSERT INTO Vehicle (vin, vehicle_type, model_name, model_year, manufacturer, fuel_type, horsepower, description) VALUES ('7DCA7GIBSL3385548', 'Van', 'LAND CRUISER', '2013', 'Toyota', 'Gas', 339, '');
INSERT INTO Color (vin, color_name) VALUES ('7DCA7GIBSL3385548', 'Rust');
INSERT INTO Vehicle (vin, vehicle_type, model_name, model_year, manufacturer, fuel_type, horsepower, description) VALUES ('7DGPXJB8CVD797363', 'Sedan', 'HIACE', '2010', 'Toyota', 'Gas', 111, 'manual transmission; automatic torque converter; ');
INSERT INTO Color (vin, color_name) VALUES ('7DGPXJB8CVD797363', 'Brown');
INSERT INTO Color (vin, color_name) VALUES ('7DGPXJB8CVD797363', 'Maroon');
INSERT INTO Color (vin, color_name) VALUES ('7DGPXJB8CVD797363', 'Metallic');
INSERT INTO Vehicle (vin, vehicle_type, model_name, model_year, manufacturer, fuel_type, horsepower, description) VALUES ('7HMSLYNNGHJ439820', 'Minivan', 'CRF50F', '2007', 'Honda', 'Battery', 253, 'front axle assembly; no redline; ');
INSERT INTO Color (vin, color_name) VALUES ('7HMSLYNNGHJ439820', 'Claret');
INSERT INTO Color (vin, color_name) VALUES ('7HMSLYNNGHJ439820', 'Gold');
INSERT INTO Color (vin, color_name) VALUES ('7HMSLYNNGHJ439820', 'Orange');
INSERT INTO Vehicle (vin, vehicle_type, model_name, model_year, manufacturer, fuel_type, horsepower, description) VALUES ('7JA8DZH7CN4199183', 'Convertible', 'SL600', '2011', 'Mercedes-Benz', 'Gas', 165, '');
INSERT INTO Color (vin, color_name) VALUES ('7JA8DZH7CN4199183', 'Gold');
INSERT INTO Vehicle (vin, vehicle_type, model_name, model_year, manufacturer, fuel_type, horsepower, description) VALUES ('7L2HF63NS64790085', 'CUV', 'TL', '2004', 'Acura', 'Gas', 325, 'sturdy rear axle assembly; ');
INSERT INTO Color (vin, color_name) VALUES ('7L2HF63NS64790085', 'Maroon');
INSERT INTO Vehicle (vin, vehicle_type, model_name, model_year, manufacturer, fuel_type, horsepower, description) VALUES ('7LOJS05DQA3004955', 'Minivan', 'ACCENT', '2014', 'Hyundai', 'Gas', 198, 'engine displacement; ');
INSERT INTO Color (vin, color_name) VALUES ('7LOJS05DQA3004955', 'Blue');
INSERT INTO Vehicle (vin, vehicle_type, model_name, model_year, manufacturer, fuel_type, horsepower, description) VALUES ('7NZJI4NR80U192007', 'CUV', 'RANGE ROVER SPORT', '2009', 'Land Rover', 'Gas', 296, 'front wheel drive; active safety features; ');
INSERT INTO Color (vin, color_name) VALUES ('7NZJI4NR80U192007', 'Rose');
INSERT INTO Vehicle (vin, vehicle_type, model_name, model_year, manufacturer, fuel_type, horsepower, description) VALUES ('7QRXAX01CS1186500', 'Minivan', 'MP4-12C', '2013', 'McLaren', 'Gas', 256, '');
INSERT INTO Color (vin, color_name) VALUES ('7QRXAX01CS1186500', 'Orange');
INSERT INTO Vehicle (vin, vehicle_type, model_name, model_year, manufacturer, fuel_type, horsepower, description) VALUES ('7RCMKD0P62B359074', 'Convertible', 'IMPALA', '2008', 'Chevrolet', 'Gas', 174, 'front axle assembly; ');
INSERT INTO Color (vin, color_name) VALUES ('7RCMKD0P62B359074', 'Aluminum');
INSERT INTO Color (vin, color_name) VALUES ('7RCMKD0P62B359074', 'Red');
INSERT INTO Vehicle (vin, vehicle_type, model_name, model_year, manufacturer, fuel_type, horsepower, description) VALUES ('7TQARECS56V791799', 'Coupe', 'HILUX', '2012', 'Toyota', 'Diesel', 382, 'autotachometer; ');
INSERT INTO Color (vin, color_name) VALUES ('7TQARECS56V791799', 'Orange');
INSERT INTO Vehicle (vin, vehicle_type, model_name, model_year, manufacturer, fuel_type, horsepower, description) VALUES ('7XQ1OO4FTRB936926', 'Sedan', 'FX45', '2003', 'INFINITI', 'Gas', 130, 'best sedan; ');
INSERT INTO Color (vin, color_name) VALUES ('7XQ1OO4FTRB936926', 'Maroon');
INSERT INTO Vehicle (vin, vehicle_type, model_name, model_year, manufacturer, fuel_type, horsepower, description) VALUES ('7Z0JVSYGTZW815756', 'SUV', 'ATS', '2013', 'Cadillac', 'Gas', 283, 'coupe; ');
INSERT INTO Color (vin, color_name) VALUES ('7Z0JVSYGTZW815756', 'Silver');
INSERT INTO Vehicle (vin, vehicle_type, model_name, model_year, manufacturer, fuel_type, horsepower, description) VALUES ('8FB7BNANRI4354099', 'Convertible', 'ES330', '2006', 'Lexus', 'Diesel', 184, 'sturdy rear axle assembly; ');
INSERT INTO Color (vin, color_name) VALUES ('8FB7BNANRI4354099', 'Blue');
INSERT INTO Vehicle (vin, vehicle_type, model_name, model_year, manufacturer, fuel_type, horsepower, description) VALUES ('8H3HKCNSFNN008758', 'Van', 'ILX', '2015', 'Acura', 'Gas', 312, '');
INSERT INTO Color (vin, color_name) VALUES ('8H3HKCNSFNN008758', 'Aluminum');
INSERT INTO Vehicle (vin, vehicle_type, model_name, model_year, manufacturer, fuel_type, horsepower, description) VALUES ('8HR5FE1G22P233789', 'Truck', 'GHIBLI', '2014', 'Maserati', 'Gas', 345, 'check the Monroney sticker - theer is nothing better than this vehicle; best possible traction; ');
INSERT INTO Color (vin, color_name) VALUES ('8HR5FE1G22P233789', 'Navy');
INSERT INTO Vehicle (vin, vehicle_type, model_name, model_year, manufacturer, fuel_type, horsepower, description) VALUES ('8UQ6FLIO3Q2734346', 'SUV', 'KA', '2005', 'Ford', 'Diesel', 311, 'original equipment manufacturer (OEM) parts; ');
INSERT INTO Color (vin, color_name) VALUES ('8UQ6FLIO3Q2734346', 'Yellow');
INSERT INTO Vehicle (vin, vehicle_type, model_name, model_year, manufacturer, fuel_type, horsepower, description) VALUES ('8VB5KTBJX2A046744', 'SUV', 'W5500 TILTMASTER', '2007', 'Chevrolet', 'Natural Gas', 323, 'great engine; ');
INSERT INTO Color (vin, color_name) VALUES ('8VB5KTBJX2A046744', 'Beige');
INSERT INTO Vehicle (vin, vehicle_type, model_name, model_year, manufacturer, fuel_type, horsepower, description) VALUES ('A2NH51AUNR4312326', 'SUV', 'RAM 2500', '2009', 'Dodge', 'Diesel', 360, 'great engine; ');
INSERT INTO Color (vin, color_name) VALUES ('A2NH51AUNR4312326', 'Turquoise');
INSERT INTO Vehicle (vin, vehicle_type, model_name, model_year, manufacturer, fuel_type, horsepower, description) VALUES ('A35CVWAPCGY561956', 'SUV', 'NAVIGATOR', '2002', 'Lincoln', 'Hybrid', 330, 'super new ignition system; broad wheelbase; ');
INSERT INTO Color (vin, color_name) VALUES ('A35CVWAPCGY561956', 'Bronze');
INSERT INTO Vehicle (vin, vehicle_type, model_name, model_year, manufacturer, fuel_type, horsepower, description) VALUES ('A46MVF2CB4I965254', 'Truck', 'VERACRUZ', '2012', 'Hyundai', 'Gas', 291, '');
INSERT INTO Color (vin, color_name) VALUES ('A46MVF2CB4I965254', 'Tan');
INSERT INTO Vehicle (vin, vehicle_type, model_name, model_year, manufacturer, fuel_type, horsepower, description) VALUES ('A4LJMRR8IYC935453', 'Coupe', 'DEFENDER', '2012', 'Land Rover', 'Gas', 227, 'supernew catalytic converter; ');
INSERT INTO Color (vin, color_name) VALUES ('A4LJMRR8IYC935453', 'Brown');
INSERT INTO Vehicle (vin, vehicle_type, model_name, model_year, manufacturer, fuel_type, horsepower, description) VALUES ('A51QFDDJ7J7514581', 'Coupe', 'KA', '2006', 'Ford', 'Fuel Cell', 377, 'can be used as sports car; ');
INSERT INTO Color (vin, color_name) VALUES ('A51QFDDJ7J7514581', 'Turquoise');
INSERT INTO Vehicle (vin, vehicle_type, model_name, model_year, manufacturer, fuel_type, horsepower, description) VALUES ('A67JHQ2EJUP880876', 'Sedan', 'ELANTRA', '2002', 'Hyundai', 'Gas', 166, '');
INSERT INTO Color (vin, color_name) VALUES ('A67JHQ2EJUP880876', 'Black');
INSERT INTO Color (vin, color_name) VALUES ('A67JHQ2EJUP880876', 'Gold');
INSERT INTO Vehicle (vin, vehicle_type, model_name, model_year, manufacturer, fuel_type, horsepower, description) VALUES ('AA0LZIX8DGI937291', 'Minivan', 'POINTER', '2002', 'Volkswagen', 'Gas', 195, '');
INSERT INTO Color (vin, color_name) VALUES ('AA0LZIX8DGI937291', 'Black');
INSERT INTO Vehicle (vin, vehicle_type, model_name, model_year, manufacturer, fuel_type, horsepower, description) VALUES ('AAHKBQNPZ5Q155263', 'Minivan', 'NSX', '2005', 'Acura', 'Plugin Hybrid', 215, 'automatic transmission; ');
INSERT INTO Color (vin, color_name) VALUES ('AAHKBQNPZ5Q155263', 'Yellow');
INSERT INTO Vehicle (vin, vehicle_type, model_name, model_year, manufacturer, fuel_type, horsepower, description) VALUES ('AB7D5GUATWA988114', 'Coupe', 'TRIBUTE', '2003', 'MAZDA', 'Diesel', 394, 'hydraulic brakes; ');
INSERT INTO Color (vin, color_name) VALUES ('AB7D5GUATWA988114', 'Pink');
INSERT INTO Vehicle (vin, vehicle_type, model_name, model_year, manufacturer, fuel_type, horsepower, description) VALUES ('AE23FNQ4ECZ859800', 'SUV', 'COOPER', '2012', 'MINI', 'Gas', 317, 'wide transaxle; ');
INSERT INTO Color (vin, color_name) VALUES ('AE23FNQ4ECZ859800', 'Blue');
INSERT INTO Vehicle (vin, vehicle_type, model_name, model_year, manufacturer, fuel_type, horsepower, description) VALUES ('AG15D1BT811693167', 'Convertible', 'ARNAGE', '2008', 'Bentley', 'Gas', 190, 'drive shaft; ');
INSERT INTO Color (vin, color_name) VALUES ('AG15D1BT811693167', 'Silver');
INSERT INTO Vehicle (vin, vehicle_type, model_name, model_year, manufacturer, fuel_type, horsepower, description) VALUES ('AJC7BO3XDGF951357', 'SUV', 'CBR600RR', '2012', 'Honda', 'Gas', 335, 'very hard struts; ');
INSERT INTO Color (vin, color_name) VALUES ('AJC7BO3XDGF951357', 'Cream');
INSERT INTO Vehicle (vin, vehicle_type, model_name, model_year, manufacturer, fuel_type, horsepower, description) VALUES ('AKEXMUEW2XP076382', 'SUV', 'EMGRAND L', '2021', 'Geeley', 'Gas', 384, 'convertible; ');
INSERT INTO Color (vin, color_name) VALUES ('AKEXMUEW2XP076382', 'Gray');
INSERT INTO Vehicle (vin, vehicle_type, model_name, model_year, manufacturer, fuel_type, horsepower, description) VALUES ('AKWG2XQFZ8Z338505', 'SUV', 'NP300', '2011', 'Nissan', 'Hybrid', 275, 'crankcase; ');
INSERT INTO Color (vin, color_name) VALUES ('AKWG2XQFZ8Z338505', 'White');
INSERT INTO Vehicle (vin, vehicle_type, model_name, model_year, manufacturer, fuel_type, horsepower, description) VALUES ('ALPWS6CXQO6590947', 'Convertible', 'OUTBACK', '2005', 'Subaru', 'Gas', 195, 'no backfire/backfiring; ');
INSERT INTO Color (vin, color_name) VALUES ('ALPWS6CXQO6590947', 'Beige');
INSERT INTO Vehicle (vin, vehicle_type, model_name, model_year, manufacturer, fuel_type, horsepower, description) VALUES ('AUP647YMZFB601236', 'Coupe', 'MKS', '2014', 'Lincoln', 'Gas', 315, 'drum brake; ');
INSERT INTO Color (vin, color_name) VALUES ('AUP647YMZFB601236', 'Maroon');
INSERT INTO Vehicle (vin, vehicle_type, model_name, model_year, manufacturer, fuel_type, horsepower, description) VALUES ('B03S4ENKKNP478278', 'CUV', 'ES8 NEW', '2023', 'Nio', 'Gas', 324, 'innovative air bags; no backfire/backfiring; ');
INSERT INTO Color (vin, color_name) VALUES ('B03S4ENKKNP478278', 'Gold');
INSERT INTO Vehicle (vin, vehicle_type, model_name, model_year, manufacturer, fuel_type, horsepower, description) VALUES ('B5P0N13LMX0012355', 'SUV', 'COMMANDER', '2006', 'Jeep', 'Gas', 279, 'best sedan; ');
INSERT INTO Color (vin, color_name) VALUES ('B5P0N13LMX0012355', 'Navy');
INSERT INTO Vehicle (vin, vehicle_type, model_name, model_year, manufacturer, fuel_type, horsepower, description) VALUES ('B618X4DTE8R162599', 'CUV', '599 GTO', '2011', 'Ferrari', 'Gas', 278, 'very hard struts; oversteer; ');
INSERT INTO Color (vin, color_name) VALUES ('B618X4DTE8R162599', 'Cream');
INSERT INTO Vehicle (vin, vehicle_type, model_name, model_year, manufacturer, fuel_type, horsepower, description) VALUES ('BD1DYEOR4HZ412125', 'SUV', 'COOPER', '2010', 'MINI', 'Gas', 343, 'broad wheelbase; ');
INSERT INTO Color (vin, color_name) VALUES ('BD1DYEOR4HZ412125', 'Pink');
INSERT INTO Vehicle (vin, vehicle_type, model_name, model_year, manufacturer, fuel_type, horsepower, description) VALUES ('BQS2CJ56IBQ176739', 'Van', 'REGAL', '2004', 'Buick', 'Fuel Cell', 365, 'modern dashboard; disc brake; ');
INSERT INTO Color (vin, color_name) VALUES ('BQS2CJ56IBQ176739', 'Tan');
INSERT INTO Vehicle (vin, vehicle_type, model_name, model_year, manufacturer, fuel_type, horsepower, description) VALUES ('BXQH0W1NGWT830685', 'CUV', 'R1S', '2023', 'Rivian', 'Gas', 251, 'drive shaft; ');
INSERT INTO Color (vin, color_name) VALUES ('BXQH0W1NGWT830685', 'Green');
INSERT INTO Vehicle (vin, vehicle_type, model_name, model_year, manufacturer, fuel_type, horsepower, description) VALUES ('C2RVH3HKPQZ794006', 'Minivan', '535I GT', '2012', 'BMW', 'Gas', 191, 'manual transmission; active safety features; front axle assembly; ');
INSERT INTO Color (vin, color_name) VALUES ('C2RVH3HKPQZ794006', 'Turquoise');
INSERT INTO Vehicle (vin, vehicle_type, model_name, model_year, manufacturer, fuel_type, horsepower, description) VALUES ('CB65LOSQY7V342457', 'Convertible', 'V12 VANTAGE', '2013', 'Aston Martin', 'Gas', 179, 'automatic transmission; ');
INSERT INTO Color (vin, color_name) VALUES ('CB65LOSQY7V342457', 'Turquoise');
INSERT INTO Vehicle (vin, vehicle_type, model_name, model_year, manufacturer, fuel_type, horsepower, description) VALUES ('CIKZXLNQWQ3050265', 'Truck', 'EXIGE', '2008', 'Lotus', 'Gas', 299, 'manual transmission; ');
INSERT INTO Color (vin, color_name) VALUES ('CIKZXLNQWQ3050265', 'Brown');
INSERT INTO Color (vin, color_name) VALUES ('CIKZXLNQWQ3050265', 'Maroon');
INSERT INTO Vehicle (vin, vehicle_type, model_name, model_year, manufacturer, fuel_type, horsepower, description) VALUES ('CN2YIBCUFSQ512071', 'Convertible', 'LX470', '2005', 'Lexus', 'Gas', 179, 'automatic valves; ');
INSERT INTO Color (vin, color_name) VALUES ('CN2YIBCUFSQ512071', 'Brown');
INSERT INTO Color (vin, color_name) VALUES ('CN2YIBCUFSQ512071', 'White');
INSERT INTO Vehicle (vin, vehicle_type, model_name, model_year, manufacturer, fuel_type, horsepower, description) VALUES ('CO7AJWOLKX5663458', 'SUV', 'SIERRA 1500 HD', '2005', 'GMC', 'Battery', 397, 'sturdy rear axle assembly; ');
INSERT INTO Color (vin, color_name) VALUES ('CO7AJWOLKX5663458', 'Claret');
INSERT INTO Vehicle (vin, vehicle_type, model_name, model_year, manufacturer, fuel_type, horsepower, description) VALUES ('CRB7J3UXZ61575642', 'CUV', 'EMGRAND S', '2021', 'Geeley', 'Hybrid', 382, 'unibody construction; overdrive; high block; ');
INSERT INTO Color (vin, color_name) VALUES ('CRB7J3UXZ61575642', 'Blue');
INSERT INTO Vehicle (vin, vehicle_type, model_name, model_year, manufacturer, fuel_type, horsepower, description) VALUES ('CSNPRAPWVLK077155', 'Truck', 'EVORA', '2012', 'Lotus', 'Gas', 301, 'original equipment manufacturer (OEM) parts; ');
INSERT INTO Color (vin, color_name) VALUES ('CSNPRAPWVLK077155', 'Brown');
INSERT INTO Vehicle (vin, vehicle_type, model_name, model_year, manufacturer, fuel_type, horsepower, description) VALUES ('CTHLSVQRDHK945534', 'CUV', 'VANDEN PLAS', '2004', 'Jaguar', 'Gas', 221, 'rack and pinion steering; automatic torque converter; ');
INSERT INTO Color (vin, color_name) VALUES ('CTHLSVQRDHK945534', 'Beige');
INSERT INTO Vehicle (vin, vehicle_type, model_name, model_year, manufacturer, fuel_type, horsepower, description) VALUES ('CXQF7TZKIH0415109', 'Truck', 'RL', '2010', 'Acura', 'Gas', 253, '');
INSERT INTO Color (vin, color_name) VALUES ('CXQF7TZKIH0415109', 'Bronze');
INSERT INTO Vehicle (vin, vehicle_type, model_name, model_year, manufacturer, fuel_type, horsepower, description) VALUES ('CYQY2QF8RNA506595', 'Coupe', 'DISCOVERY', '2015', 'Land Rover', 'Gas', 227, 'autotachometer; power train; ');
INSERT INTO Color (vin, color_name) VALUES ('CYQY2QF8RNA506595', 'Purple');
INSERT INTO Vehicle (vin, vehicle_type, model_name, model_year, manufacturer, fuel_type, horsepower, description) VALUES ('DD7UUCMRURY754125', 'Van', 'CAYENNE', '2003', 'Porsche', 'Diesel', 307, 'minivan; ');
INSERT INTO Color (vin, color_name) VALUES ('DD7UUCMRURY754125', 'Black');
INSERT INTO Color (vin, color_name) VALUES ('DD7UUCMRURY754125', 'Cream');
INSERT INTO Vehicle (vin, vehicle_type, model_name, model_year, manufacturer, fuel_type, horsepower, description) VALUES ('DKYDDY0GPGN009571', 'Convertible', 'ELANTRA', '2003', 'Hyundai', 'Gas', 186, 'crumple zones; ');
INSERT INTO Color (vin, color_name) VALUES ('DKYDDY0GPGN009571', 'Cream');
INSERT INTO Color (vin, color_name) VALUES ('DKYDDY0GPGN009571', 'Metallic');
INSERT INTO Color (vin, color_name) VALUES ('DKYDDY0GPGN009571', 'Purple');
INSERT INTO Vehicle (vin, vehicle_type, model_name, model_year, manufacturer, fuel_type, horsepower, description) VALUES ('DLCCHFQS6JE933115', 'Minivan', 'GS-6 PROS', '2023', 'Karma', 'Hybrid', 222, 'wide cam; high block; ');
INSERT INTO Color (vin, color_name) VALUES ('DLCCHFQS6JE933115', 'Black');
INSERT INTO Vehicle (vin, vehicle_type, model_name, model_year, manufacturer, fuel_type, horsepower, description) VALUES ('DLDOWAZWISG772813', 'Coupe', 'ML550', '2009', 'Mercedes-Benz', 'Gas', 352, 'hydraulic brakes; ');
INSERT INTO Color (vin, color_name) VALUES ('DLDOWAZWISG772813', 'Brown');
INSERT INTO Color (vin, color_name) VALUES ('DLDOWAZWISG772813', 'Tan');
INSERT INTO Vehicle (vin, vehicle_type, model_name, model_year, manufacturer, fuel_type, horsepower, description) VALUES ('DOR3YLSX4O5307917', 'CUV', 'S8', '2003', 'Audi', 'Gas', 283, 'rear wheel drive; ');
INSERT INTO Color (vin, color_name) VALUES ('DOR3YLSX4O5307917', 'Bronze');
INSERT INTO Color (vin, color_name) VALUES ('DOR3YLSX4O5307917', 'Green');
INSERT INTO Color (vin, color_name) VALUES ('DOR3YLSX4O5307917', 'Turquoise');
INSERT INTO Vehicle (vin, vehicle_type, model_name, model_year, manufacturer, fuel_type, horsepower, description) VALUES ('DQ5QCUL84PJ297334', 'Convertible', 'TJ', '2005', 'Jeep', 'Hybrid', 162, 'power train; ');
INSERT INTO Color (vin, color_name) VALUES ('DQ5QCUL84PJ297334', 'Copper');
INSERT INTO Vehicle (vin, vehicle_type, model_name, model_year, manufacturer, fuel_type, horsepower, description) VALUES ('DTPFWL37FTZ702472', 'Van', 'ML63 AMG', '2014', 'Mercedes-Benz', 'Gas', 347, 'super new ignition system; front wheel drive; power train; ');
INSERT INTO Color (vin, color_name) VALUES ('DTPFWL37FTZ702472', 'Navy');
INSERT INTO Vehicle (vin, vehicle_type, model_name, model_year, manufacturer, fuel_type, horsepower, description) VALUES ('DXFJFHB2O8J213290', 'Sedan', 'EXPRESS 3500', '2004', 'Chevrolet', 'Plugin Hybrid', 236, 'crankcase; ');
INSERT INTO Color (vin, color_name) VALUES ('DXFJFHB2O8J213290', 'Maroon');
INSERT INTO Vehicle (vin, vehicle_type, model_name, model_year, manufacturer, fuel_type, horsepower, description) VALUES ('E40MBYWNZSL194135', 'Minivan', 'SHARAN', '2006', 'Volkswagen', 'Gas', 209, 'sturdy rear axle assembly; ');
INSERT INTO Color (vin, color_name) VALUES ('E40MBYWNZSL194135', 'Bronze');
INSERT INTO Vehicle (vin, vehicle_type, model_name, model_year, manufacturer, fuel_type, horsepower, description) VALUES ('ECEPA3GAEIK299733', 'Truck', 'XLR', '2009', 'Cadillac', 'Plugin Hybrid', 254, 'can be used as sports car; ');
INSERT INTO Color (vin, color_name) VALUES ('ECEPA3GAEIK299733', 'Maroon');
INSERT INTO Vehicle (vin, vehicle_type, model_name, model_year, manufacturer, fuel_type, horsepower, description) VALUES ('EE1BIYLSYRH856452', 'Convertible', 'GS-6', '2021', 'Karma', 'Gas', 170, '');
INSERT INTO Color (vin, color_name) VALUES ('EE1BIYLSYRH856452', 'Black');
INSERT INTO Color (vin, color_name) VALUES ('EE1BIYLSYRH856452', 'Gray');
INSERT INTO Color (vin, color_name) VALUES ('EE1BIYLSYRH856452', 'White');
INSERT INTO Vehicle (vin, vehicle_type, model_name, model_year, manufacturer, fuel_type, horsepower, description) VALUES ('EIA3R8DZFZH945841', 'Sedan', 'OUTLANDER', '2005', 'Mitsubishi', 'Battery', 235, '');
INSERT INTO Color (vin, color_name) VALUES ('EIA3R8DZFZH945841', 'Yellow');
INSERT INTO Vehicle (vin, vehicle_type, model_name, model_year, manufacturer, fuel_type, horsepower, description) VALUES ('ETXMDO17CH5710002', 'Convertible', 'QX80', '2015', 'INFINITI', 'Gas', 158, 'manual transmission; ');
INSERT INTO Color (vin, color_name) VALUES ('ETXMDO17CH5710002', 'Tan');
INSERT INTO Vehicle (vin, vehicle_type, model_name, model_year, manufacturer, fuel_type, horsepower, description) VALUES ('EURVOJ6RTMZ196274', 'Sedan', '4C', '2015', 'Alfa Romeo', 'Battery', 206, 'gap; ');
INSERT INTO Color (vin, color_name) VALUES ('EURVOJ6RTMZ196274', 'Pink');
INSERT INTO Vehicle (vin, vehicle_type, model_name, model_year, manufacturer, fuel_type, horsepower, description) VALUES ('F7LIAJMEUB4950361', 'CUV', 'R1T', '2023', 'Rivian', 'Gas', 233, 'best possible traction; ');
INSERT INTO Color (vin, color_name) VALUES ('F7LIAJMEUB4950361', 'Metallic');
INSERT INTO Vehicle (vin, vehicle_type, model_name, model_year, manufacturer, fuel_type, horsepower, description) VALUES ('FBQBTRRHZVG159504', 'Minivan', 'GALLARDO', '2011', 'Lamborghini', 'Gas', 182, 'high quality carburetor; ');
INSERT INTO Color (vin, color_name) VALUES ('FBQBTRRHZVG159504', 'Beige');
INSERT INTO Vehicle (vin, vehicle_type, model_name, model_year, manufacturer, fuel_type, horsepower, description) VALUES ('FBW1SNMBJRO366159', 'Convertible', 'MITO', '2015', 'Alfa Romeo', 'Gas', 173, 'unibody construction; anti-lock brake system (ABS); wide cam; ');
INSERT INTO Color (vin, color_name) VALUES ('FBW1SNMBJRO366159', 'Blue');
INSERT INTO Vehicle (vin, vehicle_type, model_name, model_year, manufacturer, fuel_type, horsepower, description) VALUES ('FC6FEI1DRRR729956', 'Convertible', 'SEDAN', '2002', 'Volkswagen', 'Hybrid', 180, 'great rpms; ');
INSERT INTO Color (vin, color_name) VALUES ('FC6FEI1DRRR729956', 'Claret');
INSERT INTO Vehicle (vin, vehicle_type, model_name, model_year, manufacturer, fuel_type, horsepower, description) VALUES ('FLTEHVIT7TR845477', 'CUV', 'A3', '2007', 'Audi', 'Diesel', 357, '');
INSERT INTO Color (vin, color_name) VALUES ('FLTEHVIT7TR845477', 'Copper');
INSERT INTO Color (vin, color_name) VALUES ('FLTEHVIT7TR845477', 'Green');
INSERT INTO Color (vin, color_name) VALUES ('FLTEHVIT7TR845477', 'Yellow');
INSERT INTO Vehicle (vin, vehicle_type, model_name, model_year, manufacturer, fuel_type, horsepower, description) VALUES ('FPS6SWVNJ46262208', 'Minivan', 'SANTA FE', '2002', 'Hyundai', 'Gas', 219, 'high volume cylinder; great engine; ');
INSERT INTO Color (vin, color_name) VALUES ('FPS6SWVNJ46262208', 'Yellow');
INSERT INTO Vehicle (vin, vehicle_type, model_name, model_year, manufacturer, fuel_type, horsepower, description) VALUES ('FTU4SK7135C710080', 'SUV', 'S', '2012', 'Tesla', 'Hybrid', 391, 'best oil pump; ');
INSERT INTO Color (vin, color_name) VALUES ('FTU4SK7135C710080', 'Bronze');
INSERT INTO Vehicle (vin, vehicle_type, model_name, model_year, manufacturer, fuel_type, horsepower, description) VALUES ('G3GBYJSRTYT942116', 'Coupe', '535I', '2009', 'BMW', 'Battery', 397, 'automatic safety features; electronic transmission; super new ignition system; ');
INSERT INTO Color (vin, color_name) VALUES ('G3GBYJSRTYT942116', 'Aluminum');
INSERT INTO Vehicle (vin, vehicle_type, model_name, model_year, manufacturer, fuel_type, horsepower, description) VALUES ('G3UZL1VEZEM344261', 'Convertible', 'REGAL', '2003', 'Buick', 'Hybrid', 185, 'sturdy rear axle assembly; ');
INSERT INTO Color (vin, color_name) VALUES ('G3UZL1VEZEM344261', 'Brown');
INSERT INTO Vehicle (vin, vehicle_type, model_name, model_year, manufacturer, fuel_type, horsepower, description) VALUES ('G4PAVREW7K2826838', 'Coupe', 'DB9', '2012', 'Aston Martin', 'Gas', 324, 'automatic transmission; ');
INSERT INTO Color (vin, color_name) VALUES ('G4PAVREW7K2826838', 'Blue');
INSERT INTO Vehicle (vin, vehicle_type, model_name, model_year, manufacturer, fuel_type, horsepower, description) VALUES ('GDXK0JVJI0R636667', 'Sedan', 'FM-SP', '2002', 'Mitsubishi', 'Hybrid', 154, '');
INSERT INTO Color (vin, color_name) VALUES ('GDXK0JVJI0R636667', 'Aluminum');
INSERT INTO Color (vin, color_name) VALUES ('GDXK0JVJI0R636667', 'Black');
INSERT INTO Color (vin, color_name) VALUES ('GDXK0JVJI0R636667', 'Red');
INSERT INTO Vehicle (vin, vehicle_type, model_name, model_year, manufacturer, fuel_type, horsepower, description) VALUES ('GH8SBHTMEBB721980', 'Van', 'GRANDE PUNTO', '2007', 'FIAT', 'Gas', 351, 'rear wheel drive; supernew catalytic converter; great stabilizer bar; ');
INSERT INTO Color (vin, color_name) VALUES ('GH8SBHTMEBB721980', 'Copper');
INSERT INTO Vehicle (vin, vehicle_type, model_name, model_year, manufacturer, fuel_type, horsepower, description) VALUES ('GHMZYD6YMKB413330', 'Convertible', 'PATHFINDER', '2006', 'Nissan', 'Gas', 163, '');
INSERT INTO Color (vin, color_name) VALUES ('GHMZYD6YMKB413330', 'Blue');
INSERT INTO Color (vin, color_name) VALUES ('GHMZYD6YMKB413330', 'Silver');
INSERT INTO Vehicle (vin, vehicle_type, model_name, model_year, manufacturer, fuel_type, horsepower, description) VALUES ('GJWDBBORYJD234673', 'Minivan', 'TSURU', '2006', 'Nissan', 'Gas', 195, '');
INSERT INTO Color (vin, color_name) VALUES ('GJWDBBORYJD234673', 'Silver');
INSERT INTO Vehicle (vin, vehicle_type, model_name, model_year, manufacturer, fuel_type, horsepower, description) VALUES ('GMBNKKL7OGQ240104', 'SUV', 'DB9', '2013', 'Aston Martin', 'Fuel Cell', 355, 'sturdy rear axle assembly; automatic safety features; pickup; ');
INSERT INTO Color (vin, color_name) VALUES ('GMBNKKL7OGQ240104', 'Purple');
INSERT INTO Vehicle (vin, vehicle_type, model_name, model_year, manufacturer, fuel_type, horsepower, description) VALUES ('GMLZ3HXD33V025329', 'Convertible', 'M45', '2003', 'INFINITI', 'Battery', 167, '');
INSERT INTO Color (vin, color_name) VALUES ('GMLZ3HXD33V025329', 'Purple');
INSERT INTO Color (vin, color_name) VALUES ('GMLZ3HXD33V025329', 'White');
INSERT INTO Vehicle (vin, vehicle_type, model_name, model_year, manufacturer, fuel_type, horsepower, description) VALUES ('GR0RVMPW4XI181018', 'Convertible', 'REGAL', '2002', 'Buick', 'Gas', 196, 'detail; ');
INSERT INTO Color (vin, color_name) VALUES ('GR0RVMPW4XI181018', 'Black');
INSERT INTO Vehicle (vin, vehicle_type, model_name, model_year, manufacturer, fuel_type, horsepower, description) VALUES ('GTBYGLSYL1E755778', 'Sedan', 'ALMERA', '2004', 'Nissan', 'Gas', 223, 'minivan; four-wheel drive; ');
INSERT INTO Color (vin, color_name) VALUES ('GTBYGLSYL1E755778', 'Brown');
INSERT INTO Vehicle (vin, vehicle_type, model_name, model_year, manufacturer, fuel_type, horsepower, description) VALUES ('GUSD5Z52ID6316641', 'Van', 'CTS', '2007', 'Cadillac', 'Gas', 294, 'automatic transmission; pickup; ');
INSERT INTO Color (vin, color_name) VALUES ('GUSD5Z52ID6316641', 'Pink');
INSERT INTO Vehicle (vin, vehicle_type, model_name, model_year, manufacturer, fuel_type, horsepower, description) VALUES ('H0M0QQ4Q0FN101290', 'Convertible', 'EMGRAND', '2021', 'Geeley', 'Gas', 179, '');
INSERT INTO Color (vin, color_name) VALUES ('H0M0QQ4Q0FN101290', 'Cream');
INSERT INTO Color (vin, color_name) VALUES ('H0M0QQ4Q0FN101290', 'Navy');
INSERT INTO Vehicle (vin, vehicle_type, model_name, model_year, manufacturer, fuel_type, horsepower, description) VALUES ('H2032G2DS5D863208', 'Minivan', 'XC70', '2009', 'Volvo', 'Diesel', 241, 'innovative air bags; wide transaxle; ');
INSERT INTO Color (vin, color_name) VALUES ('H2032G2DS5D863208', 'Cream');
INSERT INTO Vehicle (vin, vehicle_type, model_name, model_year, manufacturer, fuel_type, horsepower, description) VALUES ('H3NLVG1FUZX147919', 'CUV', 'PACIFICA', '2008', 'Chrysler', 'Gas', 277, '');
INSERT INTO Color (vin, color_name) VALUES ('H3NLVG1FUZX147919', 'Gold');
INSERT INTO Vehicle (vin, vehicle_type, model_name, model_year, manufacturer, fuel_type, horsepower, description) VALUES ('HD1EA820DKW043837', 'SUV', 'CAYMAN', '2015', 'Porsche', 'Gas', 247, '');
INSERT INTO Color (vin, color_name) VALUES ('HD1EA820DKW043837', 'Red');
INSERT INTO Vehicle (vin, vehicle_type, model_name, model_year, manufacturer, fuel_type, horsepower, description) VALUES ('HSJNIY2UV32447249', 'Minivan', 'ZDX', '2013', 'Acura', 'Gas', 194, 'small spark plug gap; ');
INSERT INTO Color (vin, color_name) VALUES ('HSJNIY2UV32447249', 'Red');
INSERT INTO Vehicle (vin, vehicle_type, model_name, model_year, manufacturer, fuel_type, horsepower, description) VALUES ('HV4CWSMM84O846378', 'Convertible', 'MURANO', '2013', 'Nissan', 'Fuel Cell', 172, 'front wheel drive; ');
INSERT INTO Color (vin, color_name) VALUES ('HV4CWSMM84O846378', 'Blue');
INSERT INTO Vehicle (vin, vehicle_type, model_name, model_year, manufacturer, fuel_type, horsepower, description) VALUES ('I3M7NWUR0GJ946930', 'Van', 'CIRRUS', '2002', 'Chrysler', 'Plugin Hybrid', 309, 'great engine; modern dashboard; engine displacement; ');
INSERT INTO Color (vin, color_name) VALUES ('I3M7NWUR0GJ946930', 'Green');
INSERT INTO Vehicle (vin, vehicle_type, model_name, model_year, manufacturer, fuel_type, horsepower, description) VALUES ('I7B0O1H2OO8586909', 'SUV', 'BOXSTER', '2006', 'Porsche', 'Gas', 341, 'original equipment manufacturer (OEM) parts; oversteer; ');
INSERT INTO Color (vin, color_name) VALUES ('I7B0O1H2OO8586909', 'Tan');
INSERT INTO Vehicle (vin, vehicle_type, model_name, model_year, manufacturer, fuel_type, horsepower, description) VALUES ('IESD5FO6UYK261715', 'Coupe', 'EVORA', '2011', 'Lotus', 'Gas', 314, 'ultra new transmission; ');
INSERT INTO Color (vin, color_name) VALUES ('IESD5FO6UYK261715', 'Red');
INSERT INTO Vehicle (vin, vehicle_type, model_name, model_year, manufacturer, fuel_type, horsepower, description) VALUES ('IFBMBJ1L600560567', 'Truck', 'RAM 1500 TRUCK', '2007', 'Dodge', 'Hybrid', 274, 'engine displacement; ');
INSERT INTO Color (vin, color_name) VALUES ('IFBMBJ1L600560567', 'Orange');
INSERT INTO Vehicle (vin, vehicle_type, model_name, model_year, manufacturer, fuel_type, horsepower, description) VALUES ('IGCYVATVIYZ078682', 'SUV', 'C70', '2011', 'Volvo', 'Gas', 436, '');
INSERT INTO Color (vin, color_name) VALUES ('IGCYVATVIYZ078682', 'Brown');
INSERT INTO Vehicle (vin, vehicle_type, model_name, model_year, manufacturer, fuel_type, horsepower, description) VALUES ('IQV1YQ3IV7V327698', 'SUV', 'MATIZ', '2011', 'Chevrolet', 'Gas', 353, '');
INSERT INTO Color (vin, color_name) VALUES ('IQV1YQ3IV7V327698', 'Green');
INSERT INTO Color (vin, color_name) VALUES ('IQV1YQ3IV7V327698', 'Turquoise');
INSERT INTO Vehicle (vin, vehicle_type, model_name, model_year, manufacturer, fuel_type, horsepower, description) VALUES ('ITNTBT3I3K1112168', 'Truck', '300C', '2014', 'Chrysler', 'Gas', 329, 'overdrive; ');
INSERT INTO Color (vin, color_name) VALUES ('ITNTBT3I3K1112168', 'Brown');
INSERT INTO Vehicle (vin, vehicle_type, model_name, model_year, manufacturer, fuel_type, horsepower, description) VALUES ('IVZVZYNIOWU741253', 'Minivan', 'SAVANA 4500', '2013', 'GMC', 'Gas', 192, '');
INSERT INTO Color (vin, color_name) VALUES ('IVZVZYNIOWU741253', 'Metallic');
INSERT INTO Vehicle (vin, vehicle_type, model_name, model_year, manufacturer, fuel_type, horsepower, description) VALUES ('IZ7QWUEGB3H617828', 'Coupe', '300M', '2003', 'Chrysler', 'Plugin Hybrid', 237, 'detail; ');
INSERT INTO Color (vin, color_name) VALUES ('IZ7QWUEGB3H617828', 'Gray');
INSERT INTO Vehicle (vin, vehicle_type, model_name, model_year, manufacturer, fuel_type, horsepower, description) VALUES ('JCDM7P6FYYP189674', 'Convertible', 'X6', '2008', 'BMW', 'Gas', 193, 'rear wheel drive; air filtration system; ');
INSERT INTO Color (vin, color_name) VALUES ('JCDM7P6FYYP189674', 'Black');
INSERT INTO Color (vin, color_name) VALUES ('JCDM7P6FYYP189674', 'Gold');
INSERT INTO Color (vin, color_name) VALUES ('JCDM7P6FYYP189674', 'Pink');
INSERT INTO Vehicle (vin, vehicle_type, model_name, model_year, manufacturer, fuel_type, horsepower, description) VALUES ('JDZCMB67NYJ067633', 'CUV', 'PANAMERA', '2011', 'Porsche', 'Diesel', 240, 'all passive safety features; ');
INSERT INTO Color (vin, color_name) VALUES ('JDZCMB67NYJ067633', 'Red');
INSERT INTO Vehicle (vin, vehicle_type, model_name, model_year, manufacturer, fuel_type, horsepower, description) VALUES ('JQA3ZA51WW8465344', 'CUV', 'PATHFINDER', '2003', 'Nissan', 'Gas', 239, 'wide chassis; ');
INSERT INTO Color (vin, color_name) VALUES ('JQA3ZA51WW8465344', 'Copper');
INSERT INTO Vehicle (vin, vehicle_type, model_name, model_year, manufacturer, fuel_type, horsepower, description) VALUES ('JUU4F0TYK4A947289', 'Convertible', 'ELISE', '2006', 'Lotus', 'Gas', 190, '');
INSERT INTO Color (vin, color_name) VALUES ('JUU4F0TYK4A947289', 'Gray');
INSERT INTO Color (vin, color_name) VALUES ('JUU4F0TYK4A947289', 'Metallic');
INSERT INTO Vehicle (vin, vehicle_type, model_name, model_year, manufacturer, fuel_type, horsepower, description) VALUES ('JVQ8ZELPGF5916074', 'Minivan', 'PALIO', '2008', 'FIAT', 'Gas', 219, 'no redline; ');
INSERT INTO Color (vin, color_name) VALUES ('JVQ8ZELPGF5916074', 'Tan');
INSERT INTO Vehicle (vin, vehicle_type, model_name, model_year, manufacturer, fuel_type, horsepower, description) VALUES ('KEQ2CFPH7RO593605', 'Van', 'VAN 1000', '2008', 'Dodge', 'Fuel Cell', 276, 'broad wheelbase; ');
INSERT INTO Color (vin, color_name) VALUES ('KEQ2CFPH7RO593605', 'Rose');
INSERT INTO Vehicle (vin, vehicle_type, model_name, model_year, manufacturer, fuel_type, horsepower, description) VALUES ('KG8BHN0NTUF642399', 'Convertible', 'RIO5', '2010', 'Kia', 'Hybrid', 151, 'high block; ');
INSERT INTO Color (vin, color_name) VALUES ('KG8BHN0NTUF642399', 'Claret');
INSERT INTO Vehicle (vin, vehicle_type, model_name, model_year, manufacturer, fuel_type, horsepower, description) VALUES ('KKEJDR1DEYM433866', 'Sedan', 'RX400H', '2008', 'Lexus', 'Gas', 177, 'high torque; small spark plug gap; ');
INSERT INTO Color (vin, color_name) VALUES ('KKEJDR1DEYM433866', 'Navy');
INSERT INTO Vehicle (vin, vehicle_type, model_name, model_year, manufacturer, fuel_type, horsepower, description) VALUES ('KLE3XPYFTO6494665', 'Truck', 'TIBURON', '2003', 'Hyundai', 'Gas', 307, '');
INSERT INTO Color (vin, color_name) VALUES ('KLE3XPYFTO6494665', 'Pink');
INSERT INTO Vehicle (vin, vehicle_type, model_name, model_year, manufacturer, fuel_type, horsepower, description) VALUES ('KPDR2Q24D25119360', 'Minivan', 'ES8 NEW', '2023', 'Nio', 'Gas', 249, '');
INSERT INTO Color (vin, color_name) VALUES ('KPDR2Q24D25119360', 'Metallic');
INSERT INTO Vehicle (vin, vehicle_type, model_name, model_year, manufacturer, fuel_type, horsepower, description) VALUES ('KUG7KOVDXOY323266', 'Coupe', 'MP4-12C', '2013', 'McLaren', 'Gas', 263, 'sport utility vehicle-SUV; ');
INSERT INTO Color (vin, color_name) VALUES ('KUG7KOVDXOY323266', 'Rust');
INSERT INTO Vehicle (vin, vehicle_type, model_name, model_year, manufacturer, fuel_type, horsepower, description) VALUES ('KZ0SACUMQTT627927', 'Convertible', 'DBS', '2012', 'Aston Martin', 'Gas', 176, 'air filtration system; ');
INSERT INTO Color (vin, color_name) VALUES ('KZ0SACUMQTT627927', 'White');
INSERT INTO Vehicle (vin, vehicle_type, model_name, model_year, manufacturer, fuel_type, horsepower, description) VALUES ('L7OR57TJ78J722023', 'SUV', 'A4 QUATTRO', '2011', 'Audi', 'Battery', 389, 'high quality carburetor; ');
INSERT INTO Color (vin, color_name) VALUES ('L7OR57TJ78J722023', 'Navy');
INSERT INTO Vehicle (vin, vehicle_type, model_name, model_year, manufacturer, fuel_type, horsepower, description) VALUES ('LBOZN1LVD46821421', 'Coupe', '918 SPYDER', '2015', 'Porsche', 'Gas', 267, 'very hard struts; ');
INSERT INTO Color (vin, color_name) VALUES ('LBOZN1LVD46821421', 'Blue');
INSERT INTO Vehicle (vin, vehicle_type, model_name, model_year, manufacturer, fuel_type, horsepower, description) VALUES ('LEDF5CRGFJL596318', 'Minivan', 'WRANGLER', '2010', 'Jeep', 'Gas', 190, 'high torque; ');
INSERT INTO Color (vin, color_name) VALUES ('LEDF5CRGFJL596318', 'Yellow');
INSERT INTO Vehicle (vin, vehicle_type, model_name, model_year, manufacturer, fuel_type, horsepower, description) VALUES ('LEL1EDGLIJB218949', 'Sedan', 'RANGE ROVER SPORT', '2006', 'Land Rover', 'Gas', 167, 'broad wheelbase; ');
INSERT INTO Color (vin, color_name) VALUES ('LEL1EDGLIJB218949', 'Purple');
INSERT INTO Vehicle (vin, vehicle_type, model_name, model_year, manufacturer, fuel_type, horsepower, description) VALUES ('LEQEZHIL372503269', 'Minivan', 'GIULIETTA', '2014', 'Alfa Romeo', 'Gas', 242, 'best sedan; ');
INSERT INTO Color (vin, color_name) VALUES ('LEQEZHIL372503269', 'Navy');
INSERT INTO Vehicle (vin, vehicle_type, model_name, model_year, manufacturer, fuel_type, horsepower, description) VALUES ('LGC76I73Q43597619', 'Coupe', 'GRANTURISMO', '2010', 'Maserati', 'Battery', 234, 'drive shaft; four-wheel drive; ');
INSERT INTO Color (vin, color_name) VALUES ('LGC76I73Q43597619', 'Brown');
INSERT INTO Vehicle (vin, vehicle_type, model_name, model_year, manufacturer, fuel_type, horsepower, description) VALUES ('LLAES6UX7PE080692', 'CUV', 'RANGE ROVER EVOQUE', '2013', 'Land Rover', 'Gas', 279, 'great engine; ');
INSERT INTO Color (vin, color_name) VALUES ('LLAES6UX7PE080692', 'Black');
INSERT INTO Color (vin, color_name) VALUES ('LLAES6UX7PE080692', 'Blue');
INSERT INTO Vehicle (vin, vehicle_type, model_name, model_year, manufacturer, fuel_type, horsepower, description) VALUES ('LLUBKYOAHHE880633', 'Convertible', 'SEDONA', '2006', 'Kia', 'Gas', 177, 'modern dashboard; ');
INSERT INTO Color (vin, color_name) VALUES ('LLUBKYOAHHE880633', 'Bronze');
INSERT INTO Color (vin, color_name) VALUES ('LLUBKYOAHHE880633', 'Copper');
INSERT INTO Color (vin, color_name) VALUES ('LLUBKYOAHHE880633', 'Yellow');
INSERT INTO Vehicle (vin, vehicle_type, model_name, model_year, manufacturer, fuel_type, horsepower, description) VALUES ('M07I6J8WOKL966353', 'SUV', 'BEETLE', '2010', 'Volkswagen', 'Gas', 264, 'broad wheelbase; ');
INSERT INTO Color (vin, color_name) VALUES ('M07I6J8WOKL966353', 'Black');
INSERT INTO Color (vin, color_name) VALUES ('M07I6J8WOKL966353', 'Gold');
INSERT INTO Color (vin, color_name) VALUES ('M07I6J8WOKL966353', 'Gray');
INSERT INTO Vehicle (vin, vehicle_type, model_name, model_year, manufacturer, fuel_type, horsepower, description) VALUES ('M0LLCXP5H7J310101', 'Sedan', 'LACROSSE', '2007', 'Buick', 'Gas', 116, 'front axle assembly; ');
INSERT INTO Color (vin, color_name) VALUES ('M0LLCXP5H7J310101', 'Purple');
INSERT INTO Vehicle (vin, vehicle_type, model_name, model_year, manufacturer, fuel_type, horsepower, description) VALUES ('M1HFENPSVSL450248', 'Minivan', 'XINGYUE L', '2022', 'Geeley', 'Diesel', 213, 'high differential; ');
INSERT INTO Color (vin, color_name) VALUES ('M1HFENPSVSL450248', 'Silver');
INSERT INTO Vehicle (vin, vehicle_type, model_name, model_year, manufacturer, fuel_type, horsepower, description) VALUES ('M1VVHWPORQR461359', 'Van', 'ROADSTER', '2009', 'Tesla', 'Gas', 273, 'air filtration system; ');
INSERT INTO Color (vin, color_name) VALUES ('M1VVHWPORQR461359', 'Metallic');
INSERT INTO Vehicle (vin, vehicle_type, model_name, model_year, manufacturer, fuel_type, horsepower, description) VALUES ('MD18NLSWMB4832949', 'SUV', 'LACROSSE', '2008', 'Buick', 'Gas', 405, '');
INSERT INTO Color (vin, color_name) VALUES ('MD18NLSWMB4832949', 'Orange');
INSERT INTO Vehicle (vin, vehicle_type, model_name, model_year, manufacturer, fuel_type, horsepower, description) VALUES ('MFCEDCRIYU1438485', 'Sedan', 'ELISE', '2005', 'Lotus', 'Gas', 101, 'manual transmission; ');
INSERT INTO Color (vin, color_name) VALUES ('MFCEDCRIYU1438485', 'Gold');
INSERT INTO Vehicle (vin, vehicle_type, model_name, model_year, manufacturer, fuel_type, horsepower, description) VALUES ('MGIHKQRZQ3I865167', 'CUV', 'OUTBACK', '2006', 'Subaru', 'Gas', 295, 'small spark plug gap; ');
INSERT INTO Color (vin, color_name) VALUES ('MGIHKQRZQ3I865167', 'Rose');
INSERT INTO Vehicle (vin, vehicle_type, model_name, model_year, manufacturer, fuel_type, horsepower, description) VALUES ('MKBNHXQ0YCV993030', 'Minivan', 'FM-SP', '2002', 'Mitsubishi', 'Gas', 252, '');
INSERT INTO Color (vin, color_name) VALUES ('MKBNHXQ0YCV993030', 'Rose');
INSERT INTO Vehicle (vin, vehicle_type, model_name, model_year, manufacturer, fuel_type, horsepower, description) VALUES ('MLQIF1Z0TMV429595', 'Van', 'ES350', '2010', 'Lexus', 'Battery', 316, '');
INSERT INTO Color (vin, color_name) VALUES ('MLQIF1Z0TMV429595', 'Pink');
INSERT INTO Vehicle (vin, vehicle_type, model_name, model_year, manufacturer, fuel_type, horsepower, description) VALUES ('MO22767RXSI895117', 'Coupe', 'NSS250 REFLEX', '2005', 'Honda', 'Gas', 350, 'hydraulic brakes; ');
INSERT INTO Color (vin, color_name) VALUES ('MO22767RXSI895117', 'Cream');
INSERT INTO Color (vin, color_name) VALUES ('MO22767RXSI895117', 'Gray');
INSERT INTO Vehicle (vin, vehicle_type, model_name, model_year, manufacturer, fuel_type, horsepower, description) VALUES ('MQY15YFZ5CB825109', 'Van', 'RANGE ROVER EVOQUE', '2015', 'Land Rover', 'Gas', 331, '');
INSERT INTO Color (vin, color_name) VALUES ('MQY15YFZ5CB825109', 'Beige');
INSERT INTO Vehicle (vin, vehicle_type, model_name, model_year, manufacturer, fuel_type, horsepower, description) VALUES ('MXQN4LATRKB695732', 'Van', 'C6500 TOPKICK', '2002', 'GMC', 'Gas', 352, 'wide chassis; ');
INSERT INTO Color (vin, color_name) VALUES ('MXQN4LATRKB695732', 'Aluminum');
INSERT INTO Vehicle (vin, vehicle_type, model_name, model_year, manufacturer, fuel_type, horsepower, description) VALUES ('N5NZQJ4VDI0775398', 'Sedan', 'CONTINENTAL', '2014', 'Bentley', 'Gas', 113, 'high differential; ');
INSERT INTO Color (vin, color_name) VALUES ('N5NZQJ4VDI0775398', 'Cream');
INSERT INTO Color (vin, color_name) VALUES ('N5NZQJ4VDI0775398', 'Green');
INSERT INTO Vehicle (vin, vehicle_type, model_name, model_year, manufacturer, fuel_type, horsepower, description) VALUES ('N6N74WLAP33523834', 'Convertible', 'RL', '2010', 'Acura', 'Gas', 164, 'super new ignition system; ');
INSERT INTO Color (vin, color_name) VALUES ('N6N74WLAP33523834', 'Turquoise');
INSERT INTO Vehicle (vin, vehicle_type, model_name, model_year, manufacturer, fuel_type, horsepower, description) VALUES ('N6SHU6PIZHU230217', 'SUV', '4C', '2015', 'Alfa Romeo', 'Gas', 337, 'active safety features; ');
INSERT INTO Color (vin, color_name) VALUES ('N6SHU6PIZHU230217', 'Maroon');
INSERT INTO Vehicle (vin, vehicle_type, model_name, model_year, manufacturer, fuel_type, horsepower, description) VALUES ('N7Z650PTGIP247286', 'SUV', 'C70', '2004', 'Volvo', 'Gas', 290, 'coupe; front wheel drive; ');
INSERT INTO Color (vin, color_name) VALUES ('N7Z650PTGIP247286', 'Blue');
INSERT INTO Vehicle (vin, vehicle_type, model_name, model_year, manufacturer, fuel_type, horsepower, description) VALUES ('NEWE3K53GY7625960', 'Truck', 'RAM 1500', '2004', 'Dodge', 'Battery', 322, 'hatchback; good piston; ');
INSERT INTO Color (vin, color_name) VALUES ('NEWE3K53GY7625960', 'Turquoise');
INSERT INTO Vehicle (vin, vehicle_type, model_name, model_year, manufacturer, fuel_type, horsepower, description) VALUES ('NG2R81BAMWW204013', 'Convertible', 'R1T', '2023', 'Rivian', 'Gas', 189, 'engine displacement; ');
INSERT INTO Color (vin, color_name) VALUES ('NG2R81BAMWW204013', 'Copper');
INSERT INTO Vehicle (vin, vehicle_type, model_name, model_year, manufacturer, fuel_type, horsepower, description) VALUES ('NR0UX0H7C2C321461', 'Van', 'ESCALADE ESV', '2009', 'Cadillac', 'Plugin Hybrid', 317, '');
INSERT INTO Color (vin, color_name) VALUES ('NR0UX0H7C2C321461', 'Brown');
INSERT INTO Vehicle (vin, vehicle_type, model_name, model_year, manufacturer, fuel_type, horsepower, description) VALUES ('NR8MRVX5E8D221451', 'Convertible', 'SPARK EV', '2014', 'Chevrolet', 'Gas', 196, '');
INSERT INTO Color (vin, color_name) VALUES ('NR8MRVX5E8D221451', 'Claret');
INSERT INTO Vehicle (vin, vehicle_type, model_name, model_year, manufacturer, fuel_type, horsepower, description) VALUES ('NVE4BVYKKN4430875', 'Truck', 'SPACE STAR', '2004', 'Mitsubishi', 'Diesel', 315, 'great rpms; ');
INSERT INTO Color (vin, color_name) VALUES ('NVE4BVYKKN4430875', 'Copper');
INSERT INTO Vehicle (vin, vehicle_type, model_name, model_year, manufacturer, fuel_type, horsepower, description) VALUES ('OJ3FX6U8I0E468699', 'Convertible', 'VANQUISH', '2002', 'Aston Martin', 'Diesel', 188, 'front wheel drive; ');
INSERT INTO Color (vin, color_name) VALUES ('OJ3FX6U8I0E468699', 'Rose');
INSERT INTO Vehicle (vin, vehicle_type, model_name, model_year, manufacturer, fuel_type, horsepower, description) VALUES ('OPBJWWEIHPI797081', 'CUV', 'ELISE', '2009', 'Lotus', 'Gas', 283, 'automatic safety features; ');
INSERT INTO Color (vin, color_name) VALUES ('OPBJWWEIHPI797081', 'Claret');
INSERT INTO Vehicle (vin, vehicle_type, model_name, model_year, manufacturer, fuel_type, horsepower, description) VALUES ('OQ11DGF6RTF163062', 'Truck', 'TRIBUTE', '2005', 'MAZDA', 'Battery', 277, 'broad wheelbase; ');
INSERT INTO Color (vin, color_name) VALUES ('OQ11DGF6RTF163062', 'Claret');
INSERT INTO Color (vin, color_name) VALUES ('OQ11DGF6RTF163062', 'Pink');
INSERT INTO Vehicle (vin, vehicle_type, model_name, model_year, manufacturer, fuel_type, horsepower, description) VALUES ('P6MQEVF1IQJ610623', 'Sedan', 'K1600GT', '2014', 'BMW', 'Gas', 230, 'best suspension; ');
INSERT INTO Color (vin, color_name) VALUES ('P6MQEVF1IQJ610623', 'Blue');
INSERT INTO Vehicle (vin, vehicle_type, model_name, model_year, manufacturer, fuel_type, horsepower, description) VALUES ('PBESRWYTH82112725', 'Minivan', 'RENDEZVOUS', '2006', 'Buick', 'Gas', 246, 'no redline; ');
INSERT INTO Color (vin, color_name) VALUES ('PBESRWYTH82112725', 'Black');
INSERT INTO Vehicle (vin, vehicle_type, model_name, model_year, manufacturer, fuel_type, horsepower, description) VALUES ('PEFFRGBZ281543143', 'Convertible', 'GRANTURISMO', '2014', 'Maserati', 'Gas', 192, 'wide cam; ');
INSERT INTO Color (vin, color_name) VALUES ('PEFFRGBZ281543143', 'Orange');
INSERT INTO Vehicle (vin, vehicle_type, model_name, model_year, manufacturer, fuel_type, horsepower, description) VALUES ('PIA08DCAJZT422690', 'CUV', 'LACROSSE', '2014', 'Buick', 'Hybrid', 327, 'best radiator; ');
INSERT INTO Color (vin, color_name) VALUES ('PIA08DCAJZT422690', 'Tan');
INSERT INTO Vehicle (vin, vehicle_type, model_name, model_year, manufacturer, fuel_type, horsepower, description) VALUES ('PLT6LAJER3K107458', 'Van', 'G9', '2022', 'XPeng', 'Diesel', 346, '');
INSERT INTO Color (vin, color_name) VALUES ('PLT6LAJER3K107458', 'Gray');
INSERT INTO Vehicle (vin, vehicle_type, model_name, model_year, manufacturer, fuel_type, horsepower, description) VALUES ('PPL8CACMUCW104005', 'Truck', 'FORTWO', '2010', 'smart', 'Gas', 330, 'high volume cylinder; ');
INSERT INTO Color (vin, color_name) VALUES ('PPL8CACMUCW104005', 'Claret');
INSERT INTO Color (vin, color_name) VALUES ('PPL8CACMUCW104005', 'Rose');
INSERT INTO Vehicle (vin, vehicle_type, model_name, model_year, manufacturer, fuel_type, horsepower, description) VALUES ('PPVYLZRPFEV326028', 'CUV', 'CSX', '2010', 'Acura', 'Gas', 271, 'wide cam; ');
INSERT INTO Color (vin, color_name) VALUES ('PPVYLZRPFEV326028', 'Rust');
INSERT INTO Vehicle (vin, vehicle_type, model_name, model_year, manufacturer, fuel_type, horsepower, description) VALUES ('PX3EBB0J75G953864', 'Minivan', 'XK8', '2002', 'Jaguar', 'Gas', 255, 'convertible; very hard struts; air filtration system; ');
INSERT INTO Color (vin, color_name) VALUES ('PX3EBB0J75G953864', 'White');
INSERT INTO Vehicle (vin, vehicle_type, model_name, model_year, manufacturer, fuel_type, horsepower, description) VALUES ('PXCNI2OSD7O895646', 'Minivan', 'FG140', '2006', 'Mitsubishi', 'Gas', 205, 'manual transmission; ');
INSERT INTO Color (vin, color_name) VALUES ('PXCNI2OSD7O895646', 'Turquoise');
INSERT INTO Vehicle (vin, vehicle_type, model_name, model_year, manufacturer, fuel_type, horsepower, description) VALUES ('PYPAPD46NJL873425', 'CUV', 'FORTWO', '2015', 'smart', 'Gas', 344, 'rear wheel drive; ');
INSERT INTO Color (vin, color_name) VALUES ('PYPAPD46NJL873425', 'Blue');
INSERT INTO Vehicle (vin, vehicle_type, model_name, model_year, manufacturer, fuel_type, horsepower, description) VALUES ('PZEF1VF3KOO767751', 'Truck', 'R1S NEW', '2021', 'Rivian', 'Gas', 336, 'best sedan; ');
INSERT INTO Color (vin, color_name) VALUES ('PZEF1VF3KOO767751', 'Orange');
INSERT INTO Vehicle (vin, vehicle_type, model_name, model_year, manufacturer, fuel_type, horsepower, description) VALUES ('PZF7JY7KVUR182613', 'SUV', 'FORFOUR', '2005', 'smart', 'Gas', 306, 'wide transaxle; hatchback; ');
INSERT INTO Color (vin, color_name) VALUES ('PZF7JY7KVUR182613', 'Brown');
INSERT INTO Vehicle (vin, vehicle_type, model_name, model_year, manufacturer, fuel_type, horsepower, description) VALUES ('Q2P2LK1ILHI808826', 'Truck', 'BAJA', '2004', 'Subaru', 'Gas', 273, 'high quality carburetor; supernew catalytic converter; ');
INSERT INTO Color (vin, color_name) VALUES ('Q2P2LK1ILHI808826', 'Rose');
INSERT INTO Vehicle (vin, vehicle_type, model_name, model_year, manufacturer, fuel_type, horsepower, description) VALUES ('Q60GMZWT47I158333', 'Coupe', 'GRANSPORT', '2006', 'Maserati', 'Hybrid', 347, 'wide chassis; ');
INSERT INTO Color (vin, color_name) VALUES ('Q60GMZWT47I158333', 'Maroon');
INSERT INTO Vehicle (vin, vehicle_type, model_name, model_year, manufacturer, fuel_type, horsepower, description) VALUES ('Q7YZUDKENN4246098', 'Truck', '325XI', '2005', 'BMW', 'Diesel', 264, '');
INSERT INTO Color (vin, color_name) VALUES ('Q7YZUDKENN4246098', 'Silver');
INSERT INTO Vehicle (vin, vehicle_type, model_name, model_year, manufacturer, fuel_type, horsepower, description) VALUES ('Q8DL7A5M6DW706622', 'Van', 'A6 QUATTRO', '2003', 'Audi', 'Gas', 281, 'rack and pinion steering; ');
INSERT INTO Color (vin, color_name) VALUES ('Q8DL7A5M6DW706622', 'Copper');
INSERT INTO Vehicle (vin, vehicle_type, model_name, model_year, manufacturer, fuel_type, horsepower, description) VALUES ('QEQSOYDPWY5042665', 'Truck', 'MITO', '2015', 'Alfa Romeo', 'Battery', 265, 'good piston; ');
INSERT INTO Color (vin, color_name) VALUES ('QEQSOYDPWY5042665', 'Yellow');
INSERT INTO Vehicle (vin, vehicle_type, model_name, model_year, manufacturer, fuel_type, horsepower, description) VALUES ('QH3G5SMTWL1655432', 'Sedan', 'FORTWO', '2011', 'smart', 'Gas', 119, 'disc brake; check the Monroney sticker - theer is nothing better than this vehicle; high block; ');
INSERT INTO Color (vin, color_name) VALUES ('QH3G5SMTWL1655432', 'Maroon');
INSERT INTO Vehicle (vin, vehicle_type, model_name, model_year, manufacturer, fuel_type, horsepower, description) VALUES ('QHAPGD3YQSF045388', 'Sedan', 'GS-6', '2023', 'Karma', 'Gas', 213, 'engine displacement; ');
INSERT INTO Color (vin, color_name) VALUES ('QHAPGD3YQSF045388', 'Blue');
INSERT INTO Vehicle (vin, vehicle_type, model_name, model_year, manufacturer, fuel_type, horsepower, description) VALUES ('QPWTK3WNUF0594711', 'Minivan', 'ML350', '2005', 'Mercedes-Benz', 'Gas', 191, 'good gear; power train; ');
INSERT INTO Color (vin, color_name) VALUES ('QPWTK3WNUF0594711', 'Rose');
INSERT INTO Vehicle (vin, vehicle_type, model_name, model_year, manufacturer, fuel_type, horsepower, description) VALUES ('QRDJE8YRD8U529603', 'Truck', 'GS-6 PROS', '2023', 'Karma', 'Gas', 343, '');
INSERT INTO Color (vin, color_name) VALUES ('QRDJE8YRD8U529603', 'Purple');
INSERT INTO Vehicle (vin, vehicle_type, model_name, model_year, manufacturer, fuel_type, horsepower, description) VALUES ('QWJUBFUE74W190495', 'SUV', 'LEGACY', '2013', 'Subaru', 'Plugin Hybrid', 243, 'disc brake; ');
INSERT INTO Color (vin, color_name) VALUES ('QWJUBFUE74W190495', 'Navy');
INSERT INTO Vehicle (vin, vehicle_type, model_name, model_year, manufacturer, fuel_type, horsepower, description) VALUES ('R6O7MCNZEA0553701', 'Convertible', 'LFA', '2012', 'Lexus', 'Gas', 169, 'great stabilizer bar; gap; normally aspirated; ');
INSERT INTO Color (vin, color_name) VALUES ('R6O7MCNZEA0553701', 'Metallic');
INSERT INTO Color (vin, color_name) VALUES ('R6O7MCNZEA0553701', 'Pink');
INSERT INTO Vehicle (vin, vehicle_type, model_name, model_year, manufacturer, fuel_type, horsepower, description) VALUES ('RBSQUJWFZ4A708786', 'Convertible', 'TSUBAME', '2004', 'Nissan', 'Diesel', 194, 'normally aspirated; fuel injection; gap; ');
INSERT INTO Color (vin, color_name) VALUES ('RBSQUJWFZ4A708786', 'Blue');
INSERT INTO Vehicle (vin, vehicle_type, model_name, model_year, manufacturer, fuel_type, horsepower, description) VALUES ('RCL5Y4CCCUM867263', 'CUV', 'RANGE ROVER SPORT', '2006', 'Land Rover', 'Plugin Hybrid', 280, 'original equipment manufacturer (OEM) parts; ');
INSERT INTO Color (vin, color_name) VALUES ('RCL5Y4CCCUM867263', 'Blue');
INSERT INTO Vehicle (vin, vehicle_type, model_name, model_year, manufacturer, fuel_type, horsepower, description) VALUES ('RJFS2TGCIQ3754282', 'Convertible', 'MKX', '2010', 'Lincoln', 'Gas', 179, '');
INSERT INTO Color (vin, color_name) VALUES ('RJFS2TGCIQ3754282', 'Pink');
INSERT INTO Vehicle (vin, vehicle_type, model_name, model_year, manufacturer, fuel_type, horsepower, description) VALUES ('RLDE4ATQ47P565906', 'Minivan', 'INTREPID', '2004', 'Dodge', 'Gas', 237, 'rack and pinion steering; best suspension; ');
INSERT INTO Color (vin, color_name) VALUES ('RLDE4ATQ47P565906', 'Purple');
INSERT INTO Vehicle (vin, vehicle_type, model_name, model_year, manufacturer, fuel_type, horsepower, description) VALUES ('RLRM7DYGMQU101483', 'CUV', 'F650', '2002', 'Ford', 'Hybrid', 224, '');
INSERT INTO Color (vin, color_name) VALUES ('RLRM7DYGMQU101483', 'Gold');
INSERT INTO Color (vin, color_name) VALUES ('RLRM7DYGMQU101483', 'Silver');
INSERT INTO Vehicle (vin, vehicle_type, model_name, model_year, manufacturer, fuel_type, horsepower, description) VALUES ('RO4NPMLPRAU291778', 'SUV', '370Z', '2009', 'Nissan', 'Gas', 288, '');
INSERT INTO Color (vin, color_name) VALUES ('RO4NPMLPRAU291778', 'Turquoise');
INSERT INTO Vehicle (vin, vehicle_type, model_name, model_year, manufacturer, fuel_type, horsepower, description) VALUES ('RQT7QTVEXT0674936', 'Minivan', 'V8 VANTAGE', '2014', 'Aston Martin', 'Gas', 240, 'original equipment manufacturer (OEM) parts; pickup; ');
INSERT INTO Color (vin, color_name) VALUES ('RQT7QTVEXT0674936', 'Aluminum');
INSERT INTO Vehicle (vin, vehicle_type, model_name, model_year, manufacturer, fuel_type, horsepower, description) VALUES ('RYY32CGB7QR718629', 'Minivan', 'G9', '2020', 'XPeng', 'Gas', 182, 'normally aspirated; ');
INSERT INTO Color (vin, color_name) VALUES ('RYY32CGB7QR718629', 'Bronze');
INSERT INTO Vehicle (vin, vehicle_type, model_name, model_year, manufacturer, fuel_type, horsepower, description) VALUES ('S3OPBKGXWAZ659884', 'CUV', 'V40', '2003', 'Volvo', 'Gas', 307, 'wide transaxle; ');
INSERT INTO Color (vin, color_name) VALUES ('S3OPBKGXWAZ659884', 'Yellow');
INSERT INTO Vehicle (vin, vehicle_type, model_name, model_year, manufacturer, fuel_type, horsepower, description) VALUES ('SAK8I3JJ105230630', 'Minivan', 'EXIGE', '2008', 'Lotus', 'Gas', 215, 'supernew catalytic converter; all passive safety features; detail; ');
INSERT INTO Color (vin, color_name) VALUES ('SAK8I3JJ105230630', 'Pink');
INSERT INTO Vehicle (vin, vehicle_type, model_name, model_year, manufacturer, fuel_type, horsepower, description) VALUES ('SD2X8HRQ6LA547754', 'CUV', '300M', '2004', 'Chrysler', 'Plugin Hybrid', 318, 'wide transaxle; ');
INSERT INTO Color (vin, color_name) VALUES ('SD2X8HRQ6LA547754', 'Rust');
INSERT INTO Vehicle (vin, vehicle_type, model_name, model_year, manufacturer, fuel_type, horsepower, description) VALUES ('SDRDJVHRDEY589102', 'SUV', 'RL', '2006', 'Acura', 'Gas', 291, '');
INSERT INTO Color (vin, color_name) VALUES ('SDRDJVHRDEY589102', 'Yellow');
INSERT INTO Vehicle (vin, vehicle_type, model_name, model_year, manufacturer, fuel_type, horsepower, description) VALUES ('SJTYF7S2DOK527698', 'Sedan', 'PANAMERA', '2010', 'Porsche', 'Gas', 233, '');
INSERT INTO Color (vin, color_name) VALUES ('SJTYF7S2DOK527698', 'Blue');
INSERT INTO Vehicle (vin, vehicle_type, model_name, model_year, manufacturer, fuel_type, horsepower, description) VALUES ('SR4SDAVQ7PE310529', 'CUV', 'SOLARA', '2005', 'Toyota', 'Gas', 329, 'unibody construction; super new ignition system; ');
INSERT INTO Color (vin, color_name) VALUES ('SR4SDAVQ7PE310529', 'Red');
INSERT INTO Vehicle (vin, vehicle_type, model_name, model_year, manufacturer, fuel_type, horsepower, description) VALUES ('T00X580HYD6011764', 'Truck', 'A5 QUATTRO', '2011', 'Audi', 'Gas', 303, 'small spark plug gap; best oil pump; ');
INSERT INTO Color (vin, color_name) VALUES ('T00X580HYD6011764', 'Brown');
INSERT INTO Color (vin, color_name) VALUES ('T00X580HYD6011764', 'Claret');
INSERT INTO Color (vin, color_name) VALUES ('T00X580HYD6011764', 'Rose');
INSERT INTO Vehicle (vin, vehicle_type, model_name, model_year, manufacturer, fuel_type, horsepower, description) VALUES ('T243JSSHR0A986592', 'Sedan', 'ELISE', '2007', 'Lotus', 'Gas', 190, 'super new ignition system; ');
INSERT INTO Color (vin, color_name) VALUES ('T243JSSHR0A986592', 'Navy');
INSERT INTO Vehicle (vin, vehicle_type, model_name, model_year, manufacturer, fuel_type, horsepower, description) VALUES ('T4ZU00SL0FM541576', 'Truck', 'CANYON', '2005', 'GMC', 'Diesel', 311, 'broad wheelbase; automatic safety features; ');
INSERT INTO Color (vin, color_name) VALUES ('T4ZU00SL0FM541576', 'Black');
INSERT INTO Vehicle (vin, vehicle_type, model_name, model_year, manufacturer, fuel_type, horsepower, description) VALUES ('T5C2LPXJ6EV337528', 'Coupe', 'G9', '2021', 'XPeng', 'Gas', 263, '');
INSERT INTO Color (vin, color_name) VALUES ('T5C2LPXJ6EV337528', 'Red');
INSERT INTO Color (vin, color_name) VALUES ('T5C2LPXJ6EV337528', 'Silver');
INSERT INTO Vehicle (vin, vehicle_type, model_name, model_year, manufacturer, fuel_type, horsepower, description) VALUES ('T7QN0RYWNOR420799', 'CUV', 'MP4-12C', '2014', 'McLaren', 'Gas', 314, 'wide transaxle; ');
INSERT INTO Color (vin, color_name) VALUES ('T7QN0RYWNOR420799', 'Rust');
INSERT INTO Vehicle (vin, vehicle_type, model_name, model_year, manufacturer, fuel_type, horsepower, description) VALUES ('TC4853NNGV8281503', 'Minivan', 'SUBURBAN 1500', '2011', 'Chevrolet', 'Natural Gas', 199, '');
INSERT INTO Color (vin, color_name) VALUES ('TC4853NNGV8281503', 'Turquoise');
INSERT INTO Vehicle (vin, vehicle_type, model_name, model_year, manufacturer, fuel_type, horsepower, description) VALUES ('TNKMV3WVVH4431089', 'Coupe', 'ES8 NEW', '2023', 'Nio', 'Gas', 294, 'best oil pump; ultra new transmission; ');
INSERT INTO Color (vin, color_name) VALUES ('TNKMV3WVVH4431089', 'Orange');
INSERT INTO Vehicle (vin, vehicle_type, model_name, model_year, manufacturer, fuel_type, horsepower, description) VALUES ('TPH6V84MCP2752251', 'Sedan', 'COBALT', '2010', 'Chevrolet', 'Gas', 120, 'anti-lock brake system (ABS); ');
INSERT INTO Color (vin, color_name) VALUES ('TPH6V84MCP2752251', 'Copper');
INSERT INTO Vehicle (vin, vehicle_type, model_name, model_year, manufacturer, fuel_type, horsepower, description) VALUES ('TSKEZMWTN2C772047', 'Minivan', 'S40', '2004', 'Volvo', 'Gas', 213, 'electronic transmission; ');
INSERT INTO Color (vin, color_name) VALUES ('TSKEZMWTN2C772047', 'Metallic');
INSERT INTO Vehicle (vin, vehicle_type, model_name, model_year, manufacturer, fuel_type, horsepower, description) VALUES ('TSZ1KL4E1GB345118', 'CUV', 'DEFENDER', '2012', 'Land Rover', 'Gas', 368, 'modern dashboard; ');
INSERT INTO Color (vin, color_name) VALUES ('TSZ1KL4E1GB345118', 'Blue');
INSERT INTO Vehicle (vin, vehicle_type, model_name, model_year, manufacturer, fuel_type, horsepower, description) VALUES ('TVGHAGV52ZK295053', 'Sedan', 'G20', '2002', 'INFINITI', 'Hybrid', 154, 'sturdy rear axle assembly; ');
INSERT INTO Color (vin, color_name) VALUES ('TVGHAGV52ZK295053', 'Aluminum');
INSERT INTO Color (vin, color_name) VALUES ('TVGHAGV52ZK295053', 'Maroon');
INSERT INTO Color (vin, color_name) VALUES ('TVGHAGV52ZK295053', 'Rust');
INSERT INTO Vehicle (vin, vehicle_type, model_name, model_year, manufacturer, fuel_type, horsepower, description) VALUES ('TWQZPGJM4DR331537', 'SUV', 'M45', '2008', 'INFINITI', 'Plugin Hybrid', 241, 'no redline; active safety features; ');
INSERT INTO Color (vin, color_name) VALUES ('TWQZPGJM4DR331537', 'Bronze');
INSERT INTO Vehicle (vin, vehicle_type, model_name, model_year, manufacturer, fuel_type, horsepower, description) VALUES ('U73PMGHR3NU905301', 'Minivan', 'PT CRUISER', '2006', 'Chrysler', 'Gas', 221, 'four-wheel drive; ');
INSERT INTO Color (vin, color_name) VALUES ('U73PMGHR3NU905301', 'Orange');
INSERT INTO Vehicle (vin, vehicle_type, model_name, model_year, manufacturer, fuel_type, horsepower, description) VALUES ('U7IKYL8F8X4927973', 'CUV', 'F-250', '2004', 'Ford', 'Plugin Hybrid', 252, '');
INSERT INTO Color (vin, color_name) VALUES ('U7IKYL8F8X4927973', 'Silver');
INSERT INTO Vehicle (vin, vehicle_type, model_name, model_year, manufacturer, fuel_type, horsepower, description) VALUES ('U7KH3BB3QF1504776', 'Sedan', 'C6500 TOPKICK', '2005', 'GMC', 'Plugin Hybrid', 161, 'superturbocharger; ');
INSERT INTO Color (vin, color_name) VALUES ('U7KH3BB3QF1504776', 'Gray');
INSERT INTO Vehicle (vin, vehicle_type, model_name, model_year, manufacturer, fuel_type, horsepower, description) VALUES ('U8EJ173KSZC747630', 'Minivan', 'DAKOTA', '2010', 'Ram', 'Gas', 214, 'wide cam; ');
INSERT INTO Color (vin, color_name) VALUES ('U8EJ173KSZC747630', 'Bronze');
INSERT INTO Vehicle (vin, vehicle_type, model_name, model_year, manufacturer, fuel_type, horsepower, description) VALUES ('UDE781XTUA1070992', 'Coupe', 'ROADSTER', '2009', 'Tesla', 'Gas', 366, 'high quality carburetor; ');
INSERT INTO Color (vin, color_name) VALUES ('UDE781XTUA1070992', 'Brown');
INSERT INTO Vehicle (vin, vehicle_type, model_name, model_year, manufacturer, fuel_type, horsepower, description) VALUES ('UHNJLMAYL3Z014146', 'Truck', '458 SPIDER', '2014', 'Ferrari', 'Gas', 299, 'great rpms; ');
INSERT INTO Color (vin, color_name) VALUES ('UHNJLMAYL3Z014146', 'Claret');
INSERT INTO Color (vin, color_name) VALUES ('UHNJLMAYL3Z014146', 'Rust');
INSERT INTO Color (vin, color_name) VALUES ('UHNJLMAYL3Z014146', 'White');
INSERT INTO Vehicle (vin, vehicle_type, model_name, model_year, manufacturer, fuel_type, horsepower, description) VALUES ('UJXTQIJ6PUG086494', 'CUV', 'V8 VANTAGE', '2013', 'Aston Martin', 'Gas', 239, 'best sedan; ');
INSERT INTO Color (vin, color_name) VALUES ('UJXTQIJ6PUG086494', 'Aluminum');
INSERT INTO Vehicle (vin, vehicle_type, model_name, model_year, manufacturer, fuel_type, horsepower, description) VALUES ('UOGYWMEC33D484399', 'Minivan', 'GRANSPORT', '2006', 'Maserati', 'Plugin Hybrid', 184, 'broad wheelbase; ');
INSERT INTO Color (vin, color_name) VALUES ('UOGYWMEC33D484399', 'White');
INSERT INTO Vehicle (vin, vehicle_type, model_name, model_year, manufacturer, fuel_type, horsepower, description) VALUES ('US6XUXEBB7J677669', 'Sedan', 'E250', '2012', 'Mercedes-Benz', 'Gas', 131, '');
INSERT INTO Color (vin, color_name) VALUES ('US6XUXEBB7J677669', 'Navy');
INSERT INTO Color (vin, color_name) VALUES ('US6XUXEBB7J677669', 'Orange');
INSERT INTO Vehicle (vin, vehicle_type, model_name, model_year, manufacturer, fuel_type, horsepower, description) VALUES ('USQTBTRES6C396411', 'Van', '320I', '2005', 'BMW', 'Gas', 338, 'convertible; ');
INSERT INTO Color (vin, color_name) VALUES ('USQTBTRES6C396411', 'Aluminum');
INSERT INTO Color (vin, color_name) VALUES ('USQTBTRES6C396411', 'Tan');
INSERT INTO Color (vin, color_name) VALUES ('USQTBTRES6C396411', 'Yellow');
INSERT INTO Vehicle (vin, vehicle_type, model_name, model_year, manufacturer, fuel_type, horsepower, description) VALUES ('UYFIPOJKG8M784198', 'Sedan', 'FREELANDER', '2002', 'Land Rover', 'Gas', 121, 'good gear; ');
INSERT INTO Color (vin, color_name) VALUES ('UYFIPOJKG8M784198', 'Tan');
INSERT INTO Vehicle (vin, vehicle_type, model_name, model_year, manufacturer, fuel_type, horsepower, description) VALUES ('UZ2261G58WF281968', 'Sedan', 'R1S NEW', '2022', 'Rivian', 'Plugin Hybrid', 141, 'best possible traction; ');
INSERT INTO Color (vin, color_name) VALUES ('UZ2261G58WF281968', 'Purple');
INSERT INTO Vehicle (vin, vehicle_type, model_name, model_year, manufacturer, fuel_type, horsepower, description) VALUES ('UZMOJESJGYB516120', 'CUV', 'MITO', '2012', 'Alfa Romeo', 'Gas', 303, 'electronic transmission; ');
INSERT INTO Color (vin, color_name) VALUES ('UZMOJESJGYB516120', 'Bronze');
INSERT INTO Color (vin, color_name) VALUES ('UZMOJESJGYB516120', 'Cream');
INSERT INTO Vehicle (vin, vehicle_type, model_name, model_year, manufacturer, fuel_type, horsepower, description) VALUES ('V1NVZM13MTZ321642', 'Minivan', 'C32 AMG', '2003', 'Mercedes-Benz', 'Gas', 228, '');
INSERT INTO Color (vin, color_name) VALUES ('V1NVZM13MTZ321642', 'Green');
INSERT INTO Color (vin, color_name) VALUES ('V1NVZM13MTZ321642', 'Silver');
INSERT INTO Color (vin, color_name) VALUES ('V1NVZM13MTZ321642', 'White');
INSERT INTO Vehicle (vin, vehicle_type, model_name, model_year, manufacturer, fuel_type, horsepower, description) VALUES ('VLYSREO4D36135371', 'Convertible', 'SPIDER', '2008', 'Alfa Romeo', 'Plugin Hybrid', 192, 'superturbocharger; rear wheel drive; ');
INSERT INTO Color (vin, color_name) VALUES ('VLYSREO4D36135371', 'Metallic');
INSERT INTO Vehicle (vin, vehicle_type, model_name, model_year, manufacturer, fuel_type, horsepower, description) VALUES ('VMHK0HNQTW3691881', 'Van', 'CC', '2013', 'Volkswagen', 'Diesel', 294, 'modern dashboard; ');
INSERT INTO Color (vin, color_name) VALUES ('VMHK0HNQTW3691881', 'Purple');
INSERT INTO Vehicle (vin, vehicle_type, model_name, model_year, manufacturer, fuel_type, horsepower, description) VALUES ('VWF36GH8UML053642', 'Coupe', 'STS', '2007', 'Cadillac', 'Plugin Hybrid', 324, 'superturbocharger; station wagon (Also known as wagon.); safe oil ring; ');
INSERT INTO Color (vin, color_name) VALUES ('VWF36GH8UML053642', 'Black');
INSERT INTO Vehicle (vin, vehicle_type, model_name, model_year, manufacturer, fuel_type, horsepower, description) VALUES ('VZJVASAMKKS604221', 'Sedan', 'EVORA', '2014', 'Lotus', 'Gas', 182, 'best sedan; ');
INSERT INTO Color (vin, color_name) VALUES ('VZJVASAMKKS604221', 'Silver');
INSERT INTO Vehicle (vin, vehicle_type, model_name, model_year, manufacturer, fuel_type, horsepower, description) VALUES ('W2TZ8TM4KYP471843', 'CUV', 'EQUUS', '2013', 'Hyundai', 'Plugin Hybrid', 259, 'drum brake; electronic transmission; super new ignition system; ');
INSERT INTO Color (vin, color_name) VALUES ('W2TZ8TM4KYP471843', 'Gold');
INSERT INTO Color (vin, color_name) VALUES ('W2TZ8TM4KYP471843', 'Metallic');
INSERT INTO Color (vin, color_name) VALUES ('W2TZ8TM4KYP471843', 'Tan');
INSERT INTO Vehicle (vin, vehicle_type, model_name, model_year, manufacturer, fuel_type, horsepower, description) VALUES ('W53DF32ONVV569395', 'SUV', 'EMGRAND S', '2019', 'Geeley', 'Gas', 391, 'strong muffler; ');
INSERT INTO Color (vin, color_name) VALUES ('W53DF32ONVV569395', 'Beige');
INSERT INTO Color (vin, color_name) VALUES ('W53DF32ONVV569395', 'Pink');
INSERT INTO Vehicle (vin, vehicle_type, model_name, model_year, manufacturer, fuel_type, horsepower, description) VALUES ('WA73P2TB0BO402832', 'Van', 'GX470', '2003', 'Lexus', 'Gas', 271, 'anti-lock brake system (ABS); ');
INSERT INTO Color (vin, color_name) VALUES ('WA73P2TB0BO402832', 'Copper');
INSERT INTO Vehicle (vin, vehicle_type, model_name, model_year, manufacturer, fuel_type, horsepower, description) VALUES ('WBMXRC0KFEQ531154', 'SUV', 'CROSSFOX', '2009', 'Volkswagen', 'Battery', 396, 'super new ignition system; ');
INSERT INTO Color (vin, color_name) VALUES ('WBMXRC0KFEQ531154', 'Tan');
INSERT INTO Vehicle (vin, vehicle_type, model_name, model_year, manufacturer, fuel_type, horsepower, description) VALUES ('WJFKT6K3CDS809623', 'Coupe', 'F-TYPE', '2014', 'Jaguar', 'Gas', 393, 'good gear; sport utility vehicle-SUV; oversteer; ');
INSERT INTO Color (vin, color_name) VALUES ('WJFKT6K3CDS809623', 'Cream');
INSERT INTO Vehicle (vin, vehicle_type, model_name, model_year, manufacturer, fuel_type, horsepower, description) VALUES ('WJN637K4U06642593', 'Sedan', 'COUNTRYMAN', '2011', 'MINI', 'Fuel Cell', 220, 'crumple zones; ');
INSERT INTO Color (vin, color_name) VALUES ('WJN637K4U06642593', 'Beige');
INSERT INTO Color (vin, color_name) VALUES ('WJN637K4U06642593', 'Claret');
INSERT INTO Color (vin, color_name) VALUES ('WJN637K4U06642593', 'Pink');
INSERT INTO Vehicle (vin, vehicle_type, model_name, model_year, manufacturer, fuel_type, horsepower, description) VALUES ('WUD6UHNVINU339156', 'Sedan', 'A6', '2003', 'Audi', 'Gas', 207, 'great stabilizer bar; ');
INSERT INTO Color (vin, color_name) VALUES ('WUD6UHNVINU339156', 'Rust');
INSERT INTO Vehicle (vin, vehicle_type, model_name, model_year, manufacturer, fuel_type, horsepower, description) VALUES ('WXATONNZWKV888088', 'Sedan', '456 M GT', '2002', 'Ferrari', 'Gas', 145, '');
INSERT INTO Color (vin, color_name) VALUES ('WXATONNZWKV888088', 'Blue');
INSERT INTO Color (vin, color_name) VALUES ('WXATONNZWKV888088', 'Purple');
INSERT INTO Color (vin, color_name) VALUES ('WXATONNZWKV888088', 'Rose');
INSERT INTO Vehicle (vin, vehicle_type, model_name, model_year, manufacturer, fuel_type, horsepower, description) VALUES ('X5MLJ3CUPNB099293', 'Convertible', 'G9', '2023', 'XPeng', 'Gas', 164, 'very hard struts; ');
INSERT INTO Color (vin, color_name) VALUES ('X5MLJ3CUPNB099293', 'Turquoise');
INSERT INTO Vehicle (vin, vehicle_type, model_name, model_year, manufacturer, fuel_type, horsepower, description) VALUES ('XCYACD0XN81334516', 'CUV', 'NV2500', '2014', 'Nissan', 'Hybrid', 348, 'modern dashboard; ');
INSERT INTO Color (vin, color_name) VALUES ('XCYACD0XN81334516', 'Maroon');
INSERT INTO Vehicle (vin, vehicle_type, model_name, model_year, manufacturer, fuel_type, horsepower, description) VALUES ('XEGBS0XOI2N387757', 'Van', 'XINGYUE L', '2023', 'Geeley', 'Hybrid', 369, 'air filtration system; ');
INSERT INTO Color (vin, color_name) VALUES ('XEGBS0XOI2N387757', 'Purple');
INSERT INTO Vehicle (vin, vehicle_type, model_name, model_year, manufacturer, fuel_type, horsepower, description) VALUES ('XFZA0H1LN1P361906', 'Convertible', 'COOPER PACEMAN', '2013', 'MINI', 'Gas', 150, 'very hard struts; ');
INSERT INTO Color (vin, color_name) VALUES ('XFZA0H1LN1P361906', 'Brown');
INSERT INTO Vehicle (vin, vehicle_type, model_name, model_year, manufacturer, fuel_type, horsepower, description) VALUES ('XLQBDQWBZDN084612', 'CUV', 'NITRO', '2007', 'Dodge', 'Plugin Hybrid', 257, 'automatic valves; ');
INSERT INTO Color (vin, color_name) VALUES ('XLQBDQWBZDN084612', 'Rose');
INSERT INTO Vehicle (vin, vehicle_type, model_name, model_year, manufacturer, fuel_type, horsepower, description) VALUES ('XPUC8ERWM0W803922', 'Sedan', 'SANTA FE', '2003', 'Hyundai', 'Plugin Hybrid', 104, 'pickup; ');
INSERT INTO Color (vin, color_name) VALUES ('XPUC8ERWM0W803922', 'Turquoise');
INSERT INTO Vehicle (vin, vehicle_type, model_name, model_year, manufacturer, fuel_type, horsepower, description) VALUES ('Y033F7MCLW5266860', 'SUV', 'E400', '2015', 'Mercedes-Benz', 'Diesel', 300, 'original equipment manufacturer (OEM) parts; sturdy rear axle assembly; wide cam; ');
INSERT INTO Color (vin, color_name) VALUES ('Y033F7MCLW5266860', 'Aluminum');
INSERT INTO Vehicle (vin, vehicle_type, model_name, model_year, manufacturer, fuel_type, horsepower, description) VALUES ('Y4M46JG6P4R842099', 'Convertible', 'ROUTAN', '2011', 'Volkswagen', 'Gas', 191, 'coupe; minivan; drive shaft; ');
INSERT INTO Color (vin, color_name) VALUES ('Y4M46JG6P4R842099', 'Claret');
INSERT INTO Vehicle (vin, vehicle_type, model_name, model_year, manufacturer, fuel_type, horsepower, description) VALUES ('Y56Q2GI1LS6727671', 'Sedan', 'MX-5 MIATA', '2009', 'MAZDA', 'Gas', 193, 'gap; gap; ');
INSERT INTO Color (vin, color_name) VALUES ('Y56Q2GI1LS6727671', 'Black');
INSERT INTO Vehicle (vin, vehicle_type, model_name, model_year, manufacturer, fuel_type, horsepower, description) VALUES ('YITE7BMX1N7857452', 'Minivan', 'COOPER', '2015', 'MINI', 'Gas', 246, 'no understeer; four-wheel drive; ');
INSERT INTO Color (vin, color_name) VALUES ('YITE7BMX1N7857452', 'Bronze');
INSERT INTO Color (vin, color_name) VALUES ('YITE7BMX1N7857452', 'Maroon');
INSERT INTO Vehicle (vin, vehicle_type, model_name, model_year, manufacturer, fuel_type, horsepower, description) VALUES ('YL8S255YJYA054546', 'Coupe', 'FORFOUR', '2005', 'smart', 'Gas', 248, '');
INSERT INTO Color (vin, color_name) VALUES ('YL8S255YJYA054546', 'Rose');
INSERT INTO Vehicle (vin, vehicle_type, model_name, model_year, manufacturer, fuel_type, horsepower, description) VALUES ('YVMVY2BZAR4435152', 'Minivan', '335I GT XDRIVE', '2015', 'BMW', 'Gas', 199, 'high differential; ');
INSERT INTO Color (vin, color_name) VALUES ('YVMVY2BZAR4435152', 'Maroon');
INSERT INTO Vehicle (vin, vehicle_type, model_name, model_year, manufacturer, fuel_type, horsepower, description) VALUES ('Z0G16U7UDC0331707', 'Truck', 'DBS', '2008', 'Aston Martin', 'Battery', 317, 'good gear; ');
INSERT INTO Color (vin, color_name) VALUES ('Z0G16U7UDC0331707', 'Yellow');
INSERT INTO Vehicle (vin, vehicle_type, model_name, model_year, manufacturer, fuel_type, horsepower, description) VALUES ('Z1AKLYZDZLY858148', 'Coupe', 'GRANDE PUNTO', '2007', 'FIAT', 'Gas', 309, 'no backfire/backfiring; fuel injection; ');
INSERT INTO Color (vin, color_name) VALUES ('Z1AKLYZDZLY858148', 'Bronze');
INSERT INTO Vehicle (vin, vehicle_type, model_name, model_year, manufacturer, fuel_type, horsepower, description) VALUES ('Z7I1HGSFYSF704101', 'Truck', 'ASPEN', '2007', 'Chrysler', 'Natural Gas', 256, 'great rpms; ');
INSERT INTO Color (vin, color_name) VALUES ('Z7I1HGSFYSF704101', 'Orange');
INSERT INTO Vehicle (vin, vehicle_type, model_name, model_year, manufacturer, fuel_type, horsepower, description) VALUES ('ZAGIZGOGIZ6802854', 'Coupe', 'MKZ', '2010', 'Lincoln', 'Plugin Hybrid', 323, '');
INSERT INTO Color (vin, color_name) VALUES ('ZAGIZGOGIZ6802854', 'Pink');
INSERT INTO Color (vin, color_name) VALUES ('ZAGIZGOGIZ6802854', 'Tan');
INSERT INTO Vehicle (vin, vehicle_type, model_name, model_year, manufacturer, fuel_type, horsepower, description) VALUES ('ZBSRSJEASBE950499', 'Sedan', 'EOS', '2009', 'Volkswagen', 'Plugin Hybrid', 220, 'drum brake; drum brake; great stabilizer bar; ');
INSERT INTO Color (vin, color_name) VALUES ('ZBSRSJEASBE950499', 'Gold');
INSERT INTO Vehicle (vin, vehicle_type, model_name, model_year, manufacturer, fuel_type, horsepower, description) VALUES ('ZC1QS3Y7MOM256400', 'Truck', 'AVALON', '2014', 'Toyota', 'Battery', 343, 'safe oil ring; ');
INSERT INTO Color (vin, color_name) VALUES ('ZC1QS3Y7MOM256400', 'Aluminum');
INSERT INTO Vehicle (vin, vehicle_type, model_name, model_year, manufacturer, fuel_type, horsepower, description) VALUES ('ZJ8V6INQOV2978667', 'Sedan', 'FORTWO', '2008', 'smart', 'Plugin Hybrid', 201, 'best oil pump; ');
INSERT INTO Color (vin, color_name) VALUES ('ZJ8V6INQOV2978667', 'Bronze');
INSERT INTO Color (vin, color_name) VALUES ('ZJ8V6INQOV2978667', 'Tan');
INSERT INTO Vehicle (vin, vehicle_type, model_name, model_year, manufacturer, fuel_type, horsepower, description) VALUES ('ZKE5A1ZF45J937308', 'Truck', 'MONTERO', '2006', 'Mitsubishi', 'Gas', 290, 'station wagon (Also known as wagon.); great stabilizer bar; ');
INSERT INTO Color (vin, color_name) VALUES ('ZKE5A1ZF45J937308', 'Claret');
INSERT INTO Vehicle (vin, vehicle_type, model_name, model_year, manufacturer, fuel_type, horsepower, description) VALUES ('ZO23XPTPQGF782695', 'CUV', 'QX56', '2004', 'INFINITI', 'Plugin Hybrid', 386, 'air filtration system; ');
INSERT INTO Color (vin, color_name) VALUES ('ZO23XPTPQGF782695', 'Rust');
INSERT INTO Vehicle (vin, vehicle_type, model_name, model_year, manufacturer, fuel_type, horsepower, description) VALUES ('ZPPXCCIV5JU440482', 'Truck', 'R1S NEW', '2023', 'Rivian', 'Battery', 314, 'good piston; ');
INSERT INTO Color (vin, color_name) VALUES ('ZPPXCCIV5JU440482', 'Claret');
INSERT INTO Vehicle (vin, vehicle_type, model_name, model_year, manufacturer, fuel_type, horsepower, description) VALUES ('ZTFFYASAAMG348199', 'Sedan', 'B2300', '2007', 'MAZDA', 'Gas', 210, 'best possible traction; ');
INSERT INTO Color (vin, color_name) VALUES ('ZTFFYASAAMG348199', 'Rose');
INSERT INTO Vehicle (vin, vehicle_type, model_name, model_year, manufacturer, fuel_type, horsepower, description) VALUES ('ZX85QCBBBIP411923', 'Coupe', 'SEDAN', '2004', 'Volkswagen', 'Gas', 388, 'great stabilizer bar; ');
INSERT INTO Color (vin, color_name) VALUES ('ZX85QCBBBIP411923', 'Orange');
INSERT INTO Color (vin, color_name) VALUES ('ZX85QCBBBIP411923', 'Yellow');
INSERT INTO Vehicle (vin, vehicle_type, model_name, model_year, manufacturer, fuel_type, horsepower, description) VALUES ('ZZUFHYJV0FI610258', 'Van', 'GS-6 PROS', '2023', 'Karma', 'Gas', 304, 'crankcase; innovative air bags; crankcase; ');
INSERT INTO Color (vin, color_name) VALUES ('ZZUFHYJV0FI610258', 'Beige');

-- begin personal data additions
INSERT INTO Vehicle (vin, vehicle_type, model_name, model_year, manufacturer, fuel_type, horsepower, description) VALUES ('ZYY5A1ZF45J937308', 'Truck', 'MONTERO', '2006', 'Mitsubishi', 'Gas', 290, 'station wagon (Also known as wagon.); great stabilizer bar; ');
INSERT INTO Color (vin, color_name) VALUES ('ZYY5A1ZF45J937308', 'Claret');
INSERT INTO Vehicle (vin, vehicle_type, model_name, model_year, manufacturer, fuel_type, horsepower, description) VALUES ('D5M0I13LMX0012355', 'SUV', 'COMMANDER', '2006', 'Jeep', 'Gas', 279, 'premium sound system; ');
INSERT INTO Color (vin, color_name) VALUES ('D5M0I13LMX0012355', 'Navy');
INSERT INTO Vehicle (vin, vehicle_type, model_name, model_year, manufacturer, fuel_type, horsepower, description) VALUES ('M618X4LBE8R162599', 'CUV', '599 GTO', '2011', 'Ferrari', 'Gas', 278, 'premium airbags; ');
INSERT INTO Color (vin, color_name) VALUES ('M618X4LBE8R162599', 'Cream');
INSERT INTO Vehicle (vin, vehicle_type, model_name, model_year, manufacturer, fuel_type, horsepower, description) VALUES ('AO1DYEOP4HZ412125', 'SUV', 'COOPER', '2010', 'MINI', 'Gas', 343, 'tinted windows; ');
INSERT INTO Color (vin, color_name) VALUES ('AO1DYEOP4HZ412125', 'Pink');
INSERT INTO Vehicle (vin, vehicle_type, model_name, model_year, manufacturer, fuel_type, horsepower, description) VALUES ('PQS2ZU56IBQ176739', 'Van', 'REGAL', '2004', 'Buick', 'Fuel Cell', 365, 'advanced suspension system; disc brake; ');
INSERT INTO Color (vin, color_name) VALUES ('PQS2ZU56IBQ176739', 'Tan');
INSERT INTO Vehicle (vin, vehicle_type, model_name, model_year, manufacturer, fuel_type, horsepower, description) VALUES ('TQTZPGJM4DR331537', 'SUV', 'M45', '2008', 'INFINITI', 'Plugin Hybrid', 241, 'no redline; active safety features; ');
INSERT INTO Color (vin, color_name) VALUES ('TQTZPGJM4DR331537', 'Bronze');
INSERT INTO Vehicle (vin, vehicle_type, model_name, model_year, manufacturer, fuel_type, horsepower, description) VALUES ('F7FPMGHR3NU905301', 'Minivan', 'PT CRUISER', '2006', 'Chrysler', 'Gas', 221, 'four-wheel drive; ');
INSERT INTO Color (vin, color_name) VALUES ('F7FPMGHR3NU905301', 'Orange');
INSERT INTO Vehicle (vin, vehicle_type, model_name, model_year, manufacturer, fuel_type, horsepower, description) VALUES ('L7ILYL8F8X4927973', 'CUV', 'F-250', '2004', 'Ford', 'Plugin Hybrid', 252, '');
INSERT INTO Color (vin, color_name) VALUES ('L7ILYL8F8X4927973', 'Silver');
INSERT INTO Vehicle (vin, vehicle_type, model_name, model_year, manufacturer, fuel_type, horsepower, description) VALUES ('D8KH3BB3QF1504776', 'Sedan', 'C6500 TOPKICK', '2005', 'GMC', 'Plugin Hybrid', 161, 'superturbocharger; ');
INSERT INTO Color (vin, color_name) VALUES ('D8KH3BB3QF1504776', 'Gray');
INSERT INTO Vehicle (vin, vehicle_type, model_name, model_year, manufacturer, fuel_type, horsepower, description) VALUES ('F3EJ173KSZC747630', 'Minivan', 'DAKOTA', '2010', 'Ram', 'Gas', 214, 'wide cam; ');
INSERT INTO Color (vin, color_name) VALUES ('F3EJ173KSZC747630', 'Bronze');
INSERT INTO Vehicle (vin, vehicle_type, model_name, model_year, manufacturer, fuel_type, horsepower, description) VALUES ('OFE771XTUA1070992', 'Coupe', 'ROADSTER', '2009', 'Tesla', 'Gas', 366, 'high quality carburetor; ');
INSERT INTO Color (vin, color_name) VALUES ('OFE771XTUA1070992', 'Brown');
INSERT INTO Vehicle (vin, vehicle_type, model_name, model_year, manufacturer, fuel_type, horsepower, description) VALUES ('P8YZUDKENN4246298', 'Truck', '325XI', '2005', 'BMW', 'Diesel', 264, '');
INSERT INTO Color (vin, color_name) VALUES ('P8YZUDKENN4246298', 'Silver');
INSERT INTO Vehicle (vin, vehicle_type, model_name, model_year, manufacturer, fuel_type, horsepower, description) VALUES ('MLDL7A5M6DW706622', 'Van', 'A6 QUATTRO', '2003', 'Audi', 'Gas', 281, 'rack and pinion steering; ');
INSERT INTO Color (vin, color_name) VALUES ('MLDL7A5M6DW706622', 'Copper');
INSERT INTO Vehicle (vin, vehicle_type, model_name, model_year, manufacturer, fuel_type, horsepower, description) VALUES ('MLQSOYBPWY5042665', 'Truck', 'MITO', '2015', 'Alfa Romeo', 'Battery', 265, 'good piston; ');
INSERT INTO Color (vin, color_name) VALUES ('MLQSOYBPWY5042665', 'Yellow');
INSERT INTO Vehicle (vin, vehicle_type, model_name, model_year, manufacturer, fuel_type, horsepower, description) VALUES ('QH5GSSMTWL1755432', 'Sedan', 'FORTWO', '2011', 'smart', 'Gas', 119, 'disc brake; check the Monroney sticker - theer is nothing better than this vehicle; high block; ');
INSERT INTO Color (vin, color_name) VALUES ('QH5GSSMTWL1755432', 'Maroon');
INSERT INTO Vehicle (vin, vehicle_type, model_name, model_year, manufacturer, fuel_type, horsepower, description) VALUES ('QHAPGD3YQSF045434', 'Sedan', 'GS-6', '2023', 'Karma', 'Gas', 213, 'engine displacement; ');
INSERT INTO Color (vin, color_name) VALUES ('QHAPGD3YQSF045434', 'Blue');
INSERT INTO Vehicle (vin, vehicle_type, model_name, model_year, manufacturer, fuel_type, horsepower, description) VALUES ('QPWTK3WNUF0594922', 'Minivan', 'ML350', '2005', 'Mercedes-Benz', 'Gas', 191, 'good gear; power train; ');
INSERT INTO Color (vin, color_name) VALUES ('QPWTK3WNUF0594922', 'Rose');
INSERT INTO Vehicle (vin, vehicle_type, model_name, model_year, manufacturer, fuel_type, horsepower, description) VALUES ('QRDJE8YRD8U529326', 'Truck', 'GS-6 PROS', '2023', 'Karma', 'Gas', 343, '');
INSERT INTO Color (vin, color_name) VALUES ('QRDJE8YRD8U529326', 'Purple');
INSERT INTO Vehicle (vin, vehicle_type, model_name, model_year, manufacturer, fuel_type, horsepower, description) VALUES ('FFFUBFUE74W190495', 'SUV', 'LEGACY', '2013', 'Subaru', 'Plugin Hybrid', 243, 'disc brake; ');
INSERT INTO Color (vin, color_name) VALUES ('FFFUBFUE74W190495', 'Navy');
INSERT INTO Vehicle (vin, vehicle_type, model_name, model_year, manufacturer, fuel_type, horsepower, description) VALUES ('0KSVK7T0HVD586123', 'Van', 'BRZ', '2013', 'Subaru', 'Gas', 316, 'hatchback; ');
INSERT INTO Color (vin, color_name) VALUES ('0KSVK7T0HVD586123', 'Blue');
INSERT INTO Vehicle (vin, vehicle_type, model_name, model_year, manufacturer, fuel_type, horsepower, description) VALUES ('BB2J620G5FE640131', 'Minivan', 'LACROSSE', '2006', 'Buick', 'Battery', 198, 'can be used as sports car; ');
INSERT INTO Color (vin, color_name) VALUES ('BB2J620G5FE640131', 'Green');
INSERT INTO Vehicle (vin, vehicle_type, model_name, model_year, manufacturer, fuel_type, horsepower, description) VALUES ('OOPD81GJG8C160079', 'Coupe', 'ELISE', '2008', 'Lotus', 'Diesel', 330, 'high torque; wide cam; ');
INSERT INTO Color (vin, color_name) VALUES ('OOPD81GJG8C160079', 'Black');
INSERT INTO Vehicle (vin, vehicle_type, model_name, model_year, manufacturer, fuel_type, horsepower, description) VALUES ('TNF8CVJWV8T188907', 'Van', 'ELDORADO', '2002', 'Cadillac', 'Fuel Cell', 354, 'sport utility vehicle-SUV; ');
INSERT INTO Color (vin, color_name) VALUES ('TNF8CVJWV8T188907', 'Bronze');
INSERT INTO Vehicle (vin, vehicle_type, model_name, model_year, manufacturer, fuel_type, horsepower, description) VALUES ('FQ0CBGN24Y3098876', 'Coupe', 'ARNAGE', '2007', 'Bentley', 'Diesel', 308, '');
INSERT INTO Color (vin, color_name) VALUES ('FQ0CBGN24Y3098876', 'Blue');
INSERT INTO Vehicle (vin, vehicle_type, model_name, model_year, manufacturer, fuel_type, horsepower, description) VALUES ('WSLKB1SP7C0135655', 'Minivan', 'R1T', '2023', 'Rivian', 'Gas', 207, 'best suspension; ');
INSERT INTO Color (vin, color_name) VALUES ('WSLKB1SP7C0135655', 'Green');
INSERT INTO Vehicle (vin, vehicle_type, model_name, model_year, manufacturer, fuel_type, horsepower, description) VALUES ('0011YZUFMFN275554', 'Minivan', 'FOCUS', '2013', 'Ford', 'Gas', 201, 'crankcase; automatic transmission; very hard struts; ');
INSERT INTO Color (vin, color_name) VALUES ('0011YZUFMFN275554', 'Gray');
INSERT INTO Vehicle (vin, vehicle_type, model_name, model_year, manufacturer, fuel_type, horsepower, description) VALUES ('1HLV421OTR3071057', 'Van', 'W4500 FORWARD', '2005', 'GMC', 'Plugin Hybrid', 292, 'small spark plug gap; ');
INSERT INTO Color (vin, color_name) VALUES ('1HLV421OTR3071057', 'Gold');
INSERT INTO Vehicle (vin, vehicle_type, model_name, model_year, manufacturer, fuel_type, horsepower, description) VALUES ('2UDBIT5YXDJ919563', 'Truck', 'C30', '2010', 'Volvo', 'Diesel', 320, 'high differential; ');
INSERT INTO Color (vin, color_name) VALUES ('2UDBIT5YXDJ919563', 'Aluminum');
INSERT INTO Vehicle (vin, vehicle_type, model_name, model_year, manufacturer, fuel_type, horsepower, description) VALUES ('322DHVWO70I456603', 'CUV', 'PROMASTER 1500', '2015', 'Ram', 'Gas', 265, '');
INSERT INTO Color (vin, color_name) VALUES ('322DHVWO70I456603', 'Gold');
INSERT INTO Vehicle (vin, vehicle_type, model_name, model_year, manufacturer, fuel_type, horsepower, description) VALUES ('LMEISXE65K7154002', 'Convertible', 'ES8 NEW', '2023', 'Nio', 'Battery', 160, 'automatic transmission; minivan; ');
INSERT INTO Color (vin, color_name) VALUES ('LMEISXE65K7154002', 'Red');
INSERT INTO Vehicle (vin, vehicle_type, model_name, model_year, manufacturer, fuel_type, horsepower, description) VALUES ('42L081632WM888163', 'Sedan', 'RANGE ROVER SPORT', '2012', 'Land Rover', 'Diesel', 154, '');
INSERT INTO Color (vin, color_name) VALUES ('42L081632WM888163', 'Gray');
INSERT INTO Vehicle (vin, vehicle_type, model_name, model_year, manufacturer, fuel_type, horsepower, description) VALUES ('37FJDWHYLTU230526', 'Convertible', 'R1S NEW', '2023', 'Rivian', 'Gas', 179, '');
INSERT INTO Color (vin, color_name) VALUES ('37FJDWHYLTU230526', 'Metallic');
INSERT INTO Vehicle (vin, vehicle_type, model_name, model_year, manufacturer, fuel_type, horsepower, description) VALUES ('3F4FN6TAGEZ924085', 'Convertible', 'MP4-12C', '2012', 'McLaren', 'Hybrid', 155, 'can be used as sports car; ');
INSERT INTO Color (vin, color_name) VALUES ('3F4FN6TAGEZ924085', 'Cream');
INSERT INTO Vehicle (vin, vehicle_type, model_name, model_year, manufacturer, fuel_type, horsepower, description) VALUES ('3LKBD48273Y069356', 'Convertible', 'F650CS ABS', '2005', 'BMW', 'Plugin Hybrid', 197, 'no backfire/backfiring; ');
INSERT INTO Color (vin, color_name) VALUES ('3LKBD48273Y069356', 'Gold');
INSERT INTO Vehicle (vin, vehicle_type, model_name, model_year, manufacturer, fuel_type, horsepower, description) VALUES ('B2LKYDFHTK3034814', 'Convertible', 'S6', '2009', 'Audi', 'Gas', 177, 'drum brake; ');
INSERT INTO Color (vin, color_name) VALUES ('B2LKYDFHTK3034814', 'Copper');
INSERT INTO Vehicle (vin, vehicle_type, model_name, model_year, manufacturer, fuel_type, horsepower, description) VALUES ('K33ESKWHCJ4479804', 'Minivan', 'OUTLANDER', '2014', 'Mitsubishi', 'Hybrid', 217, 'sport utility vehicle-SUV; ');
INSERT INTO Color (vin, color_name) VALUES ('K33ESKWHCJ4479804', 'Gold');
INSERT INTO Vehicle (vin, vehicle_type, model_name, model_year, manufacturer, fuel_type, horsepower, description) VALUES ('D2LARECS56V791799', 'Coupe', 'HILUX', '2012', 'Toyota', 'Diesel', 382, 'autotachometer; ');
INSERT INTO Color (vin, color_name) VALUES ('D2LARECS56V791799', 'Orange');
INSERT INTO Vehicle (vin, vehicle_type, model_name, model_year, manufacturer, fuel_type, horsepower, description) VALUES ('7QX1OO4FTRB936926', 'Sedan', 'FX45', '2003', 'INFINITI', 'Gas', 130, 'best sedan; ');
INSERT INTO Color (vin, color_name) VALUES ('7QX1OO4FTRB936926', 'Maroon');
INSERT INTO Vehicle (vin, vehicle_type, model_name, model_year, manufacturer, fuel_type, horsepower, description) VALUES ('70ZJVSYGTZW815756', 'SUV', 'ATS', '2013', 'Cadillac', 'Gas', 283, 'coupe; ');
INSERT INTO Color (vin, color_name) VALUES ('70ZJVSYGTZW815756', 'Silver');
INSERT INTO Vehicle (vin, vehicle_type, model_name, model_year, manufacturer, fuel_type, horsepower, description) VALUES ('87FBBNANRI4354099', 'Convertible', 'ES330', '2006', 'Lexus', 'Diesel', 184, 'sturdy rear axle assembly; ');
INSERT INTO Color (vin, color_name) VALUES ('87FBBNANRI4354099', 'Blue');
INSERT INTO Vehicle (vin, vehicle_type, model_name, model_year, manufacturer, fuel_type, horsepower, description) VALUES ('8H4FKCNSFNN008758', 'Van', 'ILX', '2015', 'Acura', 'Gas', 312, '');
INSERT INTO Color (vin, color_name) VALUES ('8H4FKCNSFNN008758', 'Aluminum');
INSERT INTO Vehicle (vin, vehicle_type, model_name, model_year, manufacturer, fuel_type, horsepower, description) VALUES ('8RH5FE1G22P233789', 'Truck', 'GHIBLI', '2014', 'Maserati', 'Gas', 345, 'check the Monroney sticker - theer is nothing better than this vehicle; best possible traction; ');
INSERT INTO Color (vin, color_name) VALUES ('8RH5FE1G22P233789', 'Navy');
INSERT INTO Vehicle (vin, vehicle_type, model_name, model_year, manufacturer, fuel_type, horsepower, description) VALUES ('8U7QFLIO3Q2734346', 'SUV', 'KA', '2005', 'Ford', 'Diesel', 311, 'original equipment manufacturer (OEM) parts; ');
INSERT INTO Color (vin, color_name) VALUES ('8U7QFLIO3Q2734346', 'Yellow');
INSERT INTO Vehicle (vin, vehicle_type, model_name, model_year, manufacturer, fuel_type, horsepower, description) VALUES ('V8B5KTBJX2A046744', 'SUV', 'W5500 TILTMASTER', '2007', 'Chevrolet', 'Natural Gas', 323, 'great engine; ');
INSERT INTO Color (vin, color_name) VALUES ('V8B5KTBJX2A046744', 'Beige');
INSERT INTO Vehicle (vin, vehicle_type, model_name, model_year, manufacturer, fuel_type, horsepower, description) VALUES ('2ANH51AUNR4312326', 'SUV', 'RAM 2500', '2009', 'Dodge', 'Diesel', 360, 'great engine; ');
INSERT INTO Color (vin, color_name) VALUES ('2ANH51AUNR4312326', 'Turquoise');
INSERT INTO Vehicle (vin, vehicle_type, model_name, model_year, manufacturer, fuel_type, horsepower, description) VALUES ('3A5CVWAPCGY561956', 'SUV', 'NAVIGATOR', '2002', 'Lincoln', 'Hybrid', 330, 'super new ignition system; broad wheelbase; ');
INSERT INTO Color (vin, color_name) VALUES ('3A5CVWAPCGY561956', 'Bronze');
INSERT INTO Vehicle (vin, vehicle_type, model_name, model_year, manufacturer, fuel_type, horsepower, description) VALUES ('M36MVF2CB4I965254', 'Truck', 'VERACRUZ', '2012', 'Hyundai', 'Gas', 291, '');
INSERT INTO Color (vin, color_name) VALUES ('M36MVF2CB4I965254', 'Tan');
INSERT INTO Vehicle (vin, vehicle_type, model_name, model_year, manufacturer, fuel_type, horsepower, description) VALUES ('B2LJMRR8IYC935453', 'Coupe', 'DEFENDER', '2012', 'Land Rover', 'Gas', 227, 'supernew catalytic converter; ');
INSERT INTO Color (vin, color_name) VALUES ('B2LJMRR8IYC935453', 'Brown');
INSERT INTO Vehicle (vin, vehicle_type, model_name, model_year, manufacturer, fuel_type, horsepower, description) VALUES ('L11QFDDJ7J7514581', 'Coupe', 'KA', '2006', 'Ford', 'Fuel Cell', 377, 'can be used as sports car; ');
INSERT INTO Color (vin, color_name) VALUES ('L11QFDDJ7J7514581', 'Turquoise');