\c dealership;

INSERT INTO Employee (username, pass) VALUES ('owner', 'owner');
INSERT INTO Employee (username, pass) VALUES ('user01', 'pass01');
INSERT INTO Employee (username, pass) VALUES ('user02', 'pass02');
INSERT INTO Employee (username, pass) VALUES ('user03', 'pass03');
INSERT INTO Employee (username, pass) VALUES ('user04', 'pass04');
INSERT INTO Employee (username, pass) VALUES ('user05', 'pass05');
INSERT INTO Employee (username, pass) VALUES ('user06', 'pass06');
INSERT INTO Employee (username, pass) VALUES ('user07', 'pass07');
INSERT INTO Employee (username, pass) VALUES ('user08', 'pass08');
INSERT INTO Employee (username, pass) VALUES ('user09', 'pass09');
INSERT INTO Employee (username, pass) VALUES ('user10', 'pass10');
INSERT INTO Employee (username, pass) VALUES ('user11', 'pass11');
INSERT INTO Employee (username, pass) VALUES ('user12', 'pass12');
INSERT INTO Employee (username, pass) VALUES ('user13', 'pass13');
INSERT INTO Employee (username, pass) VALUES ('user14', 'pass14');
INSERT INTO Employee (username, pass) VALUES ('user15', 'pass15');
INSERT INTO Employee (username, pass) VALUES ('user16', 'pass16');
INSERT INTO Employee (username, pass) VALUES ('user17', 'pass17');
INSERT INTO Employee (username, pass) VALUES ('user18', 'pass18');
INSERT INTO Employee (username, pass) VALUES ('user19', 'pass19');
INSERT INTO Employee (username, pass) VALUES ('user20', 'pass20');
INSERT INTO Employee (username, pass) VALUES ('user21', 'pass21');
INSERT INTO Employee (username, pass) VALUES ('user22', 'pass22');
INSERT INTO Employee (username, pass) VALUES ('user23', 'pass23');
INSERT INTO Employee (username, pass) VALUES ('user24', 'pass24');
INSERT INTO Employee (username, pass) VALUES ('user25', 'pass25');

INSERT INTO Salesperson (username) VALUES ('owner');
INSERT INTO Salesperson (username) VALUES ('user03');
INSERT INTO Salesperson (username) VALUES ('user04');
INSERT INTO Salesperson (username) VALUES ('user06');
INSERT INTO Salesperson (username) VALUES ('user16');
INSERT INTO Salesperson (username) VALUES ('user19');
INSERT INTO Salesperson (username) VALUES ('user23');
INSERT INTO Salesperson (username) VALUES ('user25');

INSERT INTO Clerk (username) VALUES ('owner');
INSERT INTO Clerk (username) VALUES ('user02');
INSERT INTO Clerk (username) VALUES ('user05');
INSERT INTO Clerk (username) VALUES ('user07');
INSERT INTO Clerk (username) VALUES ('user09');
INSERT INTO Clerk (username) VALUES ('user10');
INSERT INTO Clerk (username) VALUES ('user11');
INSERT INTO Clerk (username) VALUES ('user12');
INSERT INTO Clerk (username) VALUES ('user13');
INSERT INTO Clerk (username) VALUES ('user15');
INSERT INTO Clerk (username) VALUES ('user17');
INSERT INTO Clerk (username) VALUES ('user18');
INSERT INTO Clerk (username) VALUES ('user20');
INSERT INTO Clerk (username) VALUES ('user21');
INSERT INTO Clerk (username) VALUES ('user24');

INSERT INTO Manager (username) VALUES ('owner');
INSERT INTO Manager (username) VALUES ('user01');
INSERT INTO Manager (username) VALUES ('user08');
INSERT INTO Manager (username) VALUES ('user14');
INSERT INTO Manager (username) VALUES ('user22');
