\c dealership;

INSERT INTO Employee (username, pass, first_name, last_name) VALUES ('owner', 'owner', 'O', 'Owner');
INSERT INTO Employee (username, pass, first_name, last_name) VALUES ('user01', 'pass01', 'Mitzie', 'Wenner');
INSERT INTO Employee (username, pass, first_name, last_name) VALUES ('user02', 'pass02', 'Paris', 'Dubaldi');
INSERT INTO Employee (username, pass, first_name, last_name) VALUES ('user03', 'pass03', 'Roslyn', 'Colaizzo');
INSERT INTO Employee (username, pass, first_name, last_name) VALUES ('user04', 'pass04', 'Chantell', 'Haroldson');
INSERT INTO Employee (username, pass, first_name, last_name) VALUES ('user05', 'pass05', 'Gearldine', 'Paa');
INSERT INTO Employee (username, pass, first_name, last_name) VALUES ('user06', 'pass06', 'Delisa', 'Demesa');
INSERT INTO Employee (username, pass, first_name, last_name) VALUES ('user07', 'pass07', 'Caitlin', 'Poquette');
INSERT INTO Employee (username, pass, first_name, last_name) VALUES ('user08', 'pass08', 'Kristofer', 'Leto');
INSERT INTO Employee (username, pass, first_name, last_name) VALUES ('user09', 'pass09', 'Leonida', 'Gesick');
INSERT INTO Employee (username, pass, first_name, last_name) VALUES ('user10', 'pass10', 'Colette', 'Berganza');
INSERT INTO Employee (username, pass, first_name, last_name) VALUES ('user11', 'pass11', 'Fletcher', 'Luczki');
INSERT INTO Employee (username, pass, first_name, last_name) VALUES ('user12', 'pass12', 'Bulah', 'Jillson');
INSERT INTO Employee (username, pass, first_name, last_name) VALUES ('user13', 'pass13', 'Glory', 'Nayar');
INSERT INTO Employee (username, pass, first_name, last_name) VALUES ('user14', 'pass14', 'Fatima', 'Hughey');
INSERT INTO Employee (username, pass, first_name, last_name) VALUES ('user15', 'pass15', 'Yoko', 'Ferrario');
INSERT INTO Employee (username, pass, first_name, last_name) VALUES ('user16', 'pass16', 'Britt', 'Threets');
INSERT INTO Employee (username, pass, first_name, last_name) VALUES ('user17', 'pass17', 'Donte', 'Plumer');
INSERT INTO Employee (username, pass, first_name, last_name) VALUES ('user18', 'pass18', 'Cristal', 'Dopico');
INSERT INTO Employee (username, pass, first_name, last_name) VALUES ('user19', 'pass19', 'Carey', 'Ketelsen');
INSERT INTO Employee (username, pass, first_name, last_name) VALUES ('user20', 'pass20', 'Angella', 'Agramonte');
INSERT INTO Employee (username, pass, first_name, last_name) VALUES ('user21', 'pass21', 'Buddy', 'Karpin');
INSERT INTO Employee (username, pass, first_name, last_name) VALUES ('user22', 'pass22', 'Fletcher', 'Sawchuk');
INSERT INTO Employee (username, pass, first_name, last_name) VALUES ('user23', 'pass23', 'Yoko', 'Leinenbach');
INSERT INTO Employee (username, pass, first_name, last_name) VALUES ('user24', 'pass24', 'Taryn', 'Whobrey');
INSERT INTO Employee (username, pass, first_name, last_name) VALUES ('user25', 'pass25', 'Mari', 'Mcrae');


INSERT INTO Salesperson (username) VALUES ('owner');
INSERT INTO Salesperson (username) VALUES ('user03');
INSERT INTO Salesperson (username) VALUES ('user04');
INSERT INTO Salesperson (username) VALUES ('user06');
INSERT INTO Salesperson (username) VALUES ('user16');
INSERT INTO Salesperson (username) VALUES ('user19');
INSERT INTO Salesperson (username) VALUES ('user23');
INSERT INTO Salesperson (username) VALUES ('user25');

INSERT INTO Clerk (username) VALUES ('owner');
INSERT INTO Clerk (username) VALUES ('user02');
INSERT INTO Clerk (username) VALUES ('user05');
INSERT INTO Clerk (username) VALUES ('user07');
INSERT INTO Clerk (username) VALUES ('user09');
INSERT INTO Clerk (username) VALUES ('user10');
INSERT INTO Clerk (username) VALUES ('user11');
INSERT INTO Clerk (username) VALUES ('user12');
INSERT INTO Clerk (username) VALUES ('user13');
INSERT INTO Clerk (username) VALUES ('user15');
INSERT INTO Clerk (username) VALUES ('user17');
INSERT INTO Clerk (username) VALUES ('user18');
INSERT INTO Clerk (username) VALUES ('user20');
INSERT INTO Clerk (username) VALUES ('user21');
INSERT INTO Clerk (username) VALUES ('user24');

INSERT INTO Manager (username) VALUES ('owner');
INSERT INTO Manager (username) VALUES ('user01');
INSERT INTO Manager (username) VALUES ('user08');
INSERT INTO Manager (username) VALUES ('user14');
INSERT INTO Manager (username) VALUES ('user22');
