\c dealership;

INSERT INTO Transaction (trans_id, trans_date, trans_price, customer, vehicle_vin) VALUES ('1', '2023-05-13', 27403.81, (SELECT customer_id FROM Individual WHERE ssn = '812418597' UNION SELECT customer_id FROM Business WHERE tin = '812418597'), '01CHA2S3LWA849979');
INSERT INTO Purchase (transactions, clerk, condition) VALUES (1, 'user21', 'Very Good');
INSERT INTO Transaction (trans_id, trans_date, trans_price, customer, vehicle_vin) VALUES ('2', '2023-05-13', 27403.81 * 1.25 + 1.10 * (SELECT COALESCE(SUM(unit_price * quantity), 0) FROM part WHERE vehicle_vin = '01CHA2S3LWA849979'), (SELECT customer_id FROM Individual WHERE ssn = '812418597' UNION SELECT customer_id FROM Business WHERE tin = '812418597'), '01CHA2S3LWA849979');
INSERT INTO Sale (transactions, salesperson) VALUES (2, 'owner');
INSERT INTO Transaction (trans_id, trans_date, trans_price, customer, vehicle_vin) VALUES ('3', '2023-04-11', 21252.90, (SELECT customer_id FROM Individual WHERE ssn = '087754715' UNION SELECT customer_id FROM Business WHERE tin = '087754715'), '0216UZ8NIB3005163');
INSERT INTO Purchase (transactions, clerk, condition) VALUES (3, 'user07', 'Excellent');
INSERT INTO Transaction (trans_id, trans_date, trans_price, customer, vehicle_vin) VALUES ('4', '2023-04-11', 21252.90 * 1.25 + 1.10 * (SELECT COALESCE(SUM(unit_price * quantity), 0) FROM part WHERE vehicle_vin = '0216UZ8NIB3005163'), (SELECT customer_id FROM Individual WHERE ssn = '087754715' UNION SELECT customer_id FROM Business WHERE tin = '087754715'), '0216UZ8NIB3005163');
INSERT INTO Sale (transactions, salesperson) VALUES (4, 'owner');
INSERT INTO Transaction (trans_id, trans_date, trans_price, customer, vehicle_vin) VALUES ('5', '2023-04-27', 6579.43, (SELECT customer_id FROM Individual WHERE ssn = '71-2329540' UNION SELECT customer_id FROM Business WHERE tin = '71-2329540'), '02XKB48A5UB828603');
INSERT INTO Purchase (transactions, clerk, condition) VALUES (5, 'user09', 'Good');
INSERT INTO Transaction (trans_id, trans_date, trans_price, customer, vehicle_vin) VALUES ('6', '2023-04-27', 6579.43 * 1.25 + 1.10 * (SELECT COALESCE(SUM(unit_price * quantity), 0) FROM part WHERE vehicle_vin = '02XKB48A5UB828603'), (SELECT customer_id FROM Individual WHERE ssn = '71-2329540' UNION SELECT customer_id FROM Business WHERE tin = '71-2329540'), '02XKB48A5UB828603');
INSERT INTO Sale (transactions, salesperson) VALUES (6, 'user16');
INSERT INTO Transaction (trans_id, trans_date, trans_price, customer, vehicle_vin) VALUES ('7', '2023-05-02', 4847.00, (SELECT customer_id FROM Individual WHERE ssn = '559983722' UNION SELECT customer_id FROM Business WHERE tin = '559983722'), '06U80HCPBYG352728');
INSERT INTO Purchase (transactions, clerk, condition) VALUES (7, 'user17', 'Excellent');
INSERT INTO Transaction (trans_id, trans_date, trans_price, customer, vehicle_vin) VALUES ('8', '2023-01-13', 3474.57, (SELECT customer_id FROM Individual WHERE ssn = '80-1084912' UNION SELECT customer_id FROM Business WHERE tin = '80-1084912'), '07XSZFNEBDW349840');
INSERT INTO Purchase (transactions, clerk, condition) VALUES (8, 'user17', 'Very Good');
INSERT INTO Transaction (trans_id, trans_date, trans_price, customer, vehicle_vin) VALUES ('9', '2023-01-13', 3474.57 * 1.25 + 1.10 * (SELECT COALESCE(SUM(unit_price * quantity), 0) FROM part WHERE vehicle_vin = '07XSZFNEBDW349840'), (SELECT customer_id FROM Individual WHERE ssn = '80-1084912' UNION SELECT customer_id FROM Business WHERE tin = '80-1084912'), '07XSZFNEBDW349840');
INSERT INTO Sale (transactions, salesperson) VALUES (9, 'user03');
INSERT INTO Transaction (trans_id, trans_date, trans_price, customer, vehicle_vin) VALUES ('10', '2022-12-12', 10483.21, (SELECT customer_id FROM Individual WHERE ssn = '202765813' UNION SELECT customer_id FROM Business WHERE tin = '202765813'), '0D2HX2R6775123500');
INSERT INTO Purchase (transactions, clerk, condition) VALUES (10, 'user11', 'Very Good');
INSERT INTO Transaction (trans_id, trans_date, trans_price, customer, vehicle_vin) VALUES ('11', '2022-12-12', 10483.21 * 1.25 + 1.10 * (SELECT COALESCE(SUM(unit_price * quantity), 0) FROM part WHERE vehicle_vin = '0D2HX2R6775123500'), (SELECT customer_id FROM Individual WHERE ssn = '202765813' UNION SELECT customer_id FROM Business WHERE tin = '202765813'), '0D2HX2R6775123500');
INSERT INTO Sale (transactions, salesperson) VALUES (11, 'user23');
INSERT INTO Transaction (trans_id, trans_date, trans_price, customer, vehicle_vin) VALUES ('12', '2022-09-17', 6082.82, (SELECT customer_id FROM Individual WHERE ssn = '73-2317837' UNION SELECT customer_id FROM Business WHERE tin = '73-2317837'), '0GXWO6TK0YG939311');
INSERT INTO Purchase (transactions, clerk, condition) VALUES (12, 'user11', 'Very Good');
INSERT INTO Transaction (trans_id, trans_date, trans_price, customer, vehicle_vin) VALUES ('13', '2022-09-17', 6082.82 * 1.25 + 1.10 * (SELECT COALESCE(SUM(unit_price * quantity), 0) FROM part WHERE vehicle_vin = '0GXWO6TK0YG939311'), (SELECT customer_id FROM Individual WHERE ssn = '73-2317837' UNION SELECT customer_id FROM Business WHERE tin = '73-2317837'), '0GXWO6TK0YG939311');
INSERT INTO Sale (transactions, salesperson) VALUES (13, 'user04');
INSERT INTO Transaction (trans_id, trans_date, trans_price, customer, vehicle_vin) VALUES ('14', '2022-10-18', 10426.26, (SELECT customer_id FROM Individual WHERE ssn = '980497412' UNION SELECT customer_id FROM Business WHERE tin = '980497412'), '0H6SRXF8EP7967929');
INSERT INTO Purchase (transactions, clerk, condition) VALUES (14, 'user05', 'Fair');
INSERT INTO Transaction (trans_id, trans_date, trans_price, customer, vehicle_vin) VALUES ('15', '2022-10-18', 10426.26 * 1.25 + 1.10 * (SELECT COALESCE(SUM(unit_price * quantity), 0) FROM part WHERE vehicle_vin = '0H6SRXF8EP7967929'), (SELECT customer_id FROM Individual WHERE ssn = '980497412' UNION SELECT customer_id FROM Business WHERE tin = '980497412'), '0H6SRXF8EP7967929');
INSERT INTO Sale (transactions, salesperson) VALUES (15, 'user25');
INSERT INTO Transaction (trans_id, trans_date, trans_price, customer, vehicle_vin) VALUES ('16', '2022-08-25', 5997.68, (SELECT customer_id FROM Individual WHERE ssn = '779146875' UNION SELECT customer_id FROM Business WHERE tin = '779146875'), '0K3KCEYO5WR993877');
INSERT INTO Purchase (transactions, clerk, condition) VALUES (16, 'user02', 'Very Good');
INSERT INTO Transaction (trans_id, trans_date, trans_price, customer, vehicle_vin) VALUES ('17', '2022-08-25', 5997.68 * 1.25 + 1.10 * (SELECT COALESCE(SUM(unit_price * quantity), 0) FROM part WHERE vehicle_vin = '0K3KCEYO5WR993877'), (SELECT customer_id FROM Individual WHERE ssn = '779146875' UNION SELECT customer_id FROM Business WHERE tin = '779146875'), '0K3KCEYO5WR993877');
INSERT INTO Sale (transactions, salesperson) VALUES (17, 'user19');
INSERT INTO Transaction (trans_id, trans_date, trans_price, customer, vehicle_vin) VALUES ('18', '2022-07-17', 3552.44, (SELECT customer_id FROM Individual WHERE ssn = '18-0557460' UNION SELECT customer_id FROM Business WHERE tin = '18-0557460'), '0KAMFH817HG984940');
INSERT INTO Purchase (transactions, clerk, condition) VALUES (18, 'user11', 'Fair');
INSERT INTO Transaction (trans_id, trans_date, trans_price, customer, vehicle_vin) VALUES ('19', '2022-07-17', 3552.44 * 1.25 + 1.10 * (SELECT COALESCE(SUM(unit_price * quantity), 0) FROM part WHERE vehicle_vin = '0KAMFH817HG984940'), (SELECT customer_id FROM Individual WHERE ssn = '18-0557460' UNION SELECT customer_id FROM Business WHERE tin = '18-0557460'), '0KAMFH817HG984940');
INSERT INTO Sale (transactions, salesperson) VALUES (19, 'user25');
INSERT INTO Transaction (trans_id, trans_date, trans_price, customer, vehicle_vin) VALUES ('20', '2022-10-05', 4698.20, (SELECT customer_id FROM Individual WHERE ssn = '766904975' UNION SELECT customer_id FROM Business WHERE tin = '766904975'), '0KSVK7T0HVD586286');
INSERT INTO Purchase (transactions, clerk, condition) VALUES (20, 'user11', 'Fair');
INSERT INTO Transaction (trans_id, trans_date, trans_price, customer, vehicle_vin) VALUES ('21', '2022-10-25', 2846.92, (SELECT customer_id FROM Individual WHERE ssn = '033375455' UNION SELECT customer_id FROM Business WHERE tin = '033375455'), '0MRJ620G5FE640131');
INSERT INTO Purchase (transactions, clerk, condition) VALUES (21, 'user15', 'Fair');
INSERT INTO Transaction (trans_id, trans_date, trans_price, customer, vehicle_vin) VALUES ('22', '2023-01-22', 3074.72, (SELECT customer_id FROM Individual WHERE ssn = '031943406' UNION SELECT customer_id FROM Business WHERE tin = '031943406'), '0OPU81GJG8C160079');
INSERT INTO Purchase (transactions, clerk, condition) VALUES (22, 'user24', 'Good');
INSERT INTO Transaction (trans_id, trans_date, trans_price, customer, vehicle_vin) VALUES ('23', '2023-03-05', 1118.99, (SELECT customer_id FROM Individual WHERE ssn = '812418597' UNION SELECT customer_id FROM Business WHERE tin = '812418597'), '0PT8CVJWV8T188907');
INSERT INTO Purchase (transactions, clerk, condition) VALUES (23, 'user24', 'Fair');
INSERT INTO Transaction (trans_id, trans_date, trans_price, customer, vehicle_vin) VALUES ('24', '2022-08-07', 5197.51, (SELECT customer_id FROM Individual WHERE ssn = '824643871' UNION SELECT customer_id FROM Business WHERE tin = '824643871'), '0QFCBGN24Y3098876');
INSERT INTO Purchase (transactions, clerk, condition) VALUES (24, 'user20', 'Good');
INSERT INTO Transaction (trans_id, trans_date, trans_price, customer, vehicle_vin) VALUES ('25', '2022-08-07', 5197.51 * 1.25 + 1.10 * (SELECT COALESCE(SUM(unit_price * quantity), 0) FROM part WHERE vehicle_vin = '0QFCBGN24Y3098876'), (SELECT customer_id FROM Individual WHERE ssn = '824643871' UNION SELECT customer_id FROM Business WHERE tin = '824643871'), '0QFCBGN24Y3098876');
INSERT INTO Sale (transactions, salesperson) VALUES (25, 'user25');
INSERT INTO Transaction (trans_id, trans_date, trans_price, customer, vehicle_vin) VALUES ('26', '2023-08-08', 10450.29, (SELECT customer_id FROM Individual WHERE ssn = '704558763' UNION SELECT customer_id FROM Business WHERE tin = '704558763'), '0UWKB1SP7C0135655');
INSERT INTO Purchase (transactions, clerk, condition) VALUES (26, 'user07', 'Excellent');
INSERT INTO Transaction (trans_id, trans_date, trans_price, customer, vehicle_vin) VALUES ('27', '2023-02-09', 7351.52, (SELECT customer_id FROM Individual WHERE ssn = '55-6187762' UNION SELECT customer_id FROM Business WHERE tin = '55-6187762'), '11O1YZUFMFN275554');
INSERT INTO Purchase (transactions, clerk, condition) VALUES (27, 'user17', 'Excellent');
INSERT INTO Transaction (trans_id, trans_date, trans_price, customer, vehicle_vin) VALUES ('28', '2023-02-09', 7351.52 * 1.25 + 1.10 * (SELECT COALESCE(SUM(unit_price * quantity), 0) FROM part WHERE vehicle_vin = '11O1YZUFMFN275554'), (SELECT customer_id FROM Individual WHERE ssn = '55-6187762' UNION SELECT customer_id FROM Business WHERE tin = '55-6187762'), '11O1YZUFMFN275554');
INSERT INTO Sale (transactions, salesperson) VALUES (28, 'user23');
INSERT INTO Transaction (trans_id, trans_date, trans_price, customer, vehicle_vin) VALUES ('29', '2022-08-06', 3989.05, (SELECT customer_id FROM Individual WHERE ssn = '722473507' UNION SELECT customer_id FROM Business WHERE tin = '722473507'), '1HVL421OTR3071057');
INSERT INTO Purchase (transactions, clerk, condition) VALUES (29, 'user13', 'Good');
INSERT INTO Transaction (trans_id, trans_date, trans_price, customer, vehicle_vin) VALUES ('30', '2022-08-06', 3989.05 * 1.25 + 1.10 * (SELECT COALESCE(SUM(unit_price * quantity), 0) FROM part WHERE vehicle_vin = '1HVL421OTR3071057'), (SELECT customer_id FROM Individual WHERE ssn = '722473507' UNION SELECT customer_id FROM Business WHERE tin = '722473507'), '1HVL421OTR3071057');
INSERT INTO Sale (transactions, salesperson) VALUES (30, 'user06');
INSERT INTO Transaction (trans_id, trans_date, trans_price, customer, vehicle_vin) VALUES ('31', '2022-08-10', 5050.42, (SELECT customer_id FROM Individual WHERE ssn = '17-0197151' UNION SELECT customer_id FROM Business WHERE tin = '17-0197151'), '1UCBIT5YXDJ919563');
INSERT INTO Purchase (transactions, clerk, condition) VALUES (31, 'user07', 'Very Good');
INSERT INTO Transaction (trans_id, trans_date, trans_price, customer, vehicle_vin) VALUES ('32', '2022-07-15', 12508.11, (SELECT customer_id FROM Individual WHERE ssn = '392747745' UNION SELECT customer_id FROM Business WHERE tin = '392747745'), '201DHVWO70I456603');
INSERT INTO Purchase (transactions, clerk, condition) VALUES (32, 'user10', 'Excellent');
INSERT INTO Transaction (trans_id, trans_date, trans_price, customer, vehicle_vin) VALUES ('33', '2022-07-15', 12508.11 * 1.25 + 1.10 * (SELECT COALESCE(SUM(unit_price * quantity), 0) FROM part WHERE vehicle_vin = '201DHVWO70I456603'), (SELECT customer_id FROM Individual WHERE ssn = '392747745' UNION SELECT customer_id FROM Business WHERE tin = '392747745'), '201DHVWO70I456603');
INSERT INTO Sale (transactions, salesperson) VALUES (33, 'user19');
INSERT INTO Transaction (trans_id, trans_date, trans_price, customer, vehicle_vin) VALUES ('34', '2022-08-31', 10954.50, (SELECT customer_id FROM Individual WHERE ssn = '45-7885161' UNION SELECT customer_id FROM Business WHERE tin = '45-7885161'), '22EISXE65K7154002');
INSERT INTO Purchase (transactions, clerk, condition) VALUES (34, 'user09', 'Fair');
INSERT INTO Transaction (trans_id, trans_date, trans_price, customer, vehicle_vin) VALUES ('35', '2022-08-31', 10954.50 * 1.25 + 1.10 * (SELECT COALESCE(SUM(unit_price * quantity), 0) FROM part WHERE vehicle_vin = '22EISXE65K7154002'), (SELECT customer_id FROM Individual WHERE ssn = '45-7885161' UNION SELECT customer_id FROM Business WHERE tin = '45-7885161'), '22EISXE65K7154002');
INSERT INTO Sale (transactions, salesperson) VALUES (35, 'user04');
INSERT INTO Transaction (trans_id, trans_date, trans_price, customer, vehicle_vin) VALUES ('36', '2023-06-01', 3624.75, (SELECT customer_id FROM Individual WHERE ssn = '778214839' UNION SELECT customer_id FROM Business WHERE tin = '778214839'), '24G081632WM888163');
INSERT INTO Purchase (transactions, clerk, condition) VALUES (36, 'user24', 'Very Good');
INSERT INTO Transaction (trans_id, trans_date, trans_price, customer, vehicle_vin) VALUES ('37', '2023-06-01', 3624.75 * 1.25 + 1.10 * (SELECT COALESCE(SUM(unit_price * quantity), 0) FROM part WHERE vehicle_vin = '24G081632WM888163'), (SELECT customer_id FROM Individual WHERE ssn = '778214839' UNION SELECT customer_id FROM Business WHERE tin = '778214839'), '24G081632WM888163');
INSERT INTO Sale (transactions, salesperson) VALUES (37, 'user23');
INSERT INTO Transaction (trans_id, trans_date, trans_price, customer, vehicle_vin) VALUES ('38', '2023-03-31', 25881.29, (SELECT customer_id FROM Individual WHERE ssn = '71-2329540' UNION SELECT customer_id FROM Business WHERE tin = '71-2329540'), '26GJDWHYLTU230526');
INSERT INTO Purchase (transactions, clerk, condition) VALUES (38, 'user07', 'Fair');
INSERT INTO Transaction (trans_id, trans_date, trans_price, customer, vehicle_vin) VALUES ('39', '2023-03-31', 25881.29 * 1.25 + 1.10 * (SELECT COALESCE(SUM(unit_price * quantity), 0) FROM part WHERE vehicle_vin = '26GJDWHYLTU230526'), (SELECT customer_id FROM Individual WHERE ssn = '71-2329540' UNION SELECT customer_id FROM Business WHERE tin = '71-2329540'), '26GJDWHYLTU230526');
INSERT INTO Sale (transactions, salesperson) VALUES (39, 'user04');
INSERT INTO Transaction (trans_id, trans_date, trans_price, customer, vehicle_vin) VALUES ('40', '2023-06-25', 5218.55, (SELECT customer_id FROM Individual WHERE ssn = '44-6640568' UNION SELECT customer_id FROM Business WHERE tin = '44-6640568'), '2J8FN6TAGEZ924085');
INSERT INTO Purchase (transactions, clerk, condition) VALUES (40, 'user24', 'Fair');
INSERT INTO Transaction (trans_id, trans_date, trans_price, customer, vehicle_vin) VALUES ('41', '2023-01-12', 8702.51, (SELECT customer_id FROM Individual WHERE ssn = '519824004' UNION SELECT customer_id FROM Business WHERE tin = '519824004'), '2KJBD48273Y069356');
INSERT INTO Purchase (transactions, clerk, condition) VALUES (41, 'user11', 'Very Good');
INSERT INTO Transaction (trans_id, trans_date, trans_price, customer, vehicle_vin) VALUES ('42', '2023-01-12', 8702.51 * 1.25 + 1.10 * (SELECT COALESCE(SUM(unit_price * quantity), 0) FROM part WHERE vehicle_vin = '2KJBD48273Y069356'), (SELECT customer_id FROM Individual WHERE ssn = '519824004' UNION SELECT customer_id FROM Business WHERE tin = '519824004'), '2KJBD48273Y069356');
INSERT INTO Sale (transactions, salesperson) VALUES (42, 'user19');
INSERT INTO Transaction (trans_id, trans_date, trans_price, customer, vehicle_vin) VALUES ('43', '2023-01-06', 9730.56, (SELECT customer_id FROM Individual WHERE ssn = '67-7936515' UNION SELECT customer_id FROM Business WHERE tin = '67-7936515'), '2LBKYDFHTK3034814');
INSERT INTO Purchase (transactions, clerk, condition) VALUES (43, 'user02', 'Excellent');
INSERT INTO Transaction (trans_id, trans_date, trans_price, customer, vehicle_vin) VALUES ('44', '2023-01-06', 9730.56 * 1.25 + 1.10 * (SELECT COALESCE(SUM(unit_price * quantity), 0) FROM part WHERE vehicle_vin = '2LBKYDFHTK3034814'), (SELECT customer_id FROM Individual WHERE ssn = '67-7936515' UNION SELECT customer_id FROM Business WHERE tin = '67-7936515'), '2LBKYDFHTK3034814');
INSERT INTO Sale (transactions, salesperson) VALUES (44, 'user03');
INSERT INTO Transaction (trans_id, trans_date, trans_price, customer, vehicle_vin) VALUES ('45', '2023-06-09', 7571.39, (SELECT customer_id FROM Individual WHERE ssn = '189578947' UNION SELECT customer_id FROM Business WHERE tin = '189578947'), '2PKESKWHCJ4479804');
INSERT INTO Purchase (transactions, clerk, condition) VALUES (45, 'user02', 'Good');
INSERT INTO Transaction (trans_id, trans_date, trans_price, customer, vehicle_vin) VALUES ('46', '2023-06-09', 7571.39 * 1.25 + 1.10 * (SELECT COALESCE(SUM(unit_price * quantity), 0) FROM part WHERE vehicle_vin = '2PKESKWHCJ4479804'), (SELECT customer_id FROM Individual WHERE ssn = '189578947' UNION SELECT customer_id FROM Business WHERE tin = '189578947'), '2PKESKWHCJ4479804');
INSERT INTO Sale (transactions, salesperson) VALUES (46, 'user25');
INSERT INTO Transaction (trans_id, trans_date, trans_price, customer, vehicle_vin) VALUES ('47', '2022-11-30', 6418.78, (SELECT customer_id FROM Individual WHERE ssn = '116667329' UNION SELECT customer_id FROM Business WHERE tin = '116667329'), '2UWYFE50XIB423887');
INSERT INTO Purchase (transactions, clerk, condition) VALUES (47, 'user15', 'Excellent');
INSERT INTO Transaction (trans_id, trans_date, trans_price, customer, vehicle_vin) VALUES ('48', '2023-07-09', 2657.12, (SELECT customer_id FROM Individual WHERE ssn = '86-1158388' UNION SELECT customer_id FROM Business WHERE tin = '86-1158388'), '340D7EL25S2404955');
INSERT INTO Purchase (transactions, clerk, condition) VALUES (48, 'user02', 'Very Good');
INSERT INTO Transaction (trans_id, trans_date, trans_price, customer, vehicle_vin) VALUES ('49', '2023-07-09', 2657.12 * 1.25 + 1.10 * (SELECT COALESCE(SUM(unit_price * quantity), 0) FROM part WHERE vehicle_vin = '340D7EL25S2404955'), (SELECT customer_id FROM Individual WHERE ssn = '86-1158388' UNION SELECT customer_id FROM Business WHERE tin = '86-1158388'), '340D7EL25S2404955');
INSERT INTO Sale (transactions, salesperson) VALUES (49, 'user19');
INSERT INTO Transaction (trans_id, trans_date, trans_price, customer, vehicle_vin) VALUES ('50', '2023-02-01', 10475.00, (SELECT customer_id FROM Individual WHERE ssn = '307192832' UNION SELECT customer_id FROM Business WHERE tin = '307192832'), '3CKLOVNGZ51537051');
INSERT INTO Purchase (transactions, clerk, condition) VALUES (50, 'user20', 'Very Good');
INSERT INTO Transaction (trans_id, trans_date, trans_price, customer, vehicle_vin) VALUES ('51', '2023-02-01', 10475.00 * 1.25 + 1.10 * (SELECT COALESCE(SUM(unit_price * quantity), 0) FROM part WHERE vehicle_vin = '3CKLOVNGZ51537051'), (SELECT customer_id FROM Individual WHERE ssn = '307192832' UNION SELECT customer_id FROM Business WHERE tin = '307192832'), '3CKLOVNGZ51537051');
INSERT INTO Sale (transactions, salesperson) VALUES (51, 'user16');
INSERT INTO Transaction (trans_id, trans_date, trans_price, customer, vehicle_vin) VALUES ('52', '2023-03-08', 3133.78, (SELECT customer_id FROM Individual WHERE ssn = '190389930' UNION SELECT customer_id FROM Business WHERE tin = '190389930'), '3FFSR68RD0K441878');
INSERT INTO Purchase (transactions, clerk, condition) VALUES (52, 'user21', 'Excellent');
INSERT INTO Transaction (trans_id, trans_date, trans_price, customer, vehicle_vin) VALUES ('53', '2023-03-08', 3133.78 * 1.25 + 1.10 * (SELECT COALESCE(SUM(unit_price * quantity), 0) FROM part WHERE vehicle_vin = '3FFSR68RD0K441878'), (SELECT customer_id FROM Individual WHERE ssn = '190389930' UNION SELECT customer_id FROM Business WHERE tin = '190389930'), '3FFSR68RD0K441878');
INSERT INTO Sale (transactions, salesperson) VALUES (53, 'owner');
INSERT INTO Transaction (trans_id, trans_date, trans_price, customer, vehicle_vin) VALUES ('54', '2023-08-29', 7491.59, (SELECT customer_id FROM Individual WHERE ssn = '945585317' UNION SELECT customer_id FROM Business WHERE tin = '945585317'), '3IU2B4ORS6A077319');
INSERT INTO Purchase (transactions, clerk, condition) VALUES (54, 'user12', 'Excellent');
INSERT INTO Transaction (trans_id, trans_date, trans_price, customer, vehicle_vin) VALUES ('55', '2022-07-25', 8733.09, (SELECT customer_id FROM Individual WHERE ssn = '421317175' UNION SELECT customer_id FROM Business WHERE tin = '421317175'), '3J6IMNCNYTR099621');
INSERT INTO Purchase (transactions, clerk, condition) VALUES (55, 'user24', 'Very Good');
INSERT INTO Transaction (trans_id, trans_date, trans_price, customer, vehicle_vin) VALUES ('56', '2022-07-25', 8733.09 * 1.25 + 1.10 * (SELECT COALESCE(SUM(unit_price * quantity), 0) FROM part WHERE vehicle_vin = '3J6IMNCNYTR099621'), (SELECT customer_id FROM Individual WHERE ssn = '421317175' UNION SELECT customer_id FROM Business WHERE tin = '421317175'), '3J6IMNCNYTR099621');
INSERT INTO Sale (transactions, salesperson) VALUES (56, 'user25');
INSERT INTO Transaction (trans_id, trans_date, trans_price, customer, vehicle_vin) VALUES ('57', '2023-05-08', 12496.90, (SELECT customer_id FROM Individual WHERE ssn = '489738648' UNION SELECT customer_id FROM Business WHERE tin = '489738648'), '3NO8BO4OGTL807840');
INSERT INTO Purchase (transactions, clerk, condition) VALUES (57, 'user15', 'Fair');
INSERT INTO Transaction (trans_id, trans_date, trans_price, customer, vehicle_vin) VALUES ('58', '2023-08-15', 9754.03, (SELECT customer_id FROM Individual WHERE ssn = '847939559' UNION SELECT customer_id FROM Business WHERE tin = '847939559'), '3POHTV1PFW1510449');
INSERT INTO Purchase (transactions, clerk, condition) VALUES (58, 'user09', 'Excellent');
INSERT INTO Transaction (trans_id, trans_date, trans_price, customer, vehicle_vin) VALUES ('59', '2023-04-25', 6408.60, (SELECT customer_id FROM Individual WHERE ssn = '084398382' UNION SELECT customer_id FROM Business WHERE tin = '084398382'), '3TJM4LZERLL108705');
INSERT INTO Purchase (transactions, clerk, condition) VALUES (59, 'user17', 'Very Good');
INSERT INTO Transaction (trans_id, trans_date, trans_price, customer, vehicle_vin) VALUES ('60', '2023-04-25', 6408.60 * 1.25 + 1.10 * (SELECT COALESCE(SUM(unit_price * quantity), 0) FROM part WHERE vehicle_vin = '3TJM4LZERLL108705'), (SELECT customer_id FROM Individual WHERE ssn = '084398382' UNION SELECT customer_id FROM Business WHERE tin = '084398382'), '3TJM4LZERLL108705');
INSERT INTO Sale (transactions, salesperson) VALUES (60, 'user19');
INSERT INTO Transaction (trans_id, trans_date, trans_price, customer, vehicle_vin) VALUES ('61', '2022-12-01', 16141.16, (SELECT customer_id FROM Individual WHERE ssn = '694670985' UNION SELECT customer_id FROM Business WHERE tin = '694670985'), '41DPYVQZCO3181476');
INSERT INTO Purchase (transactions, clerk, condition) VALUES (61, 'user02', 'Fair');
INSERT INTO Transaction (trans_id, trans_date, trans_price, customer, vehicle_vin) VALUES ('62', '2022-12-01', 16141.16 * 1.25 + 1.10 * (SELECT COALESCE(SUM(unit_price * quantity), 0) FROM part WHERE vehicle_vin = '41DPYVQZCO3181476'), (SELECT customer_id FROM Individual WHERE ssn = '694670985' UNION SELECT customer_id FROM Business WHERE tin = '694670985'), '41DPYVQZCO3181476');
INSERT INTO Sale (transactions, salesperson) VALUES (62, 'user16');
INSERT INTO Transaction (trans_id, trans_date, trans_price, customer, vehicle_vin) VALUES ('63', '2023-07-11', 9822.27, (SELECT customer_id FROM Individual WHERE ssn = '845147047' UNION SELECT customer_id FROM Business WHERE tin = '845147047'), '42JDWI0F3D2375784');
INSERT INTO Purchase (transactions, clerk, condition) VALUES (63, 'user24', 'Excellent');
INSERT INTO Transaction (trans_id, trans_date, trans_price, customer, vehicle_vin) VALUES ('64', '2023-07-11', 9822.27 * 1.25 + 1.10 * (SELECT COALESCE(SUM(unit_price * quantity), 0) FROM part WHERE vehicle_vin = '42JDWI0F3D2375784'), (SELECT customer_id FROM Individual WHERE ssn = '845147047' UNION SELECT customer_id FROM Business WHERE tin = '845147047'), '42JDWI0F3D2375784');
INSERT INTO Sale (transactions, salesperson) VALUES (64, 'user19');
INSERT INTO Transaction (trans_id, trans_date, trans_price, customer, vehicle_vin) VALUES ('65', '2023-04-03', 11432.54, (SELECT customer_id FROM Individual WHERE ssn = '613205626' UNION SELECT customer_id FROM Business WHERE tin = '613205626'), '447NADHKNTP823552');
INSERT INTO Purchase (transactions, clerk, condition) VALUES (65, 'user02', 'Fair');
INSERT INTO Transaction (trans_id, trans_date, trans_price, customer, vehicle_vin) VALUES ('66', '2023-04-03', 11432.54 * 1.25 + 1.10 * (SELECT COALESCE(SUM(unit_price * quantity), 0) FROM part WHERE vehicle_vin = '447NADHKNTP823552'), (SELECT customer_id FROM Individual WHERE ssn = '613205626' UNION SELECT customer_id FROM Business WHERE tin = '613205626'), '447NADHKNTP823552');
INSERT INTO Sale (transactions, salesperson) VALUES (66, 'user06');
INSERT INTO Transaction (trans_id, trans_date, trans_price, customer, vehicle_vin) VALUES ('67', '2022-07-04', 7131.61, (SELECT customer_id FROM Individual WHERE ssn = '850547815' UNION SELECT customer_id FROM Business WHERE tin = '850547815'), '4B5O8UZKPBZ854920');
INSERT INTO Purchase (transactions, clerk, condition) VALUES (67, 'user24', 'Fair');
INSERT INTO Transaction (trans_id, trans_date, trans_price, customer, vehicle_vin) VALUES ('68', '2022-07-04', 7131.61 * 1.25 + 1.10 * (SELECT COALESCE(SUM(unit_price * quantity), 0) FROM part WHERE vehicle_vin = '4B5O8UZKPBZ854920'), (SELECT customer_id FROM Individual WHERE ssn = '850547815' UNION SELECT customer_id FROM Business WHERE tin = '850547815'), '4B5O8UZKPBZ854920');
INSERT INTO Sale (transactions, salesperson) VALUES (68, 'user25');
INSERT INTO Transaction (trans_id, trans_date, trans_price, customer, vehicle_vin) VALUES ('69', '2023-05-25', 18636.42, (SELECT customer_id FROM Individual WHERE ssn = '626322844' UNION SELECT customer_id FROM Business WHERE tin = '626322844'), '4GHCRLJOKT6083540');
INSERT INTO Purchase (transactions, clerk, condition) VALUES (69, 'user10', 'Very Good');
INSERT INTO Transaction (trans_id, trans_date, trans_price, customer, vehicle_vin) VALUES ('70', '2023-05-25', 18636.42 * 1.25 + 1.10 * (SELECT COALESCE(SUM(unit_price * quantity), 0) FROM part WHERE vehicle_vin = '4GHCRLJOKT6083540'), (SELECT customer_id FROM Individual WHERE ssn = '626322844' UNION SELECT customer_id FROM Business WHERE tin = '626322844'), '4GHCRLJOKT6083540');
INSERT INTO Sale (transactions, salesperson) VALUES (70, 'user16');
INSERT INTO Transaction (trans_id, trans_date, trans_price, customer, vehicle_vin) VALUES ('71', '2023-02-28', 4397.12, (SELECT customer_id FROM Individual WHERE ssn = '23-4661232' UNION SELECT customer_id FROM Business WHERE tin = '23-4661232'), '4HPEB1IJDDY354518');
INSERT INTO Purchase (transactions, clerk, condition) VALUES (71, 'user07', 'Very Good');
INSERT INTO Transaction (trans_id, trans_date, trans_price, customer, vehicle_vin) VALUES ('72', '2023-02-28', 4397.12 * 1.25 + 1.10 * (SELECT COALESCE(SUM(unit_price * quantity), 0) FROM part WHERE vehicle_vin = '4HPEB1IJDDY354518'), (SELECT customer_id FROM Individual WHERE ssn = '23-4661232' UNION SELECT customer_id FROM Business WHERE tin = '23-4661232'), '4HPEB1IJDDY354518');
INSERT INTO Sale (transactions, salesperson) VALUES (72, 'user06');
INSERT INTO Transaction (trans_id, trans_date, trans_price, customer, vehicle_vin) VALUES ('73', '2022-10-05', 25809.19, (SELECT customer_id FROM Individual WHERE ssn = '591437032' UNION SELECT customer_id FROM Business WHERE tin = '591437032'), '4IHUPZ7L3E4517493');
INSERT INTO Purchase (transactions, clerk, condition) VALUES (73, 'user05', 'Excellent');
INSERT INTO Transaction (trans_id, trans_date, trans_price, customer, vehicle_vin) VALUES ('74', '2022-10-05', 25809.19 * 1.25 + 1.10 * (SELECT COALESCE(SUM(unit_price * quantity), 0) FROM part WHERE vehicle_vin = '4IHUPZ7L3E4517493'), (SELECT customer_id FROM Individual WHERE ssn = '591437032' UNION SELECT customer_id FROM Business WHERE tin = '591437032'), '4IHUPZ7L3E4517493');
INSERT INTO Sale (transactions, salesperson) VALUES (74, 'user16');
INSERT INTO Transaction (trans_id, trans_date, trans_price, customer, vehicle_vin) VALUES ('75', '2022-10-15', 4833.43, (SELECT customer_id FROM Individual WHERE ssn = '86-7493304' UNION SELECT customer_id FROM Business WHERE tin = '86-7493304'), '52J1ULU58OB110991');
INSERT INTO Purchase (transactions, clerk, condition) VALUES (75, 'user21', 'Very Good');
INSERT INTO Transaction (trans_id, trans_date, trans_price, customer, vehicle_vin) VALUES ('76', '2023-02-22', 10253.15, (SELECT customer_id FROM Individual WHERE ssn = '21-6554083' UNION SELECT customer_id FROM Business WHERE tin = '21-6554083'), '54SZY4MKO6C114660');
INSERT INTO Purchase (transactions, clerk, condition) VALUES (76, 'user07', 'Fair');
INSERT INTO Transaction (trans_id, trans_date, trans_price, customer, vehicle_vin) VALUES ('77', '2023-02-22', 10253.15 * 1.25 + 1.10 * (SELECT COALESCE(SUM(unit_price * quantity), 0) FROM part WHERE vehicle_vin = '54SZY4MKO6C114660'), (SELECT customer_id FROM Individual WHERE ssn = '21-6554083' UNION SELECT customer_id FROM Business WHERE tin = '21-6554083'), '54SZY4MKO6C114660');
INSERT INTO Sale (transactions, salesperson) VALUES (77, 'user19');
INSERT INTO Transaction (trans_id, trans_date, trans_price, customer, vehicle_vin) VALUES ('78', '2023-05-03', 6958.56, (SELECT customer_id FROM Individual WHERE ssn = '62-1462808' UNION SELECT customer_id FROM Business WHERE tin = '62-1462808'), '5MLXXEBOXNC754707');
INSERT INTO Purchase (transactions, clerk, condition) VALUES (78, 'user20', 'Fair');
INSERT INTO Transaction (trans_id, trans_date, trans_price, customer, vehicle_vin) VALUES ('79', '2023-05-03', 6958.56 * 1.25 + 1.10 * (SELECT COALESCE(SUM(unit_price * quantity), 0) FROM part WHERE vehicle_vin = '5MLXXEBOXNC754707'), (SELECT customer_id FROM Individual WHERE ssn = '62-1462808' UNION SELECT customer_id FROM Business WHERE tin = '62-1462808'), '5MLXXEBOXNC754707');
INSERT INTO Sale (transactions, salesperson) VALUES (79, 'user06');
INSERT INTO Transaction (trans_id, trans_date, trans_price, customer, vehicle_vin) VALUES ('80', '2023-07-25', 10503.82, (SELECT customer_id FROM Individual WHERE ssn = '349754202' UNION SELECT customer_id FROM Business WHERE tin = '349754202'), '5OU82GIFAQ3021868');
INSERT INTO Purchase (transactions, clerk, condition) VALUES (80, 'user24', 'Very Good');
INSERT INTO Transaction (trans_id, trans_date, trans_price, customer, vehicle_vin) VALUES ('81', '2023-07-25', 10503.82 * 1.25 + 1.10 * (SELECT COALESCE(SUM(unit_price * quantity), 0) FROM part WHERE vehicle_vin = '5OU82GIFAQ3021868'), (SELECT customer_id FROM Individual WHERE ssn = '349754202' UNION SELECT customer_id FROM Business WHERE tin = '349754202'), '5OU82GIFAQ3021868');
INSERT INTO Sale (transactions, salesperson) VALUES (81, 'user06');
INSERT INTO Transaction (trans_id, trans_date, trans_price, customer, vehicle_vin) VALUES ('82', '2022-10-24', 5147.80, (SELECT customer_id FROM Individual WHERE ssn = '563576825' UNION SELECT customer_id FROM Business WHERE tin = '563576825'), '5PUIFVQ6V3R308628');
INSERT INTO Purchase (transactions, clerk, condition) VALUES (82, 'user18', 'Fair');
INSERT INTO Transaction (trans_id, trans_date, trans_price, customer, vehicle_vin) VALUES ('83', '2022-09-29', 4498.31, (SELECT customer_id FROM Individual WHERE ssn = '043141609' UNION SELECT customer_id FROM Business WHERE tin = '043141609'), '5QPBC4N5SPV612486');
INSERT INTO Purchase (transactions, clerk, condition) VALUES (83, 'user15', 'Very Good');
INSERT INTO Transaction (trans_id, trans_date, trans_price, customer, vehicle_vin) VALUES ('84', '2022-08-29', 4365.50, (SELECT customer_id FROM Individual WHERE ssn = '23-4661232' UNION SELECT customer_id FROM Business WHERE tin = '23-4661232'), '5RLTD3PDG7P142502');
INSERT INTO Purchase (transactions, clerk, condition) VALUES (84, 'user20', 'Good');
INSERT INTO Transaction (trans_id, trans_date, trans_price, customer, vehicle_vin) VALUES ('85', '2023-05-26', 5142.06, (SELECT customer_id FROM Individual WHERE ssn = '89-1541922' UNION SELECT customer_id FROM Business WHERE tin = '89-1541922'), '60RPWRGZXAL689666');
INSERT INTO Purchase (transactions, clerk, condition) VALUES (85, 'owner', 'Excellent');
INSERT INTO Transaction (trans_id, trans_date, trans_price, customer, vehicle_vin) VALUES ('86', '2023-04-01', 7719.63, (SELECT customer_id FROM Individual WHERE ssn = '559840282' UNION SELECT customer_id FROM Business WHERE tin = '559840282'), '63IMJ2UQAPP800193');
INSERT INTO Purchase (transactions, clerk, condition) VALUES (86, 'user15', 'Very Good');
INSERT INTO Transaction (trans_id, trans_date, trans_price, customer, vehicle_vin) VALUES ('87', '2022-11-10', 13266.07, (SELECT customer_id FROM Individual WHERE ssn = '565447868' UNION SELECT customer_id FROM Business WHERE tin = '565447868'), '6A6NQP7GZG0782604');
INSERT INTO Purchase (transactions, clerk, condition) VALUES (87, 'owner', 'Very Good');
INSERT INTO Transaction (trans_id, trans_date, trans_price, customer, vehicle_vin) VALUES ('88', '2022-12-13', 13087.82, (SELECT customer_id FROM Individual WHERE ssn = '519824004' UNION SELECT customer_id FROM Business WHERE tin = '519824004'), '6KAIF8AC3KG769914');
INSERT INTO Purchase (transactions, clerk, condition) VALUES (88, 'user20', 'Excellent');
INSERT INTO Transaction (trans_id, trans_date, trans_price, customer, vehicle_vin) VALUES ('89', '2022-12-13', 13087.82 * 1.25 + 1.10 * (SELECT COALESCE(SUM(unit_price * quantity), 0) FROM part WHERE vehicle_vin = '6KAIF8AC3KG769914'), (SELECT customer_id FROM Individual WHERE ssn = '519824004' UNION SELECT customer_id FROM Business WHERE tin = '519824004'), '6KAIF8AC3KG769914');
INSERT INTO Sale (transactions, salesperson) VALUES (89, 'user23');
INSERT INTO Transaction (trans_id, trans_date, trans_price, customer, vehicle_vin) VALUES ('90', '2023-01-05', 14036.20, (SELECT customer_id FROM Individual WHERE ssn = '047228901' UNION SELECT customer_id FROM Business WHERE tin = '047228901'), '6O3JWO1Q4FP773157');
INSERT INTO Purchase (transactions, clerk, condition) VALUES (90, 'user07', 'Excellent');
INSERT INTO Transaction (trans_id, trans_date, trans_price, customer, vehicle_vin) VALUES ('91', '2023-01-05', 14036.20 * 1.25 + 1.10 * (SELECT COALESCE(SUM(unit_price * quantity), 0) FROM part WHERE vehicle_vin = '6O3JWO1Q4FP773157'), (SELECT customer_id FROM Individual WHERE ssn = '047228901' UNION SELECT customer_id FROM Business WHERE tin = '047228901'), '6O3JWO1Q4FP773157');
INSERT INTO Sale (transactions, salesperson) VALUES (91, 'owner');
INSERT INTO Transaction (trans_id, trans_date, trans_price, customer, vehicle_vin) VALUES ('92', '2023-03-23', 10410.04, (SELECT customer_id FROM Individual WHERE ssn = '88-6885026' UNION SELECT customer_id FROM Business WHERE tin = '88-6885026'), '6YHX7GHFZAR683239');
INSERT INTO Purchase (transactions, clerk, condition) VALUES (92, 'user11', 'Good');
INSERT INTO Transaction (trans_id, trans_date, trans_price, customer, vehicle_vin) VALUES ('93', '2023-03-23', 10410.04 * 1.25 + 1.10 * (SELECT COALESCE(SUM(unit_price * quantity), 0) FROM part WHERE vehicle_vin = '6YHX7GHFZAR683239'), (SELECT customer_id FROM Individual WHERE ssn = '88-6885026' UNION SELECT customer_id FROM Business WHERE tin = '88-6885026'), '6YHX7GHFZAR683239');
INSERT INTO Sale (transactions, salesperson) VALUES (93, 'user19');
INSERT INTO Transaction (trans_id, trans_date, trans_price, customer, vehicle_vin) VALUES ('94', '2022-12-08', 6374.91, (SELECT customer_id FROM Individual WHERE ssn = '168032201' UNION SELECT customer_id FROM Business WHERE tin = '168032201'), '77YSCOERITP460658');
INSERT INTO Purchase (transactions, clerk, condition) VALUES (94, 'user07', 'Very Good');
INSERT INTO Transaction (trans_id, trans_date, trans_price, customer, vehicle_vin) VALUES ('95', '2022-12-08', 10623.74, (SELECT customer_id FROM Individual WHERE ssn = '672131657' UNION SELECT customer_id FROM Business WHERE tin = '672131657'), '7CY2WHON846872713');
INSERT INTO Purchase (transactions, clerk, condition) VALUES (95, 'user24', 'Excellent');
INSERT INTO Transaction (trans_id, trans_date, trans_price, customer, vehicle_vin) VALUES ('96', '2022-12-08', 10623.74 * 1.25 + 1.10 * (SELECT COALESCE(SUM(unit_price * quantity), 0) FROM part WHERE vehicle_vin = '7CY2WHON846872713'), (SELECT customer_id FROM Individual WHERE ssn = '672131657' UNION SELECT customer_id FROM Business WHERE tin = '672131657'), '7CY2WHON846872713');
INSERT INTO Sale (transactions, salesperson) VALUES (96, 'user23');
INSERT INTO Transaction (trans_id, trans_date, trans_price, customer, vehicle_vin) VALUES ('97', '2023-03-17', 3232.97, (SELECT customer_id FROM Individual WHERE ssn = '566053758' UNION SELECT customer_id FROM Business WHERE tin = '566053758'), '7D8A8QCVRII360920');
INSERT INTO Purchase (transactions, clerk, condition) VALUES (97, 'user15', 'Very Good');
INSERT INTO Transaction (trans_id, trans_date, trans_price, customer, vehicle_vin) VALUES ('98', '2023-03-17', 3232.97 * 1.25 + 1.10 * (SELECT COALESCE(SUM(unit_price * quantity), 0) FROM part WHERE vehicle_vin = '7D8A8QCVRII360920'), (SELECT customer_id FROM Individual WHERE ssn = '566053758' UNION SELECT customer_id FROM Business WHERE tin = '566053758'), '7D8A8QCVRII360920');
INSERT INTO Sale (transactions, salesperson) VALUES (98, 'owner');
INSERT INTO Transaction (trans_id, trans_date, trans_price, customer, vehicle_vin) VALUES ('99', '2023-01-13', 7639.87, (SELECT customer_id FROM Individual WHERE ssn = '753836489' UNION SELECT customer_id FROM Business WHERE tin = '753836489'), '7DCA7GIBSL3385548');
INSERT INTO Purchase (transactions, clerk, condition) VALUES (99, 'user21', 'Fair');
INSERT INTO Transaction (trans_id, trans_date, trans_price, customer, vehicle_vin) VALUES ('100', '2022-07-21', 8351.52, (SELECT customer_id FROM Individual WHERE ssn = '682584187' UNION SELECT customer_id FROM Business WHERE tin = '682584187'), '7DGPXJB8CVD797363');
INSERT INTO Purchase (transactions, clerk, condition) VALUES (100, 'user24', 'Excellent');
INSERT INTO Transaction (trans_id, trans_date, trans_price, customer, vehicle_vin) VALUES ('101', '2022-07-21', 8351.52 * 1.25 + 1.10 * (SELECT COALESCE(SUM(unit_price * quantity), 0) FROM part WHERE vehicle_vin = '7DGPXJB8CVD797363'), (SELECT customer_id FROM Individual WHERE ssn = '682584187' UNION SELECT customer_id FROM Business WHERE tin = '682584187'), '7DGPXJB8CVD797363');
INSERT INTO Sale (transactions, salesperson) VALUES (101, 'owner');
INSERT INTO Transaction (trans_id, trans_date, trans_price, customer, vehicle_vin) VALUES ('102', '2022-12-16', 3040.93, (SELECT customer_id FROM Individual WHERE ssn = '812418597' UNION SELECT customer_id FROM Business WHERE tin = '812418597'), '7HMSLYNNGHJ439820');
INSERT INTO Purchase (transactions, clerk, condition) VALUES (102, 'user13', 'Excellent');
INSERT INTO Transaction (trans_id, trans_date, trans_price, customer, vehicle_vin) VALUES ('103', '2023-02-09', 6178.89, (SELECT customer_id FROM Individual WHERE ssn = '249565760' UNION SELECT customer_id FROM Business WHERE tin = '249565760'), '7JA8DZH7CN4199183');
INSERT INTO Purchase (transactions, clerk, condition) VALUES (103, 'user10', 'Fair');
INSERT INTO Transaction (trans_id, trans_date, trans_price, customer, vehicle_vin) VALUES ('104', '2023-03-26', 2052.36, (SELECT customer_id FROM Individual WHERE ssn = '018533690' UNION SELECT customer_id FROM Business WHERE tin = '018533690'), '7L2HF63NS64790085');
INSERT INTO Purchase (transactions, clerk, condition) VALUES (104, 'user15', 'Very Good');
INSERT INTO Transaction (trans_id, trans_date, trans_price, customer, vehicle_vin) VALUES ('105', '2022-11-02', 7639.79, (SELECT customer_id FROM Individual WHERE ssn = '64-3263338' UNION SELECT customer_id FROM Business WHERE tin = '64-3263338'), '7LOJS05DQA3004955');
INSERT INTO Purchase (transactions, clerk, condition) VALUES (105, 'user20', 'Excellent');
INSERT INTO Transaction (trans_id, trans_date, trans_price, customer, vehicle_vin) VALUES ('106', '2022-11-02', 7639.79 * 1.25 + 1.10 * (SELECT COALESCE(SUM(unit_price * quantity), 0) FROM part WHERE vehicle_vin = '7LOJS05DQA3004955'), (SELECT customer_id FROM Individual WHERE ssn = '64-3263338' UNION SELECT customer_id FROM Business WHERE tin = '64-3263338'), '7LOJS05DQA3004955');
INSERT INTO Sale (transactions, salesperson) VALUES (106, 'user16');
INSERT INTO Transaction (trans_id, trans_date, trans_price, customer, vehicle_vin) VALUES ('107', '2022-09-21', 3468.00, (SELECT customer_id FROM Individual WHERE ssn = '88-6885026' UNION SELECT customer_id FROM Business WHERE tin = '88-6885026'), '7NZJI4NR80U192007');
INSERT INTO Purchase (transactions, clerk, condition) VALUES (107, 'owner', 'Good');
INSERT INTO Transaction (trans_id, trans_date, trans_price, customer, vehicle_vin) VALUES ('108', '2022-12-10', 5183.04, (SELECT customer_id FROM Individual WHERE ssn = '595283241' UNION SELECT customer_id FROM Business WHERE tin = '595283241'), '7QRXAX01CS1186500');
INSERT INTO Purchase (transactions, clerk, condition) VALUES (108, 'owner', 'Very Good');
INSERT INTO Transaction (trans_id, trans_date, trans_price, customer, vehicle_vin) VALUES ('109', '2022-08-15', 7384.81, (SELECT customer_id FROM Individual WHERE ssn = '983685043' UNION SELECT customer_id FROM Business WHERE tin = '983685043'), '7RCMKD0P62B359074');
INSERT INTO Purchase (transactions, clerk, condition) VALUES (109, 'user02', 'Fair');
INSERT INTO Transaction (trans_id, trans_date, trans_price, customer, vehicle_vin) VALUES ('110', '2022-08-15', 7384.81 * 1.25 + 1.10 * (SELECT COALESCE(SUM(unit_price * quantity), 0) FROM part WHERE vehicle_vin = '7RCMKD0P62B359074'), (SELECT customer_id FROM Individual WHERE ssn = '983685043' UNION SELECT customer_id FROM Business WHERE tin = '983685043'), '7RCMKD0P62B359074');
INSERT INTO Sale (transactions, salesperson) VALUES (110, 'owner');
INSERT INTO Transaction (trans_id, trans_date, trans_price, customer, vehicle_vin) VALUES ('111', '2023-06-05', 3891.39, (SELECT customer_id FROM Individual WHERE ssn = '138971205' UNION SELECT customer_id FROM Business WHERE tin = '138971205'), '7TQARECS56V791799');
INSERT INTO Purchase (transactions, clerk, condition) VALUES (111, 'user07', 'Very Good');
INSERT INTO Transaction (trans_id, trans_date, trans_price, customer, vehicle_vin) VALUES ('112', '2023-06-05', 3891.39 * 1.25 + 1.10 * (SELECT COALESCE(SUM(unit_price * quantity), 0) FROM part WHERE vehicle_vin = '7TQARECS56V791799'), (SELECT customer_id FROM Individual WHERE ssn = '138971205' UNION SELECT customer_id FROM Business WHERE tin = '138971205'), '7TQARECS56V791799');
INSERT INTO Sale (transactions, salesperson) VALUES (112, 'user23');
INSERT INTO Transaction (trans_id, trans_date, trans_price, customer, vehicle_vin) VALUES ('113', '2023-05-29', 3047.87, (SELECT customer_id FROM Individual WHERE ssn = '824643871' UNION SELECT customer_id FROM Business WHERE tin = '824643871'), '7XQ1OO4FTRB936926');
INSERT INTO Purchase (transactions, clerk, condition) VALUES (113, 'user18', 'Good');
INSERT INTO Transaction (trans_id, trans_date, trans_price, customer, vehicle_vin) VALUES ('114', '2023-04-23', 13074.65, (SELECT customer_id FROM Individual WHERE ssn = '82-6754590' UNION SELECT customer_id FROM Business WHERE tin = '82-6754590'), '7Z0JVSYGTZW815756');
INSERT INTO Purchase (transactions, clerk, condition) VALUES (114, 'user07', 'Excellent');
INSERT INTO Transaction (trans_id, trans_date, trans_price, customer, vehicle_vin) VALUES ('115', '2023-04-23', 13074.65 * 1.25 + 1.10 * (SELECT COALESCE(SUM(unit_price * quantity), 0) FROM part WHERE vehicle_vin = '7Z0JVSYGTZW815756'), (SELECT customer_id FROM Individual WHERE ssn = '82-6754590' UNION SELECT customer_id FROM Business WHERE tin = '82-6754590'), '7Z0JVSYGTZW815756');
INSERT INTO Sale (transactions, salesperson) VALUES (115, 'owner');
INSERT INTO Transaction (trans_id, trans_date, trans_price, customer, vehicle_vin) VALUES ('116', '2022-09-13', 3584.70, (SELECT customer_id FROM Individual WHERE ssn = '313904048' UNION SELECT customer_id FROM Business WHERE tin = '313904048'), '8FB7BNANRI4354099');
INSERT INTO Purchase (transactions, clerk, condition) VALUES (116, 'user12', 'Fair');
INSERT INTO Transaction (trans_id, trans_date, trans_price, customer, vehicle_vin) VALUES ('117', '2022-11-05', 14014.45, (SELECT customer_id FROM Individual WHERE ssn = '988602508' UNION SELECT customer_id FROM Business WHERE tin = '988602508'), '8H3HKCNSFNN008758');
INSERT INTO Purchase (transactions, clerk, condition) VALUES (117, 'user12', 'Excellent');
INSERT INTO Transaction (trans_id, trans_date, trans_price, customer, vehicle_vin) VALUES ('118', '2022-11-05', 14014.45 * 1.25 + 1.10 * (SELECT COALESCE(SUM(unit_price * quantity), 0) FROM part WHERE vehicle_vin = '8H3HKCNSFNN008758'), (SELECT customer_id FROM Individual WHERE ssn = '988602508' UNION SELECT customer_id FROM Business WHERE tin = '988602508'), '8H3HKCNSFNN008758');
INSERT INTO Sale (transactions, salesperson) VALUES (118, 'user04');
INSERT INTO Transaction (trans_id, trans_date, trans_price, customer, vehicle_vin) VALUES ('119', '2022-07-17', 21929.28, (SELECT customer_id FROM Individual WHERE ssn = '824643871' UNION SELECT customer_id FROM Business WHERE tin = '824643871'), '8HR5FE1G22P233789');
INSERT INTO Purchase (transactions, clerk, condition) VALUES (119, 'user05', 'Very Good');
INSERT INTO Transaction (trans_id, trans_date, trans_price, customer, vehicle_vin) VALUES ('120', '2023-08-03', 3593.80, (SELECT customer_id FROM Individual WHERE ssn = '860241229' UNION SELECT customer_id FROM Business WHERE tin = '860241229'), '8UQ6FLIO3Q2734346');
INSERT INTO Purchase (transactions, clerk, condition) VALUES (120, 'user18', 'Very Good');
INSERT INTO Transaction (trans_id, trans_date, trans_price, customer, vehicle_vin) VALUES ('121', '2023-01-11', 2424.44, (SELECT customer_id FROM Individual WHERE ssn = '00-6502052' UNION SELECT customer_id FROM Business WHERE tin = '00-6502052'), '8VB5KTBJX2A046744');
INSERT INTO Purchase (transactions, clerk, condition) VALUES (121, 'user11', 'Excellent');
INSERT INTO Transaction (trans_id, trans_date, trans_price, customer, vehicle_vin) VALUES ('122', '2023-01-11', 2424.44 * 1.25 + 1.10 * (SELECT COALESCE(SUM(unit_price * quantity), 0) FROM part WHERE vehicle_vin = '8VB5KTBJX2A046744'), (SELECT customer_id FROM Individual WHERE ssn = '00-6502052' UNION SELECT customer_id FROM Business WHERE tin = '00-6502052'), '8VB5KTBJX2A046744');
INSERT INTO Sale (transactions, salesperson) VALUES (122, 'owner');
INSERT INTO Transaction (trans_id, trans_date, trans_price, customer, vehicle_vin) VALUES ('123', '2022-12-17', 7843.77, (SELECT customer_id FROM Individual WHERE ssn = '595283241' UNION SELECT customer_id FROM Business WHERE tin = '595283241'), 'A2NH51AUNR4312326');
INSERT INTO Purchase (transactions, clerk, condition) VALUES (123, 'user10', 'Good');
INSERT INTO Transaction (trans_id, trans_date, trans_price, customer, vehicle_vin) VALUES ('124', '2022-12-17', 7843.77 * 1.25 + 1.10 * (SELECT COALESCE(SUM(unit_price * quantity), 0) FROM part WHERE vehicle_vin = 'A2NH51AUNR4312326'), (SELECT customer_id FROM Individual WHERE ssn = '595283241' UNION SELECT customer_id FROM Business WHERE tin = '595283241'), 'A2NH51AUNR4312326');
INSERT INTO Sale (transactions, salesperson) VALUES (124, 'user25');
INSERT INTO Transaction (trans_id, trans_date, trans_price, customer, vehicle_vin) VALUES ('125', '2023-04-20', 1501.72, (SELECT customer_id FROM Individual WHERE ssn = '73-2317837' UNION SELECT customer_id FROM Business WHERE tin = '73-2317837'), 'A35CVWAPCGY561956');
INSERT INTO Purchase (transactions, clerk, condition) VALUES (125, 'user09', 'Excellent');
INSERT INTO Transaction (trans_id, trans_date, trans_price, customer, vehicle_vin) VALUES ('126', '2023-04-20', 1501.72 * 1.25 + 1.10 * (SELECT COALESCE(SUM(unit_price * quantity), 0) FROM part WHERE vehicle_vin = 'A35CVWAPCGY561956'), (SELECT customer_id FROM Individual WHERE ssn = '73-2317837' UNION SELECT customer_id FROM Business WHERE tin = '73-2317837'), 'A35CVWAPCGY561956');
INSERT INTO Sale (transactions, salesperson) VALUES (126, 'user06');
INSERT INTO Transaction (trans_id, trans_date, trans_price, customer, vehicle_vin) VALUES ('127', '2023-07-10', 18320.99, (SELECT customer_id FROM Individual WHERE ssn = '753836489' UNION SELECT customer_id FROM Business WHERE tin = '753836489'), 'A46MVF2CB4I965254');
INSERT INTO Purchase (transactions, clerk, condition) VALUES (127, 'owner', 'Excellent');
INSERT INTO Transaction (trans_id, trans_date, trans_price, customer, vehicle_vin) VALUES ('128', '2023-05-07', 9154.39, (SELECT customer_id FROM Individual WHERE ssn = '313904048' UNION SELECT customer_id FROM Business WHERE tin = '313904048'), 'A4LJMRR8IYC935453');
INSERT INTO Purchase (transactions, clerk, condition) VALUES (128, 'user18', 'Very Good');
INSERT INTO Transaction (trans_id, trans_date, trans_price, customer, vehicle_vin) VALUES ('129', '2023-05-07', 9154.39 * 1.25 + 1.10 * (SELECT COALESCE(SUM(unit_price * quantity), 0) FROM part WHERE vehicle_vin = 'A4LJMRR8IYC935453'), (SELECT customer_id FROM Individual WHERE ssn = '313904048' UNION SELECT customer_id FROM Business WHERE tin = '313904048'), 'A4LJMRR8IYC935453');
INSERT INTO Sale (transactions, salesperson) VALUES (129, 'user19');
INSERT INTO Transaction (trans_id, trans_date, trans_price, customer, vehicle_vin) VALUES ('130', '2023-05-18', 4186.90, (SELECT customer_id FROM Individual WHERE ssn = '934237940' UNION SELECT customer_id FROM Business WHERE tin = '934237940'), 'A51QFDDJ7J7514581');
INSERT INTO Purchase (transactions, clerk, condition) VALUES (130, 'user13', 'Fair');
INSERT INTO Transaction (trans_id, trans_date, trans_price, customer, vehicle_vin) VALUES ('131', '2023-05-18', 4186.90 * 1.25 + 1.10 * (SELECT COALESCE(SUM(unit_price * quantity), 0) FROM part WHERE vehicle_vin = 'A51QFDDJ7J7514581'), (SELECT customer_id FROM Individual WHERE ssn = '934237940' UNION SELECT customer_id FROM Business WHERE tin = '934237940'), 'A51QFDDJ7J7514581');
INSERT INTO Sale (transactions, salesperson) VALUES (131, 'user16');
INSERT INTO Transaction (trans_id, trans_date, trans_price, customer, vehicle_vin) VALUES ('132', '2022-08-28', 3655.26, (SELECT customer_id FROM Individual WHERE ssn = '047228901' UNION SELECT customer_id FROM Business WHERE tin = '047228901'), 'A67JHQ2EJUP880876');
INSERT INTO Purchase (transactions, clerk, condition) VALUES (132, 'user18', 'Fair');
INSERT INTO Transaction (trans_id, trans_date, trans_price, customer, vehicle_vin) VALUES ('133', '2022-08-28', 3655.26 * 1.25 + 1.10 * (SELECT COALESCE(SUM(unit_price * quantity), 0) FROM part WHERE vehicle_vin = 'A67JHQ2EJUP880876'), (SELECT customer_id FROM Individual WHERE ssn = '047228901' UNION SELECT customer_id FROM Business WHERE tin = '047228901'), 'A67JHQ2EJUP880876');
INSERT INTO Sale (transactions, salesperson) VALUES (133, 'user06');
INSERT INTO Transaction (trans_id, trans_date, trans_price, customer, vehicle_vin) VALUES ('134', '2022-10-02', 5850.06, (SELECT customer_id FROM Individual WHERE ssn = '631146418' UNION SELECT customer_id FROM Business WHERE tin = '631146418'), 'AA0LZIX8DGI937291');
INSERT INTO Purchase (transactions, clerk, condition) VALUES (134, 'user13', 'Excellent');
INSERT INTO Transaction (trans_id, trans_date, trans_price, customer, vehicle_vin) VALUES ('135', '2022-10-02', 5850.06 * 1.25 + 1.10 * (SELECT COALESCE(SUM(unit_price * quantity), 0) FROM part WHERE vehicle_vin = 'AA0LZIX8DGI937291'), (SELECT customer_id FROM Individual WHERE ssn = '631146418' UNION SELECT customer_id FROM Business WHERE tin = '631146418'), 'AA0LZIX8DGI937291');
INSERT INTO Sale (transactions, salesperson) VALUES (135, 'user23');
INSERT INTO Transaction (trans_id, trans_date, trans_price, customer, vehicle_vin) VALUES ('136', '2022-07-19', 3179.08, (SELECT customer_id FROM Individual WHERE ssn = '903089507' UNION SELECT customer_id FROM Business WHERE tin = '903089507'), 'AAHKBQNPZ5Q155263');
INSERT INTO Purchase (transactions, clerk, condition) VALUES (136, 'user15', 'Fair');
INSERT INTO Transaction (trans_id, trans_date, trans_price, customer, vehicle_vin) VALUES ('137', '2022-10-23', 1631.33, (SELECT customer_id FROM Individual WHERE ssn = '491580595' UNION SELECT customer_id FROM Business WHERE tin = '491580595'), 'AB7D5GUATWA988114');
INSERT INTO Purchase (transactions, clerk, condition) VALUES (137, 'user20', 'Good');
INSERT INTO Transaction (trans_id, trans_date, trans_price, customer, vehicle_vin) VALUES ('138', '2023-01-31', 4343.36, (SELECT customer_id FROM Individual WHERE ssn = '945585317' UNION SELECT customer_id FROM Business WHERE tin = '945585317'), 'AE23FNQ4ECZ859800');
INSERT INTO Purchase (transactions, clerk, condition) VALUES (138, 'user15', 'Good');
INSERT INTO Transaction (trans_id, trans_date, trans_price, customer, vehicle_vin) VALUES ('139', '2023-01-18', 5694.51, (SELECT customer_id FROM Individual WHERE ssn = '79-8921658' UNION SELECT customer_id FROM Business WHERE tin = '79-8921658'), 'AG15D1BT811693167');
INSERT INTO Purchase (transactions, clerk, condition) VALUES (139, 'user07', 'Fair');
INSERT INTO Transaction (trans_id, trans_date, trans_price, customer, vehicle_vin) VALUES ('140', '2023-01-18', 5694.51 * 1.25 + 1.10 * (SELECT COALESCE(SUM(unit_price * quantity), 0) FROM part WHERE vehicle_vin = 'AG15D1BT811693167'), (SELECT customer_id FROM Individual WHERE ssn = '79-8921658' UNION SELECT customer_id FROM Business WHERE tin = '79-8921658'), 'AG15D1BT811693167');
INSERT INTO Sale (transactions, salesperson) VALUES (140, 'user06');
INSERT INTO Transaction (trans_id, trans_date, trans_price, customer, vehicle_vin) VALUES ('141', '2022-10-01', 11488.95, (SELECT customer_id FROM Individual WHERE ssn = '613205626' UNION SELECT customer_id FROM Business WHERE tin = '613205626'), 'AJC7BO3XDGF951357');
INSERT INTO Purchase (transactions, clerk, condition) VALUES (141, 'user15', 'Excellent');
INSERT INTO Transaction (trans_id, trans_date, trans_price, customer, vehicle_vin) VALUES ('142', '2022-10-01', 11488.95 * 1.25 + 1.10 * (SELECT COALESCE(SUM(unit_price * quantity), 0) FROM part WHERE vehicle_vin = 'AJC7BO3XDGF951357'), (SELECT customer_id FROM Individual WHERE ssn = '613205626' UNION SELECT customer_id FROM Business WHERE tin = '613205626'), 'AJC7BO3XDGF951357');
INSERT INTO Sale (transactions, salesperson) VALUES (142, 'user04');
INSERT INTO Transaction (trans_id, trans_date, trans_price, customer, vehicle_vin) VALUES ('143', '2023-02-20', 6338.49, (SELECT customer_id FROM Individual WHERE ssn = '97-1509095' UNION SELECT customer_id FROM Business WHERE tin = '97-1509095'), 'AKEXMUEW2XP076382');
INSERT INTO Purchase (transactions, clerk, condition) VALUES (143, 'user15', 'Very Good');
INSERT INTO Transaction (trans_id, trans_date, trans_price, customer, vehicle_vin) VALUES ('144', '2023-02-20', 6338.49 * 1.25 + 1.10 * (SELECT COALESCE(SUM(unit_price * quantity), 0) FROM part WHERE vehicle_vin = 'AKEXMUEW2XP076382'), (SELECT customer_id FROM Individual WHERE ssn = '97-1509095' UNION SELECT customer_id FROM Business WHERE tin = '97-1509095'), 'AKEXMUEW2XP076382');
INSERT INTO Sale (transactions, salesperson) VALUES (144, 'user04');
INSERT INTO Transaction (trans_id, trans_date, trans_price, customer, vehicle_vin) VALUES ('145', '2022-09-15', 5225.87, (SELECT customer_id FROM Individual WHERE ssn = '532449344' UNION SELECT customer_id FROM Business WHERE tin = '532449344'), 'AKWG2XQFZ8Z338505');
INSERT INTO Purchase (transactions, clerk, condition) VALUES (145, 'user13', 'Good');
INSERT INTO Transaction (trans_id, trans_date, trans_price, customer, vehicle_vin) VALUES ('146', '2023-01-31', 4596.52, (SELECT customer_id FROM Individual WHERE ssn = '811807619' UNION SELECT customer_id FROM Business WHERE tin = '811807619'), 'ALPWS6CXQO6590947');
INSERT INTO Purchase (transactions, clerk, condition) VALUES (146, 'user10', 'Fair');
INSERT INTO Transaction (trans_id, trans_date, trans_price, customer, vehicle_vin) VALUES ('147', '2023-01-31', 4596.52 * 1.25 + 1.10 * (SELECT COALESCE(SUM(unit_price * quantity), 0) FROM part WHERE vehicle_vin = 'ALPWS6CXQO6590947'), (SELECT customer_id FROM Individual WHERE ssn = '811807619' UNION SELECT customer_id FROM Business WHERE tin = '811807619'), 'ALPWS6CXQO6590947');
INSERT INTO Sale (transactions, salesperson) VALUES (147, 'user25');
INSERT INTO Transaction (trans_id, trans_date, trans_price, customer, vehicle_vin) VALUES ('148', '2022-10-31', 3250.48, (SELECT customer_id FROM Individual WHERE ssn = '106986447' UNION SELECT customer_id FROM Business WHERE tin = '106986447'), 'AUP647YMZFB601236');
INSERT INTO Purchase (transactions, clerk, condition) VALUES (148, 'user24', 'Fair');
INSERT INTO Transaction (trans_id, trans_date, trans_price, customer, vehicle_vin) VALUES ('149', '2023-02-09', 10902.94, (SELECT customer_id FROM Individual WHERE ssn = '778214839' UNION SELECT customer_id FROM Business WHERE tin = '778214839'), 'B03S4ENKKNP478278');
INSERT INTO Purchase (transactions, clerk, condition) VALUES (149, 'user20', 'Very Good');
INSERT INTO Transaction (trans_id, trans_date, trans_price, customer, vehicle_vin) VALUES ('150', '2023-02-09', 10902.94 * 1.25 + 1.10 * (SELECT COALESCE(SUM(unit_price * quantity), 0) FROM part WHERE vehicle_vin = 'B03S4ENKKNP478278'), (SELECT customer_id FROM Individual WHERE ssn = '778214839' UNION SELECT customer_id FROM Business WHERE tin = '778214839'), 'B03S4ENKKNP478278');
INSERT INTO Sale (transactions, salesperson) VALUES (150, 'user19');
INSERT INTO Transaction (trans_id, trans_date, trans_price, customer, vehicle_vin) VALUES ('151', '2023-04-16', 6871.00, (SELECT customer_id FROM Individual WHERE ssn = '17-1405708' UNION SELECT customer_id FROM Business WHERE tin = '17-1405708'), 'B5P0N13LMX0012355');
INSERT INTO Purchase (transactions, clerk, condition) VALUES (151, 'user17', 'Fair');
INSERT INTO Transaction (trans_id, trans_date, trans_price, customer, vehicle_vin) VALUES ('152', '2023-01-04', 12326.43, (SELECT customer_id FROM Individual WHERE ssn = '381212216' UNION SELECT customer_id FROM Business WHERE tin = '381212216'), 'B618X4DTE8R162599');
INSERT INTO Purchase (transactions, clerk, condition) VALUES (152, 'user12', 'Very Good');
INSERT INTO Transaction (trans_id, trans_date, trans_price, customer, vehicle_vin) VALUES ('153', '2023-01-04', 12326.43 * 1.25 + 1.10 * (SELECT COALESCE(SUM(unit_price * quantity), 0) FROM part WHERE vehicle_vin = 'B618X4DTE8R162599'), (SELECT customer_id FROM Individual WHERE ssn = '381212216' UNION SELECT customer_id FROM Business WHERE tin = '381212216'), 'B618X4DTE8R162599');
INSERT INTO Sale (transactions, salesperson) VALUES (153, 'user03');
INSERT INTO Transaction (trans_id, trans_date, trans_price, customer, vehicle_vin) VALUES ('154', '2023-05-01', 4187.77, (SELECT customer_id FROM Individual WHERE ssn = '565447868' UNION SELECT customer_id FROM Business WHERE tin = '565447868'), 'BD1DYEOR4HZ412125');
INSERT INTO Purchase (transactions, clerk, condition) VALUES (154, 'user20', 'Very Good');
INSERT INTO Transaction (trans_id, trans_date, trans_price, customer, vehicle_vin) VALUES ('155', '2023-05-01', 4187.77 * 1.25 + 1.10 * (SELECT COALESCE(SUM(unit_price * quantity), 0) FROM part WHERE vehicle_vin = 'BD1DYEOR4HZ412125'), (SELECT customer_id FROM Individual WHERE ssn = '565447868' UNION SELECT customer_id FROM Business WHERE tin = '565447868'), 'BD1DYEOR4HZ412125');
INSERT INTO Sale (transactions, salesperson) VALUES (155, 'user25');
INSERT INTO Transaction (trans_id, trans_date, trans_price, customer, vehicle_vin) VALUES ('156', '2023-02-23', 2372.18, (SELECT customer_id FROM Individual WHERE ssn = '934237940' UNION SELECT customer_id FROM Business WHERE tin = '934237940'), 'BQS2CJ56IBQ176739');
INSERT INTO Purchase (transactions, clerk, condition) VALUES (156, 'user11', 'Very Good');
INSERT INTO Transaction (trans_id, trans_date, trans_price, customer, vehicle_vin) VALUES ('157', '2023-02-23', 2372.18 * 1.25 + 1.10 * (SELECT COALESCE(SUM(unit_price * quantity), 0) FROM part WHERE vehicle_vin = 'BQS2CJ56IBQ176739'), (SELECT customer_id FROM Individual WHERE ssn = '934237940' UNION SELECT customer_id FROM Business WHERE tin = '934237940'), 'BQS2CJ56IBQ176739');
INSERT INTO Sale (transactions, salesperson) VALUES (157, 'user16');
INSERT INTO Transaction (trans_id, trans_date, trans_price, customer, vehicle_vin) VALUES ('158', '2023-02-12', 30724.61, (SELECT customer_id FROM Individual WHERE ssn = '722473507' UNION SELECT customer_id FROM Business WHERE tin = '722473507'), 'BXQH0W1NGWT830685');
INSERT INTO Purchase (transactions, clerk, condition) VALUES (158, 'user15', 'Very Good');
INSERT INTO Transaction (trans_id, trans_date, trans_price, customer, vehicle_vin) VALUES ('159', '2023-02-12', 30724.61 * 1.25 + 1.10 * (SELECT COALESCE(SUM(unit_price * quantity), 0) FROM part WHERE vehicle_vin = 'BXQH0W1NGWT830685'), (SELECT customer_id FROM Individual WHERE ssn = '722473507' UNION SELECT customer_id FROM Business WHERE tin = '722473507'), 'BXQH0W1NGWT830685');
INSERT INTO Sale (transactions, salesperson) VALUES (159, 'user23');
INSERT INTO Transaction (trans_id, trans_date, trans_price, customer, vehicle_vin) VALUES ('160', '2022-10-23', 13532.98, (SELECT customer_id FROM Individual WHERE ssn = '823731374' UNION SELECT customer_id FROM Business WHERE tin = '823731374'), 'C2RVH3HKPQZ794006');
INSERT INTO Purchase (transactions, clerk, condition) VALUES (160, 'user18', 'Good');
INSERT INTO Transaction (trans_id, trans_date, trans_price, customer, vehicle_vin) VALUES ('161', '2022-10-23', 13532.98 * 1.25 + 1.10 * (SELECT COALESCE(SUM(unit_price * quantity), 0) FROM part WHERE vehicle_vin = 'C2RVH3HKPQZ794006'), (SELECT customer_id FROM Individual WHERE ssn = '823731374' UNION SELECT customer_id FROM Business WHERE tin = '823731374'), 'C2RVH3HKPQZ794006');
INSERT INTO Sale (transactions, salesperson) VALUES (161, 'user25');
INSERT INTO Transaction (trans_id, trans_date, trans_price, customer, vehicle_vin) VALUES ('162', '2022-12-28', 4576.65, (SELECT customer_id FROM Individual WHERE ssn = '084398382' UNION SELECT customer_id FROM Business WHERE tin = '084398382'), 'CB65LOSQY7V342457');
INSERT INTO Purchase (transactions, clerk, condition) VALUES (162, 'user09', 'Good');
INSERT INTO Transaction (trans_id, trans_date, trans_price, customer, vehicle_vin) VALUES ('163', '2022-12-28', 4576.65 * 1.25 + 1.10 * (SELECT COALESCE(SUM(unit_price * quantity), 0) FROM part WHERE vehicle_vin = 'CB65LOSQY7V342457'), (SELECT customer_id FROM Individual WHERE ssn = '084398382' UNION SELECT customer_id FROM Business WHERE tin = '084398382'), 'CB65LOSQY7V342457');
INSERT INTO Sale (transactions, salesperson) VALUES (163, 'user03');
INSERT INTO Transaction (trans_id, trans_date, trans_price, customer, vehicle_vin) VALUES ('164', '2023-05-31', 8880.21, (SELECT customer_id FROM Individual WHERE ssn = '003094340' UNION SELECT customer_id FROM Business WHERE tin = '003094340'), 'CIKZXLNQWQ3050265');
INSERT INTO Purchase (transactions, clerk, condition) VALUES (164, 'user15', 'Excellent');
INSERT INTO Transaction (trans_id, trans_date, trans_price, customer, vehicle_vin) VALUES ('165', '2023-05-31', 8880.21 * 1.25 + 1.10 * (SELECT COALESCE(SUM(unit_price * quantity), 0) FROM part WHERE vehicle_vin = 'CIKZXLNQWQ3050265'), (SELECT customer_id FROM Individual WHERE ssn = '003094340' UNION SELECT customer_id FROM Business WHERE tin = '003094340'), 'CIKZXLNQWQ3050265');
INSERT INTO Sale (transactions, salesperson) VALUES (165, 'user06');
INSERT INTO Transaction (trans_id, trans_date, trans_price, customer, vehicle_vin) VALUES ('166', '2022-07-14', 11840.89, (SELECT customer_id FROM Individual WHERE ssn = '843028835' UNION SELECT customer_id FROM Business WHERE tin = '843028835'), 'CN2YIBCUFSQ512071');
INSERT INTO Purchase (transactions, clerk, condition) VALUES (166, 'user24', 'Good');
INSERT INTO Transaction (trans_id, trans_date, trans_price, customer, vehicle_vin) VALUES ('167', '2022-07-14', 11840.89 * 1.25 + 1.10 * (SELECT COALESCE(SUM(unit_price * quantity), 0) FROM part WHERE vehicle_vin = 'CN2YIBCUFSQ512071'), (SELECT customer_id FROM Individual WHERE ssn = '843028835' UNION SELECT customer_id FROM Business WHERE tin = '843028835'), 'CN2YIBCUFSQ512071');
INSERT INTO Sale (transactions, salesperson) VALUES (167, 'user19');
INSERT INTO Transaction (trans_id, trans_date, trans_price, customer, vehicle_vin) VALUES ('168', '2022-07-05', 1727.51, (SELECT customer_id FROM Individual WHERE ssn = '692263332' UNION SELECT customer_id FROM Business WHERE tin = '692263332'), 'CO7AJWOLKX5663458');
INSERT INTO Purchase (transactions, clerk, condition) VALUES (168, 'user02', 'Good');
INSERT INTO Transaction (trans_id, trans_date, trans_price, customer, vehicle_vin) VALUES ('169', '2023-02-12', 19647.42, (SELECT customer_id FROM Individual WHERE ssn = '087754715' UNION SELECT customer_id FROM Business WHERE tin = '087754715'), 'CRB7J3UXZ61575642');
INSERT INTO Purchase (transactions, clerk, condition) VALUES (169, 'user13', 'Excellent');
INSERT INTO Transaction (trans_id, trans_date, trans_price, customer, vehicle_vin) VALUES ('170', '2023-02-12', 19647.42 * 1.25 + 1.10 * (SELECT COALESCE(SUM(unit_price * quantity), 0) FROM part WHERE vehicle_vin = 'CRB7J3UXZ61575642'), (SELECT customer_id FROM Individual WHERE ssn = '087754715' UNION SELECT customer_id FROM Business WHERE tin = '087754715'), 'CRB7J3UXZ61575642');
INSERT INTO Sale (transactions, salesperson) VALUES (170, 'owner');
INSERT INTO Transaction (trans_id, trans_date, trans_price, customer, vehicle_vin) VALUES ('171', '2023-05-10', 7648.40, (SELECT customer_id FROM Individual WHERE ssn = '80-4412234' UNION SELECT customer_id FROM Business WHERE tin = '80-4412234'), 'CSNPRAPWVLK077155');
INSERT INTO Purchase (transactions, clerk, condition) VALUES (171, 'user21', 'Very Good');
INSERT INTO Transaction (trans_id, trans_date, trans_price, customer, vehicle_vin) VALUES ('172', '2023-01-02', 6738.97, (SELECT customer_id FROM Individual WHERE ssn = '80-4908519' UNION SELECT customer_id FROM Business WHERE tin = '80-4908519'), 'CTHLSVQRDHK945534');
INSERT INTO Purchase (transactions, clerk, condition) VALUES (172, 'user11', 'Very Good');
INSERT INTO Transaction (trans_id, trans_date, trans_price, customer, vehicle_vin) VALUES ('173', '2023-01-02', 6738.97 * 1.25 + 1.10 * (SELECT COALESCE(SUM(unit_price * quantity), 0) FROM part WHERE vehicle_vin = 'CTHLSVQRDHK945534'), (SELECT customer_id FROM Individual WHERE ssn = '80-4908519' UNION SELECT customer_id FROM Business WHERE tin = '80-4908519'), 'CTHLSVQRDHK945534');
INSERT INTO Sale (transactions, salesperson) VALUES (173, 'user16');
INSERT INTO Transaction (trans_id, trans_date, trans_price, customer, vehicle_vin) VALUES ('174', '2022-12-19', 3069.14, (SELECT customer_id FROM Individual WHERE ssn = '510679263' UNION SELECT customer_id FROM Business WHERE tin = '510679263'), 'CXQF7TZKIH0415109');
INSERT INTO Purchase (transactions, clerk, condition) VALUES (174, 'user07', 'Fair');
INSERT INTO Transaction (trans_id, trans_date, trans_price, customer, vehicle_vin) VALUES ('175', '2022-12-19', 3069.14 * 1.25 + 1.10 * (SELECT COALESCE(SUM(unit_price * quantity), 0) FROM part WHERE vehicle_vin = 'CXQF7TZKIH0415109'), (SELECT customer_id FROM Individual WHERE ssn = '510679263' UNION SELECT customer_id FROM Business WHERE tin = '510679263'), 'CXQF7TZKIH0415109');
INSERT INTO Sale (transactions, salesperson) VALUES (175, 'user23');
INSERT INTO Transaction (trans_id, trans_date, trans_price, customer, vehicle_vin) VALUES ('176', '2022-11-25', 4980.83, (SELECT customer_id FROM Individual WHERE ssn = '181883107' UNION SELECT customer_id FROM Business WHERE tin = '181883107'), 'CYQY2QF8RNA506595');
INSERT INTO Purchase (transactions, clerk, condition) VALUES (176, 'user02', 'Good');
INSERT INTO Transaction (trans_id, trans_date, trans_price, customer, vehicle_vin) VALUES ('177', '2023-06-27', 3752.18, (SELECT customer_id FROM Individual WHERE ssn = '753836489' UNION SELECT customer_id FROM Business WHERE tin = '753836489'), 'DD7UUCMRURY754125');
INSERT INTO Purchase (transactions, clerk, condition) VALUES (177, 'user11', 'Excellent');
INSERT INTO Transaction (trans_id, trans_date, trans_price, customer, vehicle_vin) VALUES ('178', '2023-03-23', 4615.86, (SELECT customer_id FROM Individual WHERE ssn = '018533690' UNION SELECT customer_id FROM Business WHERE tin = '018533690'), 'DKYDDY0GPGN009571');
INSERT INTO Purchase (transactions, clerk, condition) VALUES (178, 'user02', 'Good');
INSERT INTO Transaction (trans_id, trans_date, trans_price, customer, vehicle_vin) VALUES ('179', '2023-03-23', 4615.86 * 1.25 + 1.10 * (SELECT COALESCE(SUM(unit_price * quantity), 0) FROM part WHERE vehicle_vin = 'DKYDDY0GPGN009571'), (SELECT customer_id FROM Individual WHERE ssn = '018533690' UNION SELECT customer_id FROM Business WHERE tin = '018533690'), 'DKYDDY0GPGN009571');
INSERT INTO Sale (transactions, salesperson) VALUES (179, 'owner');
INSERT INTO Transaction (trans_id, trans_date, trans_price, customer, vehicle_vin) VALUES ('180', '2023-02-04', 21262.24, (SELECT customer_id FROM Individual WHERE ssn = '666306027' UNION SELECT customer_id FROM Business WHERE tin = '666306027'), 'DLCCHFQS6JE933115');
INSERT INTO Purchase (transactions, clerk, condition) VALUES (180, 'user11', 'Good');
INSERT INTO Transaction (trans_id, trans_date, trans_price, customer, vehicle_vin) VALUES ('181', '2023-02-04', 21262.24 * 1.25 + 1.10 * (SELECT COALESCE(SUM(unit_price * quantity), 0) FROM part WHERE vehicle_vin = 'DLCCHFQS6JE933115'), (SELECT customer_id FROM Individual WHERE ssn = '666306027' UNION SELECT customer_id FROM Business WHERE tin = '666306027'), 'DLCCHFQS6JE933115');
INSERT INTO Sale (transactions, salesperson) VALUES (181, 'owner');
INSERT INTO Transaction (trans_id, trans_date, trans_price, customer, vehicle_vin) VALUES ('182', '2022-12-11', 8522.45, (SELECT customer_id FROM Individual WHERE ssn = '181883107' UNION SELECT customer_id FROM Business WHERE tin = '181883107'), 'DLDOWAZWISG772813');
INSERT INTO Purchase (transactions, clerk, condition) VALUES (182, 'user12', 'Excellent');
INSERT INTO Transaction (trans_id, trans_date, trans_price, customer, vehicle_vin) VALUES ('183', '2023-02-11', 1383.31, (SELECT customer_id FROM Individual WHERE ssn = '566053758' UNION SELECT customer_id FROM Business WHERE tin = '566053758'), 'DOR3YLSX4O5307917');
INSERT INTO Purchase (transactions, clerk, condition) VALUES (183, 'user02', 'Good');
INSERT INTO Transaction (trans_id, trans_date, trans_price, customer, vehicle_vin) VALUES ('184', '2023-02-11', 1383.31 * 1.25 + 1.10 * (SELECT COALESCE(SUM(unit_price * quantity), 0) FROM part WHERE vehicle_vin = 'DOR3YLSX4O5307917'), (SELECT customer_id FROM Individual WHERE ssn = '566053758' UNION SELECT customer_id FROM Business WHERE tin = '566053758'), 'DOR3YLSX4O5307917');
INSERT INTO Sale (transactions, salesperson) VALUES (184, 'user23');
INSERT INTO Transaction (trans_id, trans_date, trans_price, customer, vehicle_vin) VALUES ('185', '2022-12-08', 7191.16, (SELECT customer_id FROM Individual WHERE ssn = '845147047' UNION SELECT customer_id FROM Business WHERE tin = '845147047'), 'DQ5QCUL84PJ297334');
INSERT INTO Purchase (transactions, clerk, condition) VALUES (185, 'user15', 'Good');
INSERT INTO Transaction (trans_id, trans_date, trans_price, customer, vehicle_vin) VALUES ('186', '2022-12-08', 7191.16 * 1.25 + 1.10 * (SELECT COALESCE(SUM(unit_price * quantity), 0) FROM part WHERE vehicle_vin = 'DQ5QCUL84PJ297334'), (SELECT customer_id FROM Individual WHERE ssn = '845147047' UNION SELECT customer_id FROM Business WHERE tin = '845147047'), 'DQ5QCUL84PJ297334');
INSERT INTO Sale (transactions, salesperson) VALUES (186, 'user06');
INSERT INTO Transaction (trans_id, trans_date, trans_price, customer, vehicle_vin) VALUES ('187', '2022-10-26', 18928.51, (SELECT customer_id FROM Individual WHERE ssn = '86-7493304' UNION SELECT customer_id FROM Business WHERE tin = '86-7493304'), 'DTPFWL37FTZ702472');
INSERT INTO Purchase (transactions, clerk, condition) VALUES (187, 'user11', 'Very Good');
INSERT INTO Transaction (trans_id, trans_date, trans_price, customer, vehicle_vin) VALUES ('188', '2022-10-26', 18928.51 * 1.25 + 1.10 * (SELECT COALESCE(SUM(unit_price * quantity), 0) FROM part WHERE vehicle_vin = 'DTPFWL37FTZ702472'), (SELECT customer_id FROM Individual WHERE ssn = '86-7493304' UNION SELECT customer_id FROM Business WHERE tin = '86-7493304'), 'DTPFWL37FTZ702472');
INSERT INTO Sale (transactions, salesperson) VALUES (188, 'user25');
INSERT INTO Transaction (trans_id, trans_date, trans_price, customer, vehicle_vin) VALUES ('189', '2023-07-05', 5515.20, (SELECT customer_id FROM Individual WHERE ssn = '48-2042583' UNION SELECT customer_id FROM Business WHERE tin = '48-2042583'), 'DXFJFHB2O8J213290');
INSERT INTO Purchase (transactions, clerk, condition) VALUES (189, 'user09', 'Fair');
INSERT INTO Transaction (trans_id, trans_date, trans_price, customer, vehicle_vin) VALUES ('190', '2023-07-05', 5515.20 * 1.25 + 1.10 * (SELECT COALESCE(SUM(unit_price * quantity), 0) FROM part WHERE vehicle_vin = 'DXFJFHB2O8J213290'), (SELECT customer_id FROM Individual WHERE ssn = '48-2042583' UNION SELECT customer_id FROM Business WHERE tin = '48-2042583'), 'DXFJFHB2O8J213290');
INSERT INTO Sale (transactions, salesperson) VALUES (190, 'user25');
INSERT INTO Transaction (trans_id, trans_date, trans_price, customer, vehicle_vin) VALUES ('191', '2023-06-02', 4286.51, (SELECT customer_id FROM Individual WHERE ssn = '203112624' UNION SELECT customer_id FROM Business WHERE tin = '203112624'), 'E40MBYWNZSL194135');
INSERT INTO Purchase (transactions, clerk, condition) VALUES (191, 'user24', 'Very Good');
INSERT INTO Transaction (trans_id, trans_date, trans_price, customer, vehicle_vin) VALUES ('192', '2023-07-27', 4531.68, (SELECT customer_id FROM Individual WHERE ssn = '189578947' UNION SELECT customer_id FROM Business WHERE tin = '189578947'), 'ECEPA3GAEIK299733');
INSERT INTO Purchase (transactions, clerk, condition) VALUES (192, 'user17', 'Excellent');
INSERT INTO Transaction (trans_id, trans_date, trans_price, customer, vehicle_vin) VALUES ('193', '2023-07-27', 4531.68 * 1.25 + 1.10 * (SELECT COALESCE(SUM(unit_price * quantity), 0) FROM part WHERE vehicle_vin = 'ECEPA3GAEIK299733'), (SELECT customer_id FROM Individual WHERE ssn = '189578947' UNION SELECT customer_id FROM Business WHERE tin = '189578947'), 'ECEPA3GAEIK299733');
INSERT INTO Sale (transactions, salesperson) VALUES (193, 'user06');
INSERT INTO Transaction (trans_id, trans_date, trans_price, customer, vehicle_vin) VALUES ('194', '2023-04-15', 9728.48, (SELECT customer_id FROM Individual WHERE ssn = '334676702' UNION SELECT customer_id FROM Business WHERE tin = '334676702'), 'EE1BIYLSYRH856452');
INSERT INTO Purchase (transactions, clerk, condition) VALUES (194, 'user18', 'Good');
INSERT INTO Transaction (trans_id, trans_date, trans_price, customer, vehicle_vin) VALUES ('195', '2023-04-15', 9728.48 * 1.25 + 1.10 * (SELECT COALESCE(SUM(unit_price * quantity), 0) FROM part WHERE vehicle_vin = 'EE1BIYLSYRH856452'), (SELECT customer_id FROM Individual WHERE ssn = '334676702' UNION SELECT customer_id FROM Business WHERE tin = '334676702'), 'EE1BIYLSYRH856452');
INSERT INTO Sale (transactions, salesperson) VALUES (195, 'user06');
INSERT INTO Transaction (trans_id, trans_date, trans_price, customer, vehicle_vin) VALUES ('196', '2023-01-03', 4342.29, (SELECT customer_id FROM Individual WHERE ssn = '811807619' UNION SELECT customer_id FROM Business WHERE tin = '811807619'), 'EIA3R8DZFZH945841');
INSERT INTO Purchase (transactions, clerk, condition) VALUES (196, 'user07', 'Fair');
INSERT INTO Transaction (trans_id, trans_date, trans_price, customer, vehicle_vin) VALUES ('197', '2023-01-03', 4342.29 * 1.25 + 1.10 * (SELECT COALESCE(SUM(unit_price * quantity), 0) FROM part WHERE vehicle_vin = 'EIA3R8DZFZH945841'), (SELECT customer_id FROM Individual WHERE ssn = '811807619' UNION SELECT customer_id FROM Business WHERE tin = '811807619'), 'EIA3R8DZFZH945841');
INSERT INTO Sale (transactions, salesperson) VALUES (197, 'user16');
INSERT INTO Transaction (trans_id, trans_date, trans_price, customer, vehicle_vin) VALUES ('198', '2023-02-26', 3479.09, (SELECT customer_id FROM Individual WHERE ssn = '17-1405708' UNION SELECT customer_id FROM Business WHERE tin = '17-1405708'), 'ETXMDO17CH5710002');
INSERT INTO Purchase (transactions, clerk, condition) VALUES (198, 'user13', 'Fair');
INSERT INTO Transaction (trans_id, trans_date, trans_price, customer, vehicle_vin) VALUES ('199', '2023-02-26', 3479.09 * 1.25 + 1.10 * (SELECT COALESCE(SUM(unit_price * quantity), 0) FROM part WHERE vehicle_vin = 'ETXMDO17CH5710002'), (SELECT customer_id FROM Individual WHERE ssn = '17-1405708' UNION SELECT customer_id FROM Business WHERE tin = '17-1405708'), 'ETXMDO17CH5710002');
INSERT INTO Sale (transactions, salesperson) VALUES (199, 'user04');
INSERT INTO Transaction (trans_id, trans_date, trans_price, customer, vehicle_vin) VALUES ('200', '2022-09-21', 8147.70, (SELECT customer_id FROM Individual WHERE ssn = '29-1505280' UNION SELECT customer_id FROM Business WHERE tin = '29-1505280'), 'EURVOJ6RTMZ196274');
INSERT INTO Purchase (transactions, clerk, condition) VALUES (200, 'user02', 'Very Good');
INSERT INTO Transaction (trans_id, trans_date, trans_price, customer, vehicle_vin) VALUES ('201', '2022-09-01', 10442.48, (SELECT customer_id FROM Individual WHERE ssn = '68-5291728' UNION SELECT customer_id FROM Business WHERE tin = '68-5291728'), 'F7LIAJMEUB4950361');
INSERT INTO Purchase (transactions, clerk, condition) VALUES (201, 'user17', 'Fair');
INSERT INTO Transaction (trans_id, trans_date, trans_price, customer, vehicle_vin) VALUES ('202', '2023-01-16', 3053.40, (SELECT customer_id FROM Individual WHERE ssn = '349754202' UNION SELECT customer_id FROM Business WHERE tin = '349754202'), 'FBQBTRRHZVG159504');
INSERT INTO Purchase (transactions, clerk, condition) VALUES (202, 'user02', 'Very Good');
INSERT INTO Transaction (trans_id, trans_date, trans_price, customer, vehicle_vin) VALUES ('203', '2023-01-16', 3053.40 * 1.25 + 1.10 * (SELECT COALESCE(SUM(unit_price * quantity), 0) FROM part WHERE vehicle_vin = 'FBQBTRRHZVG159504'), (SELECT customer_id FROM Individual WHERE ssn = '349754202' UNION SELECT customer_id FROM Business WHERE tin = '349754202'), 'FBQBTRRHZVG159504');
INSERT INTO Sale (transactions, salesperson) VALUES (203, 'user19');
INSERT INTO Transaction (trans_id, trans_date, trans_price, customer, vehicle_vin) VALUES ('204', '2022-08-17', 6915.28, (SELECT customer_id FROM Individual WHERE ssn = '303794079' UNION SELECT customer_id FROM Business WHERE tin = '303794079'), 'FBW1SNMBJRO366159');
INSERT INTO Purchase (transactions, clerk, condition) VALUES (204, 'owner', 'Excellent');
INSERT INTO Transaction (trans_id, trans_date, trans_price, customer, vehicle_vin) VALUES ('205', '2022-08-17', 6915.28 * 1.25 + 1.10 * (SELECT COALESCE(SUM(unit_price * quantity), 0) FROM part WHERE vehicle_vin = 'FBW1SNMBJRO366159'), (SELECT customer_id FROM Individual WHERE ssn = '303794079' UNION SELECT customer_id FROM Business WHERE tin = '303794079'), 'FBW1SNMBJRO366159');
INSERT INTO Sale (transactions, salesperson) VALUES (205, 'user19');
INSERT INTO Transaction (trans_id, trans_date, trans_price, customer, vehicle_vin) VALUES ('206', '2022-07-15', 3552.07, (SELECT customer_id FROM Individual WHERE ssn = '524692391' UNION SELECT customer_id FROM Business WHERE tin = '524692391'), 'FC6FEI1DRRR729956');
INSERT INTO Purchase (transactions, clerk, condition) VALUES (206, 'user21', 'Excellent');
INSERT INTO Transaction (trans_id, trans_date, trans_price, customer, vehicle_vin) VALUES ('207', '2022-07-15', 3552.07 * 1.25 + 1.10 * (SELECT COALESCE(SUM(unit_price * quantity), 0) FROM part WHERE vehicle_vin = 'FC6FEI1DRRR729956'), (SELECT customer_id FROM Individual WHERE ssn = '524692391' UNION SELECT customer_id FROM Business WHERE tin = '524692391'), 'FC6FEI1DRRR729956');
INSERT INTO Sale (transactions, salesperson) VALUES (207, 'owner');
INSERT INTO Transaction (trans_id, trans_date, trans_price, customer, vehicle_vin) VALUES ('208', '2023-01-29', 5600.49, (SELECT customer_id FROM Individual WHERE ssn = '181883107' UNION SELECT customer_id FROM Business WHERE tin = '181883107'), 'FLTEHVIT7TR845477');
INSERT INTO Purchase (transactions, clerk, condition) VALUES (208, 'user20', 'Good');
INSERT INTO Transaction (trans_id, trans_date, trans_price, customer, vehicle_vin) VALUES ('209', '2023-01-29', 5600.49 * 1.25 + 1.10 * (SELECT COALESCE(SUM(unit_price * quantity), 0) FROM part WHERE vehicle_vin = 'FLTEHVIT7TR845477'), (SELECT customer_id FROM Individual WHERE ssn = '181883107' UNION SELECT customer_id FROM Business WHERE tin = '181883107'), 'FLTEHVIT7TR845477');
INSERT INTO Sale (transactions, salesperson) VALUES (209, 'user23');
INSERT INTO Transaction (trans_id, trans_date, trans_price, customer, vehicle_vin) VALUES ('210', '2023-01-09', 3135.14, (SELECT customer_id FROM Individual WHERE ssn = '18-0557460' UNION SELECT customer_id FROM Business WHERE tin = '18-0557460'), 'FPS6SWVNJ46262208');
INSERT INTO Purchase (transactions, clerk, condition) VALUES (210, 'user07', 'Excellent');
INSERT INTO Transaction (trans_id, trans_date, trans_price, customer, vehicle_vin) VALUES ('211', '2023-01-09', 3135.14 * 1.25 + 1.10 * (SELECT COALESCE(SUM(unit_price * quantity), 0) FROM part WHERE vehicle_vin = 'FPS6SWVNJ46262208'), (SELECT customer_id FROM Individual WHERE ssn = '18-0557460' UNION SELECT customer_id FROM Business WHERE tin = '18-0557460'), 'FPS6SWVNJ46262208');
INSERT INTO Sale (transactions, salesperson) VALUES (211, 'user03');
INSERT INTO Transaction (trans_id, trans_date, trans_price, customer, vehicle_vin) VALUES ('212', '2022-09-14', 6804.90, (SELECT customer_id FROM Individual WHERE ssn = '963631015' UNION SELECT customer_id FROM Business WHERE tin = '963631015'), 'FTU4SK7135C710080');
INSERT INTO Purchase (transactions, clerk, condition) VALUES (212, 'user24', 'Very Good');
INSERT INTO Transaction (trans_id, trans_date, trans_price, customer, vehicle_vin) VALUES ('213', '2022-09-14', 6804.90 * 1.25 + 1.10 * (SELECT COALESCE(SUM(unit_price * quantity), 0) FROM part WHERE vehicle_vin = 'FTU4SK7135C710080'), (SELECT customer_id FROM Individual WHERE ssn = '963631015' UNION SELECT customer_id FROM Business WHERE tin = '963631015'), 'FTU4SK7135C710080');
INSERT INTO Sale (transactions, salesperson) VALUES (213, 'user04');
INSERT INTO Transaction (trans_id, trans_date, trans_price, customer, vehicle_vin) VALUES ('214', '2022-08-17', 10509.04, (SELECT customer_id FROM Individual WHERE ssn = '17-1405708' UNION SELECT customer_id FROM Business WHERE tin = '17-1405708'), 'G3GBYJSRTYT942116');
INSERT INTO Purchase (transactions, clerk, condition) VALUES (214, 'user07', 'Excellent');
INSERT INTO Transaction (trans_id, trans_date, trans_price, customer, vehicle_vin) VALUES ('215', '2022-08-17', 10509.04 * 1.25 + 1.10 * (SELECT COALESCE(SUM(unit_price * quantity), 0) FROM part WHERE vehicle_vin = 'G3GBYJSRTYT942116'), (SELECT customer_id FROM Individual WHERE ssn = '17-1405708' UNION SELECT customer_id FROM Business WHERE tin = '17-1405708'), 'G3GBYJSRTYT942116');
INSERT INTO Sale (transactions, salesperson) VALUES (215, 'user23');
INSERT INTO Transaction (trans_id, trans_date, trans_price, customer, vehicle_vin) VALUES ('216', '2022-09-22', 2099.55, (SELECT customer_id FROM Individual WHERE ssn = '279776839' UNION SELECT customer_id FROM Business WHERE tin = '279776839'), 'G3UZL1VEZEM344261');
INSERT INTO Purchase (transactions, clerk, condition) VALUES (216, 'user17', 'Excellent');
INSERT INTO Transaction (trans_id, trans_date, trans_price, customer, vehicle_vin) VALUES ('217', '2022-12-17', 10959.72, (SELECT customer_id FROM Individual WHERE ssn = '416352320' UNION SELECT customer_id FROM Business WHERE tin = '416352320'), 'G4PAVREW7K2826838');
INSERT INTO Purchase (transactions, clerk, condition) VALUES (217, 'user17', 'Very Good');
INSERT INTO Transaction (trans_id, trans_date, trans_price, customer, vehicle_vin) VALUES ('218', '2022-12-17', 10959.72 * 1.25 + 1.10 * (SELECT COALESCE(SUM(unit_price * quantity), 0) FROM part WHERE vehicle_vin = 'G4PAVREW7K2826838'), (SELECT customer_id FROM Individual WHERE ssn = '416352320' UNION SELECT customer_id FROM Business WHERE tin = '416352320'), 'G4PAVREW7K2826838');
INSERT INTO Sale (transactions, salesperson) VALUES (218, 'user04');
INSERT INTO Transaction (trans_id, trans_date, trans_price, customer, vehicle_vin) VALUES ('219', '2023-08-15', 1912.34, (SELECT customer_id FROM Individual WHERE ssn = '006351430' UNION SELECT customer_id FROM Business WHERE tin = '006351430'), 'GDXK0JVJI0R636667');
INSERT INTO Purchase (transactions, clerk, condition) VALUES (219, 'user13', 'Very Good');
INSERT INTO Transaction (trans_id, trans_date, trans_price, customer, vehicle_vin) VALUES ('220', '2023-08-15', 1912.34 * 1.25 + 1.10 * (SELECT COALESCE(SUM(unit_price * quantity), 0) FROM part WHERE vehicle_vin = 'GDXK0JVJI0R636667'), (SELECT customer_id FROM Individual WHERE ssn = '006351430' UNION SELECT customer_id FROM Business WHERE tin = '006351430'), 'GDXK0JVJI0R636667');
INSERT INTO Sale (transactions, salesperson) VALUES (220, 'user16');
INSERT INTO Transaction (trans_id, trans_date, trans_price, customer, vehicle_vin) VALUES ('221', '2022-11-10', 9404.22, (SELECT customer_id FROM Individual WHERE ssn = '416352320' UNION SELECT customer_id FROM Business WHERE tin = '416352320'), 'GH8SBHTMEBB721980');
INSERT INTO Purchase (transactions, clerk, condition) VALUES (221, 'user18', 'Very Good');
INSERT INTO Transaction (trans_id, trans_date, trans_price, customer, vehicle_vin) VALUES ('222', '2022-10-16', 2864.49, (SELECT customer_id FROM Individual WHERE ssn = '00-6502052' UNION SELECT customer_id FROM Business WHERE tin = '00-6502052'), 'GHMZYD6YMKB413330');
INSERT INTO Purchase (transactions, clerk, condition) VALUES (222, 'user17', 'Excellent');
INSERT INTO Transaction (trans_id, trans_date, trans_price, customer, vehicle_vin) VALUES ('223', '2023-06-14', 8834.46, (SELECT customer_id FROM Individual WHERE ssn = '988602508' UNION SELECT customer_id FROM Business WHERE tin = '988602508'), 'GJWDBBORYJD234673');
INSERT INTO Purchase (transactions, clerk, condition) VALUES (223, 'user09', 'Fair');
INSERT INTO Transaction (trans_id, trans_date, trans_price, customer, vehicle_vin) VALUES ('224', '2023-06-14', 8834.46 * 1.25 + 1.10 * (SELECT COALESCE(SUM(unit_price * quantity), 0) FROM part WHERE vehicle_vin = 'GJWDBBORYJD234673'), (SELECT customer_id FROM Individual WHERE ssn = '988602508' UNION SELECT customer_id FROM Business WHERE tin = '988602508'), 'GJWDBBORYJD234673');
INSERT INTO Sale (transactions, salesperson) VALUES (224, 'user16');
INSERT INTO Transaction (trans_id, trans_date, trans_price, customer, vehicle_vin) VALUES ('225', '2022-10-09', 10936.57, (SELECT customer_id FROM Individual WHERE ssn = '32-1594201' UNION SELECT customer_id FROM Business WHERE tin = '32-1594201'), 'GMBNKKL7OGQ240104');
INSERT INTO Purchase (transactions, clerk, condition) VALUES (225, 'user15', 'Excellent');
INSERT INTO Transaction (trans_id, trans_date, trans_price, customer, vehicle_vin) VALUES ('226', '2023-06-22', 1314.33, (SELECT customer_id FROM Individual WHERE ssn = '595283241' UNION SELECT customer_id FROM Business WHERE tin = '595283241'), 'GMLZ3HXD33V025329');
INSERT INTO Purchase (transactions, clerk, condition) VALUES (226, 'user02', 'Excellent');
INSERT INTO Transaction (trans_id, trans_date, trans_price, customer, vehicle_vin) VALUES ('227', '2023-06-22', 1314.33 * 1.25 + 1.10 * (SELECT COALESCE(SUM(unit_price * quantity), 0) FROM part WHERE vehicle_vin = 'GMLZ3HXD33V025329'), (SELECT customer_id FROM Individual WHERE ssn = '595283241' UNION SELECT customer_id FROM Business WHERE tin = '595283241'), 'GMLZ3HXD33V025329');
INSERT INTO Sale (transactions, salesperson) VALUES (227, 'owner');
INSERT INTO Transaction (trans_id, trans_date, trans_price, customer, vehicle_vin) VALUES ('228', '2023-02-07', 1662.35, (SELECT customer_id FROM Individual WHERE ssn = '23-4661232' UNION SELECT customer_id FROM Business WHERE tin = '23-4661232'), 'GR0RVMPW4XI181018');
INSERT INTO Purchase (transactions, clerk, condition) VALUES (228, 'user13', 'Excellent');
INSERT INTO Transaction (trans_id, trans_date, trans_price, customer, vehicle_vin) VALUES ('229', '2023-02-07', 1662.35 * 1.25 + 1.10 * (SELECT COALESCE(SUM(unit_price * quantity), 0) FROM part WHERE vehicle_vin = 'GR0RVMPW4XI181018'), (SELECT customer_id FROM Individual WHERE ssn = '23-4661232' UNION SELECT customer_id FROM Business WHERE tin = '23-4661232'), 'GR0RVMPW4XI181018');
INSERT INTO Sale (transactions, salesperson) VALUES (229, 'user06');
INSERT INTO Transaction (trans_id, trans_date, trans_price, customer, vehicle_vin) VALUES ('230', '2022-08-08', 3275.39, (SELECT customer_id FROM Individual WHERE ssn = '566053758' UNION SELECT customer_id FROM Business WHERE tin = '566053758'), 'GTBYGLSYL1E755778');
INSERT INTO Purchase (transactions, clerk, condition) VALUES (230, 'user24', 'Good');
INSERT INTO Transaction (trans_id, trans_date, trans_price, customer, vehicle_vin) VALUES ('231', '2022-08-08', 3275.39 * 1.25 + 1.10 * (SELECT COALESCE(SUM(unit_price * quantity), 0) FROM part WHERE vehicle_vin = 'GTBYGLSYL1E755778'), (SELECT customer_id FROM Individual WHERE ssn = '566053758' UNION SELECT customer_id FROM Business WHERE tin = '566053758'), 'GTBYGLSYL1E755778');
INSERT INTO Sale (transactions, salesperson) VALUES (231, 'user03');
INSERT INTO Transaction (trans_id, trans_date, trans_price, customer, vehicle_vin) VALUES ('232', '2023-04-01', 5742.98, (SELECT customer_id FROM Individual WHERE ssn = '17-1405708' UNION SELECT customer_id FROM Business WHERE tin = '17-1405708'), 'GUSD5Z52ID6316641');
INSERT INTO Purchase (transactions, clerk, condition) VALUES (232, 'user13', 'Fair');
INSERT INTO Transaction (trans_id, trans_date, trans_price, customer, vehicle_vin) VALUES ('233', '2022-07-30', 30198.71, (SELECT customer_id FROM Individual WHERE ssn = '283775388' UNION SELECT customer_id FROM Business WHERE tin = '283775388'), 'H0M0QQ4Q0FN101290');
INSERT INTO Purchase (transactions, clerk, condition) VALUES (233, 'user18', 'Excellent');
INSERT INTO Transaction (trans_id, trans_date, trans_price, customer, vehicle_vin) VALUES ('234', '2022-07-30', 30198.71 * 1.25 + 1.10 * (SELECT COALESCE(SUM(unit_price * quantity), 0) FROM part WHERE vehicle_vin = 'H0M0QQ4Q0FN101290'), (SELECT customer_id FROM Individual WHERE ssn = '283775388' UNION SELECT customer_id FROM Business WHERE tin = '283775388'), 'H0M0QQ4Q0FN101290');
INSERT INTO Sale (transactions, salesperson) VALUES (234, 'user03');
INSERT INTO Transaction (trans_id, trans_date, trans_price, customer, vehicle_vin) VALUES ('235', '2023-02-12', 12188.28, (SELECT customer_id FROM Individual WHERE ssn = '903089507' UNION SELECT customer_id FROM Business WHERE tin = '903089507'), 'H2032G2DS5D863208');
INSERT INTO Purchase (transactions, clerk, condition) VALUES (235, 'user20', 'Excellent');
INSERT INTO Transaction (trans_id, trans_date, trans_price, customer, vehicle_vin) VALUES ('236', '2022-12-22', 9163.91, (SELECT customer_id FROM Individual WHERE ssn = '510679263' UNION SELECT customer_id FROM Business WHERE tin = '510679263'), 'H3NLVG1FUZX147919');
INSERT INTO Purchase (transactions, clerk, condition) VALUES (236, 'user18', 'Fair');
INSERT INTO Transaction (trans_id, trans_date, trans_price, customer, vehicle_vin) VALUES ('237', '2022-12-22', 9163.91 * 1.25 + 1.10 * (SELECT COALESCE(SUM(unit_price * quantity), 0) FROM part WHERE vehicle_vin = 'H3NLVG1FUZX147919'), (SELECT customer_id FROM Individual WHERE ssn = '510679263' UNION SELECT customer_id FROM Business WHERE tin = '510679263'), 'H3NLVG1FUZX147919');
INSERT INTO Sale (transactions, salesperson) VALUES (237, 'owner');
INSERT INTO Transaction (trans_id, trans_date, trans_price, customer, vehicle_vin) VALUES ('238', '2023-06-15', 11483.78, (SELECT customer_id FROM Individual WHERE ssn = '410614165' UNION SELECT customer_id FROM Business WHERE tin = '410614165'), 'HD1EA820DKW043837');
INSERT INTO Purchase (transactions, clerk, condition) VALUES (238, 'user07', 'Good');
INSERT INTO Transaction (trans_id, trans_date, trans_price, customer, vehicle_vin) VALUES ('239', '2023-01-22', 12512.04, (SELECT customer_id FROM Individual WHERE ssn = '591437032' UNION SELECT customer_id FROM Business WHERE tin = '591437032'), 'HSJNIY2UV32447249');
INSERT INTO Purchase (transactions, clerk, condition) VALUES (239, 'user18', 'Fair');
INSERT INTO Transaction (trans_id, trans_date, trans_price, customer, vehicle_vin) VALUES ('240', '2023-01-22', 12512.04 * 1.25 + 1.10 * (SELECT COALESCE(SUM(unit_price * quantity), 0) FROM part WHERE vehicle_vin = 'HSJNIY2UV32447249'), (SELECT customer_id FROM Individual WHERE ssn = '591437032' UNION SELECT customer_id FROM Business WHERE tin = '591437032'), 'HSJNIY2UV32447249');
INSERT INTO Sale (transactions, salesperson) VALUES (240, 'user06');
INSERT INTO Transaction (trans_id, trans_date, trans_price, customer, vehicle_vin) VALUES ('241', '2023-02-10', 18840.21, (SELECT customer_id FROM Individual WHERE ssn = '71-5402425' UNION SELECT customer_id FROM Business WHERE tin = '71-5402425'), 'HV4CWSMM84O846378');
INSERT INTO Purchase (transactions, clerk, condition) VALUES (241, 'user10', 'Good');
INSERT INTO Transaction (trans_id, trans_date, trans_price, customer, vehicle_vin) VALUES ('242', '2023-02-10', 18840.21 * 1.25 + 1.10 * (SELECT COALESCE(SUM(unit_price * quantity), 0) FROM part WHERE vehicle_vin = 'HV4CWSMM84O846378'), (SELECT customer_id FROM Individual WHERE ssn = '71-5402425' UNION SELECT customer_id FROM Business WHERE tin = '71-5402425'), 'HV4CWSMM84O846378');
INSERT INTO Sale (transactions, salesperson) VALUES (242, 'user04');
INSERT INTO Transaction (trans_id, trans_date, trans_price, customer, vehicle_vin) VALUES ('243', '2023-08-10', 1093.02, (SELECT customer_id FROM Individual WHERE ssn = '71-5402425' UNION SELECT customer_id FROM Business WHERE tin = '71-5402425'), 'I3M7NWUR0GJ946930');
INSERT INTO Purchase (transactions, clerk, condition) VALUES (243, 'user11', 'Good');
INSERT INTO Transaction (trans_id, trans_date, trans_price, customer, vehicle_vin) VALUES ('244', '2023-01-01', 7756.28, (SELECT customer_id FROM Individual WHERE ssn = '480355246' UNION SELECT customer_id FROM Business WHERE tin = '480355246'), 'I7B0O1H2OO8586909');
INSERT INTO Purchase (transactions, clerk, condition) VALUES (244, 'user24', 'Good');
INSERT INTO Transaction (trans_id, trans_date, trans_price, customer, vehicle_vin) VALUES ('245', '2023-01-01', 7756.28 * 1.25 + 1.10 * (SELECT COALESCE(SUM(unit_price * quantity), 0) FROM part WHERE vehicle_vin = 'I7B0O1H2OO8586909'), (SELECT customer_id FROM Individual WHERE ssn = '480355246' UNION SELECT customer_id FROM Business WHERE tin = '480355246'), 'I7B0O1H2OO8586909');
INSERT INTO Sale (transactions, salesperson) VALUES (245, 'owner');
INSERT INTO Transaction (trans_id, trans_date, trans_price, customer, vehicle_vin) VALUES ('246', '2023-08-14', 7381.46, (SELECT customer_id FROM Individual WHERE ssn = '033375455' UNION SELECT customer_id FROM Business WHERE tin = '033375455'), 'IESD5FO6UYK261715');
INSERT INTO Purchase (transactions, clerk, condition) VALUES (246, 'user21', 'Very Good');
INSERT INTO Transaction (trans_id, trans_date, trans_price, customer, vehicle_vin) VALUES ('247', '2023-03-07', 4722.46, (SELECT customer_id FROM Individual WHERE ssn = '725273337' UNION SELECT customer_id FROM Business WHERE tin = '725273337'), 'IFBMBJ1L600560567');
INSERT INTO Purchase (transactions, clerk, condition) VALUES (247, 'user07', 'Very Good');
INSERT INTO Transaction (trans_id, trans_date, trans_price, customer, vehicle_vin) VALUES ('248', '2023-03-19', 5142.25, (SELECT customer_id FROM Individual WHERE ssn = '524692391' UNION SELECT customer_id FROM Business WHERE tin = '524692391'), 'IGCYVATVIYZ078682');
INSERT INTO Purchase (transactions, clerk, condition) VALUES (248, 'user12', 'Fair');
INSERT INTO Transaction (trans_id, trans_date, trans_price, customer, vehicle_vin) VALUES ('249', '2023-03-19', 5142.25 * 1.25 + 1.10 * (SELECT COALESCE(SUM(unit_price * quantity), 0) FROM part WHERE vehicle_vin = 'IGCYVATVIYZ078682'), (SELECT customer_id FROM Individual WHERE ssn = '524692391' UNION SELECT customer_id FROM Business WHERE tin = '524692391'), 'IGCYVATVIYZ078682');
INSERT INTO Sale (transactions, salesperson) VALUES (249, 'user23');
INSERT INTO Transaction (trans_id, trans_date, trans_price, customer, vehicle_vin) VALUES ('250', '2023-02-16', 4969.07, (SELECT customer_id FROM Individual WHERE ssn = '307192832' UNION SELECT customer_id FROM Business WHERE tin = '307192832'), 'IQV1YQ3IV7V327698');
INSERT INTO Purchase (transactions, clerk, condition) VALUES (250, 'user05', 'Very Good');
INSERT INTO Transaction (trans_id, trans_date, trans_price, customer, vehicle_vin) VALUES ('251', '2023-02-16', 4969.07 * 1.25 + 1.10 * (SELECT COALESCE(SUM(unit_price * quantity), 0) FROM part WHERE vehicle_vin = 'IQV1YQ3IV7V327698'), (SELECT customer_id FROM Individual WHERE ssn = '307192832' UNION SELECT customer_id FROM Business WHERE tin = '307192832'), 'IQV1YQ3IV7V327698');
INSERT INTO Sale (transactions, salesperson) VALUES (251, 'owner');
INSERT INTO Transaction (trans_id, trans_date, trans_price, customer, vehicle_vin) VALUES ('252', '2022-07-20', 17317.89, (SELECT customer_id FROM Individual WHERE ssn = '52-6404326' UNION SELECT customer_id FROM Business WHERE tin = '52-6404326'), 'ITNTBT3I3K1112168');
INSERT INTO Purchase (transactions, clerk, condition) VALUES (252, 'user13', 'Excellent');
INSERT INTO Transaction (trans_id, trans_date, trans_price, customer, vehicle_vin) VALUES ('253', '2022-07-20', 17317.89 * 1.25 + 1.10 * (SELECT COALESCE(SUM(unit_price * quantity), 0) FROM part WHERE vehicle_vin = 'ITNTBT3I3K1112168'), (SELECT customer_id FROM Individual WHERE ssn = '52-6404326' UNION SELECT customer_id FROM Business WHERE tin = '52-6404326'), 'ITNTBT3I3K1112168');
INSERT INTO Sale (transactions, salesperson) VALUES (253, 'user16');
INSERT INTO Transaction (trans_id, trans_date, trans_price, customer, vehicle_vin) VALUES ('254', '2023-01-23', 7749.18, (SELECT customer_id FROM Individual WHERE ssn = '139932987' UNION SELECT customer_id FROM Business WHERE tin = '139932987'), 'IVZVZYNIOWU741253');
INSERT INTO Purchase (transactions, clerk, condition) VALUES (254, 'user13', 'Excellent');
INSERT INTO Transaction (trans_id, trans_date, trans_price, customer, vehicle_vin) VALUES ('255', '2023-08-15', 1572.80, (SELECT customer_id FROM Individual WHERE ssn = '491580595' UNION SELECT customer_id FROM Business WHERE tin = '491580595'), 'IZ7QWUEGB3H617828');
INSERT INTO Purchase (transactions, clerk, condition) VALUES (255, 'user15', 'Very Good');
INSERT INTO Transaction (trans_id, trans_date, trans_price, customer, vehicle_vin) VALUES ('256', '2023-08-15', 1572.80 * 1.25 + 1.10 * (SELECT COALESCE(SUM(unit_price * quantity), 0) FROM part WHERE vehicle_vin = 'IZ7QWUEGB3H617828'), (SELECT customer_id FROM Individual WHERE ssn = '491580595' UNION SELECT customer_id FROM Business WHERE tin = '491580595'), 'IZ7QWUEGB3H617828');
INSERT INTO Sale (transactions, salesperson) VALUES (256, 'user06');
INSERT INTO Transaction (trans_id, trans_date, trans_price, customer, vehicle_vin) VALUES ('257', '2023-03-07', 2690.50, (SELECT customer_id FROM Individual WHERE ssn = '843028835' UNION SELECT customer_id FROM Business WHERE tin = '843028835'), 'JCDM7P6FYYP189674');
INSERT INTO Purchase (transactions, clerk, condition) VALUES (257, 'user10', 'Fair');
INSERT INTO Transaction (trans_id, trans_date, trans_price, customer, vehicle_vin) VALUES ('258', '2023-01-10', 5386.66, (SELECT customer_id FROM Individual WHERE ssn = '983685043' UNION SELECT customer_id FROM Business WHERE tin = '983685043'), 'JDZCMB67NYJ067633');
INSERT INTO Purchase (transactions, clerk, condition) VALUES (258, 'user09', 'Good');
INSERT INTO Transaction (trans_id, trans_date, trans_price, customer, vehicle_vin) VALUES ('259', '2023-01-10', 5386.66 * 1.25 + 1.10 * (SELECT COALESCE(SUM(unit_price * quantity), 0) FROM part WHERE vehicle_vin = 'JDZCMB67NYJ067633'), (SELECT customer_id FROM Individual WHERE ssn = '983685043' UNION SELECT customer_id FROM Business WHERE tin = '983685043'), 'JDZCMB67NYJ067633');
INSERT INTO Sale (transactions, salesperson) VALUES (259, 'user25');
INSERT INTO Transaction (trans_id, trans_date, trans_price, customer, vehicle_vin) VALUES ('260', '2022-09-11', 1734.99, (SELECT customer_id FROM Individual WHERE ssn = '275817531' UNION SELECT customer_id FROM Business WHERE tin = '275817531'), 'JQA3ZA51WW8465344');
INSERT INTO Purchase (transactions, clerk, condition) VALUES (260, 'user21', 'Good');
INSERT INTO Transaction (trans_id, trans_date, trans_price, customer, vehicle_vin) VALUES ('261', '2022-07-08', 2502.00, (SELECT customer_id FROM Individual WHERE ssn = '313904048' UNION SELECT customer_id FROM Business WHERE tin = '313904048'), 'JUU4F0TYK4A947289');
INSERT INTO Purchase (transactions, clerk, condition) VALUES (261, 'user11', 'Excellent');
INSERT INTO Transaction (trans_id, trans_date, trans_price, customer, vehicle_vin) VALUES ('262', '2023-05-04', 3530.16, (SELECT customer_id FROM Individual WHERE ssn = '91-3927038' UNION SELECT customer_id FROM Business WHERE tin = '91-3927038'), 'JVQ8ZELPGF5916074');
INSERT INTO Purchase (transactions, clerk, condition) VALUES (262, 'user24', 'Fair');
INSERT INTO Transaction (trans_id, trans_date, trans_price, customer, vehicle_vin) VALUES ('263', '2023-08-30', 8625.87, (SELECT customer_id FROM Individual WHERE ssn = '29-1505280' UNION SELECT customer_id FROM Business WHERE tin = '29-1505280'), 'KEQ2CFPH7RO593605');
INSERT INTO Purchase (transactions, clerk, condition) VALUES (263, 'user11', 'Excellent');
INSERT INTO Transaction (trans_id, trans_date, trans_price, customer, vehicle_vin) VALUES ('264', '2023-08-30', 8625.87 * 1.25 + 1.10 * (SELECT COALESCE(SUM(unit_price * quantity), 0) FROM part WHERE vehicle_vin = 'KEQ2CFPH7RO593605'), (SELECT customer_id FROM Individual WHERE ssn = '29-1505280' UNION SELECT customer_id FROM Business WHERE tin = '29-1505280'), 'KEQ2CFPH7RO593605');
INSERT INTO Sale (transactions, salesperson) VALUES (264, 'user25');
INSERT INTO Transaction (trans_id, trans_date, trans_price, customer, vehicle_vin) VALUES ('265', '2022-10-14', 4888.24, (SELECT customer_id FROM Individual WHERE ssn = '631146418' UNION SELECT customer_id FROM Business WHERE tin = '631146418'), 'KG8BHN0NTUF642399');
INSERT INTO Purchase (transactions, clerk, condition) VALUES (265, 'user24', 'Very Good');
INSERT INTO Transaction (trans_id, trans_date, trans_price, customer, vehicle_vin) VALUES ('266', '2023-07-16', 10745.69, (SELECT customer_id FROM Individual WHERE ssn = '047228901' UNION SELECT customer_id FROM Business WHERE tin = '047228901'), 'KKEJDR1DEYM433866');
INSERT INTO Purchase (transactions, clerk, condition) VALUES (266, 'user18', 'Excellent');
INSERT INTO Transaction (trans_id, trans_date, trans_price, customer, vehicle_vin) VALUES ('267', '2023-08-19', 2535.54, (SELECT customer_id FROM Individual WHERE ssn = '811807619' UNION SELECT customer_id FROM Business WHERE tin = '811807619'), 'KLE3XPYFTO6494665');
INSERT INTO Purchase (transactions, clerk, condition) VALUES (267, 'user10', 'Excellent');
INSERT INTO Transaction (trans_id, trans_date, trans_price, customer, vehicle_vin) VALUES ('268', '2022-11-02', 10926.52, (SELECT customer_id FROM Individual WHERE ssn = '381212216' UNION SELECT customer_id FROM Business WHERE tin = '381212216'), 'KPDR2Q24D25119360');
INSERT INTO Purchase (transactions, clerk, condition) VALUES (268, 'user24', 'Good');
INSERT INTO Transaction (trans_id, trans_date, trans_price, customer, vehicle_vin) VALUES ('269', '2022-11-02', 10926.52 * 1.25 + 1.10 * (SELECT COALESCE(SUM(unit_price * quantity), 0) FROM part WHERE vehicle_vin = 'KPDR2Q24D25119360'), (SELECT customer_id FROM Individual WHERE ssn = '381212216' UNION SELECT customer_id FROM Business WHERE tin = '381212216'), 'KPDR2Q24D25119360');
INSERT INTO Sale (transactions, salesperson) VALUES (269, 'user23');
INSERT INTO Transaction (trans_id, trans_date, trans_price, customer, vehicle_vin) VALUES ('270', '2023-06-07', 5180.58, (SELECT customer_id FROM Individual WHERE ssn = '022691032' UNION SELECT customer_id FROM Business WHERE tin = '022691032'), 'KUG7KOVDXOY323266');
INSERT INTO Purchase (transactions, clerk, condition) VALUES (270, 'user15', 'Fair');
INSERT INTO Transaction (trans_id, trans_date, trans_price, customer, vehicle_vin) VALUES ('271', '2023-06-07', 5180.58 * 1.25 + 1.10 * (SELECT COALESCE(SUM(unit_price * quantity), 0) FROM part WHERE vehicle_vin = 'KUG7KOVDXOY323266'), (SELECT customer_id FROM Individual WHERE ssn = '022691032' UNION SELECT customer_id FROM Business WHERE tin = '022691032'), 'KUG7KOVDXOY323266');
INSERT INTO Sale (transactions, salesperson) VALUES (271, 'user23');
INSERT INTO Transaction (trans_id, trans_date, trans_price, customer, vehicle_vin) VALUES ('272', '2022-07-30', 3988.54, (SELECT customer_id FROM Individual WHERE ssn = '811807619' UNION SELECT customer_id FROM Business WHERE tin = '811807619'), 'KZ0SACUMQTT627927');
INSERT INTO Purchase (transactions, clerk, condition) VALUES (272, 'user07', 'Fair');
INSERT INTO Transaction (trans_id, trans_date, trans_price, customer, vehicle_vin) VALUES ('273', '2022-07-30', 3988.54 * 1.25 + 1.10 * (SELECT COALESCE(SUM(unit_price * quantity), 0) FROM part WHERE vehicle_vin = 'KZ0SACUMQTT627927'), (SELECT customer_id FROM Individual WHERE ssn = '811807619' UNION SELECT customer_id FROM Business WHERE tin = '811807619'), 'KZ0SACUMQTT627927');
INSERT INTO Sale (transactions, salesperson) VALUES (273, 'user06');
INSERT INTO Transaction (trans_id, trans_date, trans_price, customer, vehicle_vin) VALUES ('274', '2023-07-02', 3377.16, (SELECT customer_id FROM Individual WHERE ssn = '377287634' UNION SELECT customer_id FROM Business WHERE tin = '377287634'), 'L7OR57TJ78J722023');
INSERT INTO Purchase (transactions, clerk, condition) VALUES (274, 'user15', 'Good');
INSERT INTO Transaction (trans_id, trans_date, trans_price, customer, vehicle_vin) VALUES ('275', '2023-07-02', 3377.16 * 1.25 + 1.10 * (SELECT COALESCE(SUM(unit_price * quantity), 0) FROM part WHERE vehicle_vin = 'L7OR57TJ78J722023'), (SELECT customer_id FROM Individual WHERE ssn = '377287634' UNION SELECT customer_id FROM Business WHERE tin = '377287634'), 'L7OR57TJ78J722023');
INSERT INTO Sale (transactions, salesperson) VALUES (275, 'user03');
INSERT INTO Transaction (trans_id, trans_date, trans_price, customer, vehicle_vin) VALUES ('276', '2022-08-30', 13647.50, (SELECT customer_id FROM Individual WHERE ssn = '203112624' UNION SELECT customer_id FROM Business WHERE tin = '203112624'), 'LBOZN1LVD46821421');
INSERT INTO Purchase (transactions, clerk, condition) VALUES (276, 'user09', 'Very Good');
INSERT INTO Transaction (trans_id, trans_date, trans_price, customer, vehicle_vin) VALUES ('277', '2022-08-30', 13647.50 * 1.25 + 1.10 * (SELECT COALESCE(SUM(unit_price * quantity), 0) FROM part WHERE vehicle_vin = 'LBOZN1LVD46821421'), (SELECT customer_id FROM Individual WHERE ssn = '203112624' UNION SELECT customer_id FROM Business WHERE tin = '203112624'), 'LBOZN1LVD46821421');
INSERT INTO Sale (transactions, salesperson) VALUES (277, 'owner');
INSERT INTO Transaction (trans_id, trans_date, trans_price, customer, vehicle_vin) VALUES ('278', '2022-12-12', 5415.04, (SELECT customer_id FROM Individual WHERE ssn = '531825735' UNION SELECT customer_id FROM Business WHERE tin = '531825735'), 'LEDF5CRGFJL596318');
INSERT INTO Purchase (transactions, clerk, condition) VALUES (278, 'user17', 'Fair');
INSERT INTO Transaction (trans_id, trans_date, trans_price, customer, vehicle_vin) VALUES ('279', '2022-10-08', 2522.87, (SELECT customer_id FROM Individual WHERE ssn = '532449344' UNION SELECT customer_id FROM Business WHERE tin = '532449344'), 'LEL1EDGLIJB218949');
INSERT INTO Purchase (transactions, clerk, condition) VALUES (279, 'owner', 'Fair');
INSERT INTO Transaction (trans_id, trans_date, trans_price, customer, vehicle_vin) VALUES ('280', '2022-10-08', 2522.87 * 1.25 + 1.10 * (SELECT COALESCE(SUM(unit_price * quantity), 0) FROM part WHERE vehicle_vin = 'LEL1EDGLIJB218949'), (SELECT customer_id FROM Individual WHERE ssn = '532449344' UNION SELECT customer_id FROM Business WHERE tin = '532449344'), 'LEL1EDGLIJB218949');
INSERT INTO Sale (transactions, salesperson) VALUES (280, 'user04');
INSERT INTO Transaction (trans_id, trans_date, trans_price, customer, vehicle_vin) VALUES ('281', '2022-10-20', 12083.70, (SELECT customer_id FROM Individual WHERE ssn = '101246549' UNION SELECT customer_id FROM Business WHERE tin = '101246549'), 'LEQEZHIL372503269');
INSERT INTO Purchase (transactions, clerk, condition) VALUES (281, 'user05', 'Very Good');
INSERT INTO Transaction (trans_id, trans_date, trans_price, customer, vehicle_vin) VALUES ('282', '2023-08-07', 4963.40, (SELECT customer_id FROM Individual WHERE ssn = '89-5019355' UNION SELECT customer_id FROM Business WHERE tin = '89-5019355'), 'LGC76I73Q43597619');
INSERT INTO Purchase (transactions, clerk, condition) VALUES (282, 'user10', 'Very Good');
INSERT INTO Transaction (trans_id, trans_date, trans_price, customer, vehicle_vin) VALUES ('283', '2023-08-07', 4963.40 * 1.25 + 1.10 * (SELECT COALESCE(SUM(unit_price * quantity), 0) FROM part WHERE vehicle_vin = 'LGC76I73Q43597619'), (SELECT customer_id FROM Individual WHERE ssn = '89-5019355' UNION SELECT customer_id FROM Business WHERE tin = '89-5019355'), 'LGC76I73Q43597619');
INSERT INTO Sale (transactions, salesperson) VALUES (283, 'user03');
INSERT INTO Transaction (trans_id, trans_date, trans_price, customer, vehicle_vin) VALUES ('284', '2022-09-22', 14715.97, (SELECT customer_id FROM Individual WHERE ssn = '565447868' UNION SELECT customer_id FROM Business WHERE tin = '565447868'), 'LLAES6UX7PE080692');
INSERT INTO Purchase (transactions, clerk, condition) VALUES (284, 'user12', 'Excellent');
INSERT INTO Transaction (trans_id, trans_date, trans_price, customer, vehicle_vin) VALUES ('285', '2022-09-06', 5000.61, (SELECT customer_id FROM Individual WHERE ssn = '17-1405708' UNION SELECT customer_id FROM Business WHERE tin = '17-1405708'), 'LLUBKYOAHHE880633');
INSERT INTO Purchase (transactions, clerk, condition) VALUES (285, 'user11', 'Very Good');
INSERT INTO Transaction (trans_id, trans_date, trans_price, customer, vehicle_vin) VALUES ('286', '2022-12-26', 3625.13, (SELECT customer_id FROM Individual WHERE ssn = '48-0436640' UNION SELECT customer_id FROM Business WHERE tin = '48-0436640'), 'M07I6J8WOKL966353');
INSERT INTO Purchase (transactions, clerk, condition) VALUES (286, 'user05', 'Excellent');
INSERT INTO Transaction (trans_id, trans_date, trans_price, customer, vehicle_vin) VALUES ('287', '2022-07-06', 3284.10, (SELECT customer_id FROM Individual WHERE ssn = '79-8921658' UNION SELECT customer_id FROM Business WHERE tin = '79-8921658'), 'M0LLCXP5H7J310101');
INSERT INTO Purchase (transactions, clerk, condition) VALUES (287, 'user07', 'Excellent');
INSERT INTO Transaction (trans_id, trans_date, trans_price, customer, vehicle_vin) VALUES ('288', '2022-07-06', 3284.10 * 1.25 + 1.10 * (SELECT COALESCE(SUM(unit_price * quantity), 0) FROM part WHERE vehicle_vin = 'M0LLCXP5H7J310101'), (SELECT customer_id FROM Individual WHERE ssn = '79-8921658' UNION SELECT customer_id FROM Business WHERE tin = '79-8921658'), 'M0LLCXP5H7J310101');
INSERT INTO Sale (transactions, salesperson) VALUES (288, 'user03');
INSERT INTO Transaction (trans_id, trans_date, trans_price, customer, vehicle_vin) VALUES ('289', '2023-02-06', 10551.19, (SELECT customer_id FROM Individual WHERE ssn = '531825735' UNION SELECT customer_id FROM Business WHERE tin = '531825735'), 'M1HFENPSVSL450248');
INSERT INTO Purchase (transactions, clerk, condition) VALUES (289, 'user15', 'Excellent');
INSERT INTO Transaction (trans_id, trans_date, trans_price, customer, vehicle_vin) VALUES ('290', '2023-02-06', 10551.19 * 1.25 + 1.10 * (SELECT COALESCE(SUM(unit_price * quantity), 0) FROM part WHERE vehicle_vin = 'M1HFENPSVSL450248'), (SELECT customer_id FROM Individual WHERE ssn = '531825735' UNION SELECT customer_id FROM Business WHERE tin = '531825735'), 'M1HFENPSVSL450248');
INSERT INTO Sale (transactions, salesperson) VALUES (290, 'user19');
INSERT INTO Transaction (trans_id, trans_date, trans_price, customer, vehicle_vin) VALUES ('291', '2023-06-29', 12758.92, (SELECT customer_id FROM Individual WHERE ssn = '778214839' UNION SELECT customer_id FROM Business WHERE tin = '778214839'), 'M1VVHWPORQR461359');
INSERT INTO Purchase (transactions, clerk, condition) VALUES (291, 'user11', 'Excellent');
INSERT INTO Transaction (trans_id, trans_date, trans_price, customer, vehicle_vin) VALUES ('292', '2023-06-29', 12758.92 * 1.25 + 1.10 * (SELECT COALESCE(SUM(unit_price * quantity), 0) FROM part WHERE vehicle_vin = 'M1VVHWPORQR461359'), (SELECT customer_id FROM Individual WHERE ssn = '778214839' UNION SELECT customer_id FROM Business WHERE tin = '778214839'), 'M1VVHWPORQR461359');
INSERT INTO Sale (transactions, salesperson) VALUES (292, 'user19');
INSERT INTO Transaction (trans_id, trans_date, trans_price, customer, vehicle_vin) VALUES ('293', '2022-10-11', 3480.58, (SELECT customer_id FROM Individual WHERE ssn = '672131657' UNION SELECT customer_id FROM Business WHERE tin = '672131657'), 'MD18NLSWMB4832949');
INSERT INTO Purchase (transactions, clerk, condition) VALUES (293, 'user10', 'Very Good');
INSERT INTO Transaction (trans_id, trans_date, trans_price, customer, vehicle_vin) VALUES ('294', '2022-10-11', 3480.58 * 1.25 + 1.10 * (SELECT COALESCE(SUM(unit_price * quantity), 0) FROM part WHERE vehicle_vin = 'MD18NLSWMB4832949'), (SELECT customer_id FROM Individual WHERE ssn = '672131657' UNION SELECT customer_id FROM Business WHERE tin = '672131657'), 'MD18NLSWMB4832949');
INSERT INTO Sale (transactions, salesperson) VALUES (294, 'user16');
INSERT INTO Transaction (trans_id, trans_date, trans_price, customer, vehicle_vin) VALUES ('295', '2023-03-12', 2159.58, (SELECT customer_id FROM Individual WHERE ssn = '965594555' UNION SELECT customer_id FROM Business WHERE tin = '965594555'), 'MFCEDCRIYU1438485');
INSERT INTO Purchase (transactions, clerk, condition) VALUES (295, 'user07', 'Excellent');
INSERT INTO Transaction (trans_id, trans_date, trans_price, customer, vehicle_vin) VALUES ('296', '2023-03-12', 2159.58 * 1.25 + 1.10 * (SELECT COALESCE(SUM(unit_price * quantity), 0) FROM part WHERE vehicle_vin = 'MFCEDCRIYU1438485'), (SELECT customer_id FROM Individual WHERE ssn = '965594555' UNION SELECT customer_id FROM Business WHERE tin = '965594555'), 'MFCEDCRIYU1438485');
INSERT INTO Sale (transactions, salesperson) VALUES (296, 'user04');
INSERT INTO Transaction (trans_id, trans_date, trans_price, customer, vehicle_vin) VALUES ('297', '2022-09-13', 5327.38, (SELECT customer_id FROM Individual WHERE ssn = '779146875' UNION SELECT customer_id FROM Business WHERE tin = '779146875'), 'MGIHKQRZQ3I865167');
INSERT INTO Purchase (transactions, clerk, condition) VALUES (297, 'user02', 'Very Good');
INSERT INTO Transaction (trans_id, trans_date, trans_price, customer, vehicle_vin) VALUES ('298', '2022-09-13', 5327.38 * 1.25 + 1.10 * (SELECT COALESCE(SUM(unit_price * quantity), 0) FROM part WHERE vehicle_vin = 'MGIHKQRZQ3I865167'), (SELECT customer_id FROM Individual WHERE ssn = '779146875' UNION SELECT customer_id FROM Business WHERE tin = '779146875'), 'MGIHKQRZQ3I865167');
INSERT INTO Sale (transactions, salesperson) VALUES (298, 'user06');
INSERT INTO Transaction (trans_id, trans_date, trans_price, customer, vehicle_vin) VALUES ('299', '2022-08-17', 1912.34, (SELECT customer_id FROM Individual WHERE ssn = '80-4908519' UNION SELECT customer_id FROM Business WHERE tin = '80-4908519'), 'MKBNHXQ0YCV993030');
INSERT INTO Purchase (transactions, clerk, condition) VALUES (299, 'user20', 'Good');
INSERT INTO Transaction (trans_id, trans_date, trans_price, customer, vehicle_vin) VALUES ('300', '2022-08-17', 1912.34 * 1.25 + 1.10 * (SELECT COALESCE(SUM(unit_price * quantity), 0) FROM part WHERE vehicle_vin = 'MKBNHXQ0YCV993030'), (SELECT customer_id FROM Individual WHERE ssn = '80-4908519' UNION SELECT customer_id FROM Business WHERE tin = '80-4908519'), 'MKBNHXQ0YCV993030');
INSERT INTO Sale (transactions, salesperson) VALUES (300, 'owner');
INSERT INTO Transaction (trans_id, trans_date, trans_price, customer, vehicle_vin) VALUES ('301', '2023-04-15', 19135.73, (SELECT customer_id FROM Individual WHERE ssn = '67-7936515' UNION SELECT customer_id FROM Business WHERE tin = '67-7936515'), 'MLQIF1Z0TMV429595');
INSERT INTO Purchase (transactions, clerk, condition) VALUES (301, 'user07', 'Excellent');
INSERT INTO Transaction (trans_id, trans_date, trans_price, customer, vehicle_vin) VALUES ('302', '2023-04-15', 19135.73 * 1.25 + 1.10 * (SELECT COALESCE(SUM(unit_price * quantity), 0) FROM part WHERE vehicle_vin = 'MLQIF1Z0TMV429595'), (SELECT customer_id FROM Individual WHERE ssn = '67-7936515' UNION SELECT customer_id FROM Business WHERE tin = '67-7936515'), 'MLQIF1Z0TMV429595');
INSERT INTO Sale (transactions, salesperson) VALUES (302, 'user23');
INSERT INTO Transaction (trans_id, trans_date, trans_price, customer, vehicle_vin) VALUES ('303', '2023-06-24', 5513.42, (SELECT customer_id FROM Individual WHERE ssn = '977074594' UNION SELECT customer_id FROM Business WHERE tin = '977074594'), 'MO22767RXSI895117');
INSERT INTO Purchase (transactions, clerk, condition) VALUES (303, 'owner', 'Fair');
INSERT INTO Transaction (trans_id, trans_date, trans_price, customer, vehicle_vin) VALUES ('304', '2023-06-24', 5513.42 * 1.25 + 1.10 * (SELECT COALESCE(SUM(unit_price * quantity), 0) FROM part WHERE vehicle_vin = 'MO22767RXSI895117'), (SELECT customer_id FROM Individual WHERE ssn = '977074594' UNION SELECT customer_id FROM Business WHERE tin = '977074594'), 'MO22767RXSI895117');
INSERT INTO Sale (transactions, salesperson) VALUES (304, 'user16');
INSERT INTO Transaction (trans_id, trans_date, trans_price, customer, vehicle_vin) VALUES ('305', '2023-02-13', 16163.48, (SELECT customer_id FROM Individual WHERE ssn = '585189026' UNION SELECT customer_id FROM Business WHERE tin = '585189026'), 'MQY15YFZ5CB825109');
INSERT INTO Purchase (transactions, clerk, condition) VALUES (305, 'user07', 'Good');
INSERT INTO Transaction (trans_id, trans_date, trans_price, customer, vehicle_vin) VALUES ('306', '2022-09-17', 4229.97, (SELECT customer_id FROM Individual WHERE ssn = '980497412' UNION SELECT customer_id FROM Business WHERE tin = '980497412'), 'MXQN4LATRKB695732');
INSERT INTO Purchase (transactions, clerk, condition) VALUES (306, 'user24', 'Excellent');
INSERT INTO Transaction (trans_id, trans_date, trans_price, customer, vehicle_vin) VALUES ('307', '2023-06-25', 13549.32, (SELECT customer_id FROM Individual WHERE ssn = '307192832' UNION SELECT customer_id FROM Business WHERE tin = '307192832'), 'N5NZQJ4VDI0775398');
INSERT INTO Purchase (transactions, clerk, condition) VALUES (307, 'user07', 'Excellent');
INSERT INTO Transaction (trans_id, trans_date, trans_price, customer, vehicle_vin) VALUES ('308', '2023-06-25', 13549.32 * 1.25 + 1.10 * (SELECT COALESCE(SUM(unit_price * quantity), 0) FROM part WHERE vehicle_vin = 'N5NZQJ4VDI0775398'), (SELECT customer_id FROM Individual WHERE ssn = '307192832' UNION SELECT customer_id FROM Business WHERE tin = '307192832'), 'N5NZQJ4VDI0775398');
INSERT INTO Sale (transactions, salesperson) VALUES (308, 'user16');
INSERT INTO Transaction (trans_id, trans_date, trans_price, customer, vehicle_vin) VALUES ('309', '2023-01-05', 3088.32, (SELECT customer_id FROM Individual WHERE ssn = '510679263' UNION SELECT customer_id FROM Business WHERE tin = '510679263'), 'N6N74WLAP33523834');
INSERT INTO Purchase (transactions, clerk, condition) VALUES (309, 'user24', 'Fair');
INSERT INTO Transaction (trans_id, trans_date, trans_price, customer, vehicle_vin) VALUES ('310', '2023-01-05', 3088.32 * 1.25 + 1.10 * (SELECT COALESCE(SUM(unit_price * quantity), 0) FROM part WHERE vehicle_vin = 'N6N74WLAP33523834'), (SELECT customer_id FROM Individual WHERE ssn = '510679263' UNION SELECT customer_id FROM Business WHERE tin = '510679263'), 'N6N74WLAP33523834');
INSERT INTO Sale (transactions, salesperson) VALUES (310, 'user16');
INSERT INTO Transaction (trans_id, trans_date, trans_price, customer, vehicle_vin) VALUES ('311', '2023-08-20', 8082.19, (SELECT customer_id FROM Individual WHERE ssn = '725273337' UNION SELECT customer_id FROM Business WHERE tin = '725273337'), 'N6SHU6PIZHU230217');
INSERT INTO Purchase (transactions, clerk, condition) VALUES (311, 'user15', 'Good');
INSERT INTO Transaction (trans_id, trans_date, trans_price, customer, vehicle_vin) VALUES ('312', '2023-08-20', 8082.19 * 1.25 + 1.10 * (SELECT COALESCE(SUM(unit_price * quantity), 0) FROM part WHERE vehicle_vin = 'N6SHU6PIZHU230217'), (SELECT customer_id FROM Individual WHERE ssn = '725273337' UNION SELECT customer_id FROM Business WHERE tin = '725273337'), 'N6SHU6PIZHU230217');
INSERT INTO Sale (transactions, salesperson) VALUES (312, 'user04');
INSERT INTO Transaction (trans_id, trans_date, trans_price, customer, vehicle_vin) VALUES ('313', '2023-06-14', 2636.21, (SELECT customer_id FROM Individual WHERE ssn = '159645355' UNION SELECT customer_id FROM Business WHERE tin = '159645355'), 'N7Z650PTGIP247286');
INSERT INTO Purchase (transactions, clerk, condition) VALUES (313, 'owner', 'Fair');
INSERT INTO Transaction (trans_id, trans_date, trans_price, customer, vehicle_vin) VALUES ('314', '2023-06-14', 2636.21 * 1.25 + 1.10 * (SELECT COALESCE(SUM(unit_price * quantity), 0) FROM part WHERE vehicle_vin = 'N7Z650PTGIP247286'), (SELECT customer_id FROM Individual WHERE ssn = '159645355' UNION SELECT customer_id FROM Business WHERE tin = '159645355'), 'N7Z650PTGIP247286');
INSERT INTO Sale (transactions, salesperson) VALUES (314, 'user23');
INSERT INTO Transaction (trans_id, trans_date, trans_price, customer, vehicle_vin) VALUES ('315', '2023-04-11', 2417.00, (SELECT customer_id FROM Individual WHERE ssn = '00-6502052' UNION SELECT customer_id FROM Business WHERE tin = '00-6502052'), 'NEWE3K53GY7625960');
INSERT INTO Purchase (transactions, clerk, condition) VALUES (315, 'user07', 'Very Good');
INSERT INTO Transaction (trans_id, trans_date, trans_price, customer, vehicle_vin) VALUES ('316', '2023-07-22', 10455.70, (SELECT customer_id FROM Individual WHERE ssn = '71-2329540' UNION SELECT customer_id FROM Business WHERE tin = '71-2329540'), 'NG2R81BAMWW204013');
INSERT INTO Purchase (transactions, clerk, condition) VALUES (316, 'user24', 'Very Good');
INSERT INTO Transaction (trans_id, trans_date, trans_price, customer, vehicle_vin) VALUES ('317', '2023-07-22', 10455.70 * 1.25 + 1.10 * (SELECT COALESCE(SUM(unit_price * quantity), 0) FROM part WHERE vehicle_vin = 'NG2R81BAMWW204013'), (SELECT customer_id FROM Individual WHERE ssn = '71-2329540' UNION SELECT customer_id FROM Business WHERE tin = '71-2329540'), 'NG2R81BAMWW204013');
INSERT INTO Sale (transactions, salesperson) VALUES (317, 'user25');
INSERT INTO Transaction (trans_id, trans_date, trans_price, customer, vehicle_vin) VALUES ('318', '2023-02-15', 12009.36, (SELECT customer_id FROM Individual WHERE ssn = '89-5019355' UNION SELECT customer_id FROM Business WHERE tin = '89-5019355'), 'NR0UX0H7C2C321461');
INSERT INTO Purchase (transactions, clerk, condition) VALUES (318, 'user10', 'Fair');
INSERT INTO Transaction (trans_id, trans_date, trans_price, customer, vehicle_vin) VALUES ('319', '2023-02-15', 12009.36 * 1.25 + 1.10 * (SELECT COALESCE(SUM(unit_price * quantity), 0) FROM part WHERE vehicle_vin = 'NR0UX0H7C2C321461'), (SELECT customer_id FROM Individual WHERE ssn = '89-5019355' UNION SELECT customer_id FROM Business WHERE tin = '89-5019355'), 'NR0UX0H7C2C321461');
INSERT INTO Sale (transactions, salesperson) VALUES (319, 'user19');
INSERT INTO Transaction (trans_id, trans_date, trans_price, customer, vehicle_vin) VALUES ('320', '2022-10-01', 5800.05, (SELECT customer_id FROM Individual WHERE ssn = '746564763' UNION SELECT customer_id FROM Business WHERE tin = '746564763'), 'NR8MRVX5E8D221451');
INSERT INTO Purchase (transactions, clerk, condition) VALUES (320, 'user02', 'Good');
INSERT INTO Transaction (trans_id, trans_date, trans_price, customer, vehicle_vin) VALUES ('321', '2023-01-04', 2750.74, (SELECT customer_id FROM Individual WHERE ssn = '977074594' UNION SELECT customer_id FROM Business WHERE tin = '977074594'), 'NVE4BVYKKN4430875');
INSERT INTO Purchase (transactions, clerk, condition) VALUES (321, 'user05', 'Fair');
INSERT INTO Transaction (trans_id, trans_date, trans_price, customer, vehicle_vin) VALUES ('322', '2023-01-04', 2750.74 * 1.25 + 1.10 * (SELECT COALESCE(SUM(unit_price * quantity), 0) FROM part WHERE vehicle_vin = 'NVE4BVYKKN4430875'), (SELECT customer_id FROM Individual WHERE ssn = '977074594' UNION SELECT customer_id FROM Business WHERE tin = '977074594'), 'NVE4BVYKKN4430875');
INSERT INTO Sale (transactions, salesperson) VALUES (322, 'user25');
INSERT INTO Transaction (trans_id, trans_date, trans_price, customer, vehicle_vin) VALUES ('323', '2023-01-21', 1053.77, (SELECT customer_id FROM Individual WHERE ssn = '23-4661232' UNION SELECT customer_id FROM Business WHERE tin = '23-4661232'), 'OJ3FX6U8I0E468699');
INSERT INTO Purchase (transactions, clerk, condition) VALUES (323, 'user10', 'Excellent');
INSERT INTO Transaction (trans_id, trans_date, trans_price, customer, vehicle_vin) VALUES ('324', '2023-02-24', 3450.14, (SELECT customer_id FROM Individual WHERE ssn = '047228901' UNION SELECT customer_id FROM Business WHERE tin = '047228901'), 'OPBJWWEIHPI797081');
INSERT INTO Purchase (transactions, clerk, condition) VALUES (324, 'user07', 'Good');
INSERT INTO Transaction (trans_id, trans_date, trans_price, customer, vehicle_vin) VALUES ('325', '2023-02-24', 3450.14 * 1.25 + 1.10 * (SELECT COALESCE(SUM(unit_price * quantity), 0) FROM part WHERE vehicle_vin = 'OPBJWWEIHPI797081'), (SELECT customer_id FROM Individual WHERE ssn = '047228901' UNION SELECT customer_id FROM Business WHERE tin = '047228901'), 'OPBJWWEIHPI797081');
INSERT INTO Sale (transactions, salesperson) VALUES (325, 'user19');
INSERT INTO Transaction (trans_id, trans_date, trans_price, customer, vehicle_vin) VALUES ('326', '2023-03-07', 2330.50, (SELECT customer_id FROM Individual WHERE ssn = '874758244' UNION SELECT customer_id FROM Business WHERE tin = '874758244'), 'OQ11DGF6RTF163062');
INSERT INTO Purchase (transactions, clerk, condition) VALUES (326, 'user05', 'Fair');
INSERT INTO Transaction (trans_id, trans_date, trans_price, customer, vehicle_vin) VALUES ('327', '2022-11-28', 4427.73, (SELECT customer_id FROM Individual WHERE ssn = '52-6404326' UNION SELECT customer_id FROM Business WHERE tin = '52-6404326'), 'P6MQEVF1IQJ610623');
INSERT INTO Purchase (transactions, clerk, condition) VALUES (327, 'user18', 'Good');
INSERT INTO Transaction (trans_id, trans_date, trans_price, customer, vehicle_vin) VALUES ('328', '2022-11-28', 4427.73 * 1.25 + 1.10 * (SELECT COALESCE(SUM(unit_price * quantity), 0) FROM part WHERE vehicle_vin = 'P6MQEVF1IQJ610623'), (SELECT customer_id FROM Individual WHERE ssn = '52-6404326' UNION SELECT customer_id FROM Business WHERE tin = '52-6404326'), 'P6MQEVF1IQJ610623');
INSERT INTO Sale (transactions, salesperson) VALUES (328, 'user16');
INSERT INTO Transaction (trans_id, trans_date, trans_price, customer, vehicle_vin) VALUES ('329', '2023-06-20', 2271.55, (SELECT customer_id FROM Individual WHERE ssn = '45-7885161' UNION SELECT customer_id FROM Business WHERE tin = '45-7885161'), 'PBESRWYTH82112725');
INSERT INTO Purchase (transactions, clerk, condition) VALUES (329, 'user24', 'Very Good');
INSERT INTO Transaction (trans_id, trans_date, trans_price, customer, vehicle_vin) VALUES ('330', '2023-06-20', 2271.55 * 1.25 + 1.10 * (SELECT COALESCE(SUM(unit_price * quantity), 0) FROM part WHERE vehicle_vin = 'PBESRWYTH82112725'), (SELECT customer_id FROM Individual WHERE ssn = '45-7885161' UNION SELECT customer_id FROM Business WHERE tin = '45-7885161'), 'PBESRWYTH82112725');
INSERT INTO Sale (transactions, salesperson) VALUES (330, 'user23');
INSERT INTO Transaction (trans_id, trans_date, trans_price, customer, vehicle_vin) VALUES ('331', '2023-07-01', 5325.93, (SELECT customer_id FROM Individual WHERE ssn = '860241229' UNION SELECT customer_id FROM Business WHERE tin = '860241229'), 'PEFFRGBZ281543143');
INSERT INTO Purchase (transactions, clerk, condition) VALUES (331, 'user13', 'Good');
INSERT INTO Transaction (trans_id, trans_date, trans_price, customer, vehicle_vin) VALUES ('332', '2023-07-01', 5325.93 * 1.25 + 1.10 * (SELECT COALESCE(SUM(unit_price * quantity), 0) FROM part WHERE vehicle_vin = 'PEFFRGBZ281543143'), (SELECT customer_id FROM Individual WHERE ssn = '860241229' UNION SELECT customer_id FROM Business WHERE tin = '860241229'), 'PEFFRGBZ281543143');
INSERT INTO Sale (transactions, salesperson) VALUES (332, 'owner');
INSERT INTO Transaction (trans_id, trans_date, trans_price, customer, vehicle_vin) VALUES ('333', '2022-11-04', 4193.00, (SELECT customer_id FROM Individual WHERE ssn = '334676702' UNION SELECT customer_id FROM Business WHERE tin = '334676702'), 'PIA08DCAJZT422690');
INSERT INTO Purchase (transactions, clerk, condition) VALUES (333, 'user05', 'Excellent');
INSERT INTO Transaction (trans_id, trans_date, trans_price, customer, vehicle_vin) VALUES ('334', '2022-11-04', 4193.00 * 1.25 + 1.10 * (SELECT COALESCE(SUM(unit_price * quantity), 0) FROM part WHERE vehicle_vin = 'PIA08DCAJZT422690'), (SELECT customer_id FROM Individual WHERE ssn = '334676702' UNION SELECT customer_id FROM Business WHERE tin = '334676702'), 'PIA08DCAJZT422690');
INSERT INTO Sale (transactions, salesperson) VALUES (334, 'user23');
INSERT INTO Transaction (trans_id, trans_date, trans_price, customer, vehicle_vin) VALUES ('335', '2023-01-22', 13947.77, (SELECT customer_id FROM Individual WHERE ssn = '00-6502052' UNION SELECT customer_id FROM Business WHERE tin = '00-6502052'), 'PLT6LAJER3K107458');
INSERT INTO Purchase (transactions, clerk, condition) VALUES (335, 'user05', 'Fair');
INSERT INTO Transaction (trans_id, trans_date, trans_price, customer, vehicle_vin) VALUES ('336', '2023-01-22', 13947.77 * 1.25 + 1.10 * (SELECT COALESCE(SUM(unit_price * quantity), 0) FROM part WHERE vehicle_vin = 'PLT6LAJER3K107458'), (SELECT customer_id FROM Individual WHERE ssn = '00-6502052' UNION SELECT customer_id FROM Business WHERE tin = '00-6502052'), 'PLT6LAJER3K107458');
INSERT INTO Sale (transactions, salesperson) VALUES (336, 'user06');
INSERT INTO Transaction (trans_id, trans_date, trans_price, customer, vehicle_vin) VALUES ('337', '2022-08-01', 9118.35, (SELECT customer_id FROM Individual WHERE ssn = '334676702' UNION SELECT customer_id FROM Business WHERE tin = '334676702'), 'PPL8CACMUCW104005');
INSERT INTO Purchase (transactions, clerk, condition) VALUES (337, 'user17', 'Excellent');
INSERT INTO Transaction (trans_id, trans_date, trans_price, customer, vehicle_vin) VALUES ('338', '2022-11-13', 10231.69, (SELECT customer_id FROM Individual WHERE ssn = '575329711' UNION SELECT customer_id FROM Business WHERE tin = '575329711'), 'PPVYLZRPFEV326028');
INSERT INTO Purchase (transactions, clerk, condition) VALUES (338, 'user21', 'Very Good');
INSERT INTO Transaction (trans_id, trans_date, trans_price, customer, vehicle_vin) VALUES ('339', '2022-11-13', 10231.69 * 1.25 + 1.10 * (SELECT COALESCE(SUM(unit_price * quantity), 0) FROM part WHERE vehicle_vin = 'PPVYLZRPFEV326028'), (SELECT customer_id FROM Individual WHERE ssn = '575329711' UNION SELECT customer_id FROM Business WHERE tin = '575329711'), 'PPVYLZRPFEV326028');
INSERT INTO Sale (transactions, salesperson) VALUES (339, 'user19');
INSERT INTO Transaction (trans_id, trans_date, trans_price, customer, vehicle_vin) VALUES ('340', '2023-03-30', 5226.16, (SELECT customer_id FROM Individual WHERE ssn = '307192832' UNION SELECT customer_id FROM Business WHERE tin = '307192832'), 'PX3EBB0J75G953864');
INSERT INTO Purchase (transactions, clerk, condition) VALUES (340, 'user09', 'Excellent');
INSERT INTO Transaction (trans_id, trans_date, trans_price, customer, vehicle_vin) VALUES ('341', '2022-07-16', 10365.45, (SELECT customer_id FROM Individual WHERE ssn = '190151970' UNION SELECT customer_id FROM Business WHERE tin = '190151970'), 'PXCNI2OSD7O895646');
INSERT INTO Purchase (transactions, clerk, condition) VALUES (341, 'user15', 'Very Good');
INSERT INTO Transaction (trans_id, trans_date, trans_price, customer, vehicle_vin) VALUES ('342', '2022-07-16', 10365.45 * 1.25 + 1.10 * (SELECT COALESCE(SUM(unit_price * quantity), 0) FROM part WHERE vehicle_vin = 'PXCNI2OSD7O895646'), (SELECT customer_id FROM Individual WHERE ssn = '190151970' UNION SELECT customer_id FROM Business WHERE tin = '190151970'), 'PXCNI2OSD7O895646');
INSERT INTO Sale (transactions, salesperson) VALUES (342, 'user25');
INSERT INTO Transaction (trans_id, trans_date, trans_price, customer, vehicle_vin) VALUES ('343', '2023-02-17', 10396.33, (SELECT customer_id FROM Individual WHERE ssn = '003094340' UNION SELECT customer_id FROM Business WHERE tin = '003094340'), 'PYPAPD46NJL873425');
INSERT INTO Purchase (transactions, clerk, condition) VALUES (343, 'user18', 'Very Good');
INSERT INTO Transaction (trans_id, trans_date, trans_price, customer, vehicle_vin) VALUES ('344', '2023-02-17', 10396.33 * 1.25 + 1.10 * (SELECT COALESCE(SUM(unit_price * quantity), 0) FROM part WHERE vehicle_vin = 'PYPAPD46NJL873425'), (SELECT customer_id FROM Individual WHERE ssn = '003094340' UNION SELECT customer_id FROM Business WHERE tin = '003094340'), 'PYPAPD46NJL873425');
INSERT INTO Sale (transactions, salesperson) VALUES (344, 'user23');
INSERT INTO Transaction (trans_id, trans_date, trans_price, customer, vehicle_vin) VALUES ('345', '2023-01-30', 18331.93, (SELECT customer_id FROM Individual WHERE ssn = '80-4908519' UNION SELECT customer_id FROM Business WHERE tin = '80-4908519'), 'PZEF1VF3KOO767751');
INSERT INTO Purchase (transactions, clerk, condition) VALUES (345, 'user10', 'Very Good');
INSERT INTO Transaction (trans_id, trans_date, trans_price, customer, vehicle_vin) VALUES ('346', '2023-01-30', 18331.93 * 1.25 + 1.10 * (SELECT COALESCE(SUM(unit_price * quantity), 0) FROM part WHERE vehicle_vin = 'PZEF1VF3KOO767751'), (SELECT customer_id FROM Individual WHERE ssn = '80-4908519' UNION SELECT customer_id FROM Business WHERE tin = '80-4908519'), 'PZEF1VF3KOO767751');
INSERT INTO Sale (transactions, salesperson) VALUES (346, 'owner');
INSERT INTO Transaction (trans_id, trans_date, trans_price, customer, vehicle_vin) VALUES ('347', '2023-01-10', 2764.49, (SELECT customer_id FROM Individual WHERE ssn = '24-0171065' UNION SELECT customer_id FROM Business WHERE tin = '24-0171065'), 'PZF7JY7KVUR182613');
INSERT INTO Purchase (transactions, clerk, condition) VALUES (347, 'user05', 'Excellent');
INSERT INTO Transaction (trans_id, trans_date, trans_price, customer, vehicle_vin) VALUES ('348', '2023-06-07', 6245.25, (SELECT customer_id FROM Individual WHERE ssn = '087754715' UNION SELECT customer_id FROM Business WHERE tin = '087754715'), 'Q2P2LK1ILHI808826');
INSERT INTO Purchase (transactions, clerk, condition) VALUES (348, 'user05', 'Fair');
INSERT INTO Transaction (trans_id, trans_date, trans_price, customer, vehicle_vin) VALUES ('349', '2023-06-07', 6245.25 * 1.25 + 1.10 * (SELECT COALESCE(SUM(unit_price * quantity), 0) FROM part WHERE vehicle_vin = 'Q2P2LK1ILHI808826'), (SELECT customer_id FROM Individual WHERE ssn = '087754715' UNION SELECT customer_id FROM Business WHERE tin = '087754715'), 'Q2P2LK1ILHI808826');
INSERT INTO Sale (transactions, salesperson) VALUES (349, 'user03');
INSERT INTO Transaction (trans_id, trans_date, trans_price, customer, vehicle_vin) VALUES ('350', '2023-03-19', 3820.77, (SELECT customer_id FROM Individual WHERE ssn = '575054568' UNION SELECT customer_id FROM Business WHERE tin = '575054568'), 'Q60GMZWT47I158333');
INSERT INTO Purchase (transactions, clerk, condition) VALUES (350, 'user21', 'Excellent');
INSERT INTO Transaction (trans_id, trans_date, trans_price, customer, vehicle_vin) VALUES ('351', '2023-03-19', 3820.77 * 1.25 + 1.10 * (SELECT COALESCE(SUM(unit_price * quantity), 0) FROM part WHERE vehicle_vin = 'Q60GMZWT47I158333'), (SELECT customer_id FROM Individual WHERE ssn = '575054568' UNION SELECT customer_id FROM Business WHERE tin = '575054568'), 'Q60GMZWT47I158333');
INSERT INTO Sale (transactions, salesperson) VALUES (351, 'user16');
INSERT INTO Transaction (trans_id, trans_date, trans_price, customer, vehicle_vin) VALUES ('352', '2023-05-01', 2575.77, (SELECT customer_id FROM Individual WHERE ssn = '116667329' UNION SELECT customer_id FROM Business WHERE tin = '116667329'), 'Q7YZUDKENN4246098');
INSERT INTO Purchase (transactions, clerk, condition) VALUES (352, 'owner', 'Very Good');
INSERT INTO Transaction (trans_id, trans_date, trans_price, customer, vehicle_vin) VALUES ('353', '2022-08-02', 4082.22, (SELECT customer_id FROM Individual WHERE ssn = '89-1541922' UNION SELECT customer_id FROM Business WHERE tin = '89-1541922'), 'Q8DL7A5M6DW706622');
INSERT INTO Purchase (transactions, clerk, condition) VALUES (353, 'owner', 'Excellent');
INSERT INTO Transaction (trans_id, trans_date, trans_price, customer, vehicle_vin) VALUES ('354', '2022-08-02', 4082.22 * 1.25 + 1.10 * (SELECT COALESCE(SUM(unit_price * quantity), 0) FROM part WHERE vehicle_vin = 'Q8DL7A5M6DW706622'), (SELECT customer_id FROM Individual WHERE ssn = '89-1541922' UNION SELECT customer_id FROM Business WHERE tin = '89-1541922'), 'Q8DL7A5M6DW706622');
INSERT INTO Sale (transactions, salesperson) VALUES (354, 'user04');
INSERT INTO Transaction (trans_id, trans_date, trans_price, customer, vehicle_vin) VALUES ('355', '2022-11-12', 6876.32, (SELECT customer_id FROM Individual WHERE ssn = '022691032' UNION SELECT customer_id FROM Business WHERE tin = '022691032'), 'QEQSOYDPWY5042665');
INSERT INTO Purchase (transactions, clerk, condition) VALUES (355, 'user18', 'Excellent');
INSERT INTO Transaction (trans_id, trans_date, trans_price, customer, vehicle_vin) VALUES ('356', '2022-11-12', 6876.32 * 1.25 + 1.10 * (SELECT COALESCE(SUM(unit_price * quantity), 0) FROM part WHERE vehicle_vin = 'QEQSOYDPWY5042665'), (SELECT customer_id FROM Individual WHERE ssn = '022691032' UNION SELECT customer_id FROM Business WHERE tin = '022691032'), 'QEQSOYDPWY5042665');
INSERT INTO Sale (transactions, salesperson) VALUES (356, 'owner');
INSERT INTO Transaction (trans_id, trans_date, trans_price, customer, vehicle_vin) VALUES ('357', '2023-01-15', 9254.13, (SELECT customer_id FROM Individual WHERE ssn = '189578947' UNION SELECT customer_id FROM Business WHERE tin = '189578947'), 'QH3G5SMTWL1655432');
INSERT INTO Purchase (transactions, clerk, condition) VALUES (357, 'user09', 'Good');
INSERT INTO Transaction (trans_id, trans_date, trans_price, customer, vehicle_vin) VALUES ('358', '2023-01-15', 9254.13 * 1.25 + 1.10 * (SELECT COALESCE(SUM(unit_price * quantity), 0) FROM part WHERE vehicle_vin = 'QH3G5SMTWL1655432'), (SELECT customer_id FROM Individual WHERE ssn = '189578947' UNION SELECT customer_id FROM Business WHERE tin = '189578947'), 'QH3G5SMTWL1655432');
INSERT INTO Sale (transactions, salesperson) VALUES (358, 'user16');
INSERT INTO Transaction (trans_id, trans_date, trans_price, customer, vehicle_vin) VALUES ('359', '2023-07-09', 13629.67, (SELECT customer_id FROM Individual WHERE ssn = '510679263' UNION SELECT customer_id FROM Business WHERE tin = '510679263'), 'QHAPGD3YQSF045388');
INSERT INTO Purchase (transactions, clerk, condition) VALUES (359, 'user09', 'Very Good');
INSERT INTO Transaction (trans_id, trans_date, trans_price, customer, vehicle_vin) VALUES ('360', '2023-07-09', 13629.67 * 1.25 + 1.10 * (SELECT COALESCE(SUM(unit_price * quantity), 0) FROM part WHERE vehicle_vin = 'QHAPGD3YQSF045388'), (SELECT customer_id FROM Individual WHERE ssn = '510679263' UNION SELECT customer_id FROM Business WHERE tin = '510679263'), 'QHAPGD3YQSF045388');
INSERT INTO Sale (transactions, salesperson) VALUES (360, 'user23');
INSERT INTO Transaction (trans_id, trans_date, trans_price, customer, vehicle_vin) VALUES ('361', '2023-01-31', 7829.70, (SELECT customer_id FROM Individual WHERE ssn = '139932987' UNION SELECT customer_id FROM Business WHERE tin = '139932987'), 'QPWTK3WNUF0594711');
INSERT INTO Purchase (transactions, clerk, condition) VALUES (361, 'user20', 'Excellent');
INSERT INTO Transaction (trans_id, trans_date, trans_price, customer, vehicle_vin) VALUES ('362', '2023-01-31', 7829.70 * 1.25 + 1.10 * (SELECT COALESCE(SUM(unit_price * quantity), 0) FROM part WHERE vehicle_vin = 'QPWTK3WNUF0594711'), (SELECT customer_id FROM Individual WHERE ssn = '139932987' UNION SELECT customer_id FROM Business WHERE tin = '139932987'), 'QPWTK3WNUF0594711');
INSERT INTO Sale (transactions, salesperson) VALUES (362, 'user06');
INSERT INTO Transaction (trans_id, trans_date, trans_price, customer, vehicle_vin) VALUES ('363', '2023-04-23', 21188.26, (SELECT customer_id FROM Individual WHERE ssn = '072491401' UNION SELECT customer_id FROM Business WHERE tin = '072491401'), 'QRDJE8YRD8U529603');
INSERT INTO Purchase (transactions, clerk, condition) VALUES (363, 'user13', 'Excellent');
INSERT INTO Transaction (trans_id, trans_date, trans_price, customer, vehicle_vin) VALUES ('364', '2023-04-23', 21188.26 * 1.25 + 1.10 * (SELECT COALESCE(SUM(unit_price * quantity), 0) FROM part WHERE vehicle_vin = 'QRDJE8YRD8U529603'), (SELECT customer_id FROM Individual WHERE ssn = '072491401' UNION SELECT customer_id FROM Business WHERE tin = '072491401'), 'QRDJE8YRD8U529603');
INSERT INTO Sale (transactions, salesperson) VALUES (364, 'user03');
INSERT INTO Transaction (trans_id, trans_date, trans_price, customer, vehicle_vin) VALUES ('365', '2023-07-21', 7471.80, (SELECT customer_id FROM Individual WHERE ssn = '21-6554083' UNION SELECT customer_id FROM Business WHERE tin = '21-6554083'), 'QWJUBFUE74W190495');
INSERT INTO Purchase (transactions, clerk, condition) VALUES (365, 'user18', 'Good');
INSERT INTO Transaction (trans_id, trans_date, trans_price, customer, vehicle_vin) VALUES ('366', '2023-07-21', 7471.80 * 1.25 + 1.10 * (SELECT COALESCE(SUM(unit_price * quantity), 0) FROM part WHERE vehicle_vin = 'QWJUBFUE74W190495'), (SELECT customer_id FROM Individual WHERE ssn = '21-6554083' UNION SELECT customer_id FROM Business WHERE tin = '21-6554083'), 'QWJUBFUE74W190495');
INSERT INTO Sale (transactions, salesperson) VALUES (366, 'user16');
INSERT INTO Transaction (trans_id, trans_date, trans_price, customer, vehicle_vin) VALUES ('367', '2022-08-09', 5992.50, (SELECT customer_id FROM Individual WHERE ssn = '477077414' UNION SELECT customer_id FROM Business WHERE tin = '477077414'), 'R6O7MCNZEA0553701');
INSERT INTO Purchase (transactions, clerk, condition) VALUES (367, 'user10', 'Good');
INSERT INTO Transaction (trans_id, trans_date, trans_price, customer, vehicle_vin) VALUES ('368', '2022-08-09', 5992.50 * 1.25 + 1.10 * (SELECT COALESCE(SUM(unit_price * quantity), 0) FROM part WHERE vehicle_vin = 'R6O7MCNZEA0553701'), (SELECT customer_id FROM Individual WHERE ssn = '477077414' UNION SELECT customer_id FROM Business WHERE tin = '477077414'), 'R6O7MCNZEA0553701');
INSERT INTO Sale (transactions, salesperson) VALUES (368, 'user23');
INSERT INTO Transaction (trans_id, trans_date, trans_price, customer, vehicle_vin) VALUES ('369', '2023-01-06', 2460.82, (SELECT customer_id FROM Individual WHERE ssn = '945585317' UNION SELECT customer_id FROM Business WHERE tin = '945585317'), 'RBSQUJWFZ4A708786');
INSERT INTO Purchase (transactions, clerk, condition) VALUES (369, 'user20', 'Very Good');
INSERT INTO Transaction (trans_id, trans_date, trans_price, customer, vehicle_vin) VALUES ('370', '2023-01-06', 2460.82 * 1.25 + 1.10 * (SELECT COALESCE(SUM(unit_price * quantity), 0) FROM part WHERE vehicle_vin = 'RBSQUJWFZ4A708786'), (SELECT customer_id FROM Individual WHERE ssn = '945585317' UNION SELECT customer_id FROM Business WHERE tin = '945585317'), 'RBSQUJWFZ4A708786');
INSERT INTO Sale (transactions, salesperson) VALUES (370, 'user04');
INSERT INTO Transaction (trans_id, trans_date, trans_price, customer, vehicle_vin) VALUES ('371', '2022-10-19', 2495.28, (SELECT customer_id FROM Individual WHERE ssn = '629812240' UNION SELECT customer_id FROM Business WHERE tin = '629812240'), 'RCL5Y4CCCUM867263');
INSERT INTO Purchase (transactions, clerk, condition) VALUES (371, 'user10', 'Very Good');
INSERT INTO Transaction (trans_id, trans_date, trans_price, customer, vehicle_vin) VALUES ('372', '2022-10-19', 2495.28 * 1.25 + 1.10 * (SELECT COALESCE(SUM(unit_price * quantity), 0) FROM part WHERE vehicle_vin = 'RCL5Y4CCCUM867263'), (SELECT customer_id FROM Individual WHERE ssn = '629812240' UNION SELECT customer_id FROM Business WHERE tin = '629812240'), 'RCL5Y4CCCUM867263');
INSERT INTO Sale (transactions, salesperson) VALUES (372, 'user06');
INSERT INTO Transaction (trans_id, trans_date, trans_price, customer, vehicle_vin) VALUES ('373', '2023-01-09', 3575.33, (SELECT customer_id FROM Individual WHERE ssn = '500034298' UNION SELECT customer_id FROM Business WHERE tin = '500034298'), 'RJFS2TGCIQ3754282');
INSERT INTO Purchase (transactions, clerk, condition) VALUES (373, 'user11', 'Good');
INSERT INTO Transaction (trans_id, trans_date, trans_price, customer, vehicle_vin) VALUES ('374', '2023-07-10', 2281.52, (SELECT customer_id FROM Individual WHERE ssn = '566053758' UNION SELECT customer_id FROM Business WHERE tin = '566053758'), 'RLDE4ATQ47P565906');
INSERT INTO Purchase (transactions, clerk, condition) VALUES (374, 'user20', 'Excellent');
INSERT INTO Transaction (trans_id, trans_date, trans_price, customer, vehicle_vin) VALUES ('375', '2023-07-10', 2281.52 * 1.25 + 1.10 * (SELECT COALESCE(SUM(unit_price * quantity), 0) FROM part WHERE vehicle_vin = 'RLDE4ATQ47P565906'), (SELECT customer_id FROM Individual WHERE ssn = '566053758' UNION SELECT customer_id FROM Business WHERE tin = '566053758'), 'RLDE4ATQ47P565906');
INSERT INTO Sale (transactions, salesperson) VALUES (375, 'owner');
INSERT INTO Transaction (trans_id, trans_date, trans_price, customer, vehicle_vin) VALUES ('376', '2022-09-09', 5039.04, (SELECT customer_id FROM Individual WHERE ssn = '91-3927038' UNION SELECT customer_id FROM Business WHERE tin = '91-3927038'), 'RLRM7DYGMQU101483');
INSERT INTO Purchase (transactions, clerk, condition) VALUES (376, 'user21', 'Fair');
INSERT INTO Transaction (trans_id, trans_date, trans_price, customer, vehicle_vin) VALUES ('377', '2023-08-23', 12198.53, (SELECT customer_id FROM Individual WHERE ssn = '71-5402425' UNION SELECT customer_id FROM Business WHERE tin = '71-5402425'), 'RO4NPMLPRAU291778');
INSERT INTO Purchase (transactions, clerk, condition) VALUES (377, 'user07', 'Very Good');
INSERT INTO Transaction (trans_id, trans_date, trans_price, customer, vehicle_vin) VALUES ('378', '2023-08-23', 12198.53 * 1.25 + 1.10 * (SELECT COALESCE(SUM(unit_price * quantity), 0) FROM part WHERE vehicle_vin = 'RO4NPMLPRAU291778'), (SELECT customer_id FROM Individual WHERE ssn = '71-5402425' UNION SELECT customer_id FROM Business WHERE tin = '71-5402425'), 'RO4NPMLPRAU291778');
INSERT INTO Sale (transactions, salesperson) VALUES (378, 'user19');
INSERT INTO Transaction (trans_id, trans_date, trans_price, customer, vehicle_vin) VALUES ('379', '2023-06-12', 17853.42, (SELECT customer_id FROM Individual WHERE ssn = '904213466' UNION SELECT customer_id FROM Business WHERE tin = '904213466'), 'RQT7QTVEXT0674936');
INSERT INTO Purchase (transactions, clerk, condition) VALUES (379, 'user02', 'Excellent');
INSERT INTO Transaction (trans_id, trans_date, trans_price, customer, vehicle_vin) VALUES ('380', '2023-06-12', 17853.42 * 1.25 + 1.10 * (SELECT COALESCE(SUM(unit_price * quantity), 0) FROM part WHERE vehicle_vin = 'RQT7QTVEXT0674936'), (SELECT customer_id FROM Individual WHERE ssn = '904213466' UNION SELECT customer_id FROM Business WHERE tin = '904213466'), 'RQT7QTVEXT0674936');
INSERT INTO Sale (transactions, salesperson) VALUES (380, 'owner');
INSERT INTO Transaction (trans_id, trans_date, trans_price, customer, vehicle_vin) VALUES ('381', '2022-11-05', 10497.28, (SELECT customer_id FROM Individual WHERE ssn = '190151970' UNION SELECT customer_id FROM Business WHERE tin = '190151970'), 'RYY32CGB7QR718629');
INSERT INTO Purchase (transactions, clerk, condition) VALUES (381, 'user05', 'Good');
INSERT INTO Transaction (trans_id, trans_date, trans_price, customer, vehicle_vin) VALUES ('382', '2022-11-05', 10497.28 * 1.25 + 1.10 * (SELECT COALESCE(SUM(unit_price * quantity), 0) FROM part WHERE vehicle_vin = 'RYY32CGB7QR718629'), (SELECT customer_id FROM Individual WHERE ssn = '190151970' UNION SELECT customer_id FROM Business WHERE tin = '190151970'), 'RYY32CGB7QR718629');
INSERT INTO Sale (transactions, salesperson) VALUES (382, 'owner');
INSERT INTO Transaction (trans_id, trans_date, trans_price, customer, vehicle_vin) VALUES ('383', '2022-07-22', 3363.56, (SELECT customer_id FROM Individual WHERE ssn = '48-2042583' UNION SELECT customer_id FROM Business WHERE tin = '48-2042583'), 'S3OPBKGXWAZ659884');
INSERT INTO Purchase (transactions, clerk, condition) VALUES (383, 'user12', 'Very Good');
INSERT INTO Transaction (trans_id, trans_date, trans_price, customer, vehicle_vin) VALUES ('384', '2023-03-27', 8938.94, (SELECT customer_id FROM Individual WHERE ssn = '692263332' UNION SELECT customer_id FROM Business WHERE tin = '692263332'), 'SAK8I3JJ105230630');
INSERT INTO Purchase (transactions, clerk, condition) VALUES (384, 'owner', 'Good');
INSERT INTO Transaction (trans_id, trans_date, trans_price, customer, vehicle_vin) VALUES ('385', '2023-03-27', 8938.94 * 1.25 + 1.10 * (SELECT COALESCE(SUM(unit_price * quantity), 0) FROM part WHERE vehicle_vin = 'SAK8I3JJ105230630'), (SELECT customer_id FROM Individual WHERE ssn = '692263332' UNION SELECT customer_id FROM Business WHERE tin = '692263332'), 'SAK8I3JJ105230630');
INSERT INTO Sale (transactions, salesperson) VALUES (385, 'user03');
INSERT INTO Transaction (trans_id, trans_date, trans_price, customer, vehicle_vin) VALUES ('386', '2022-10-21', 1803.58, (SELECT customer_id FROM Individual WHERE ssn = '329866577' UNION SELECT customer_id FROM Business WHERE tin = '329866577'), 'SD2X8HRQ6LA547754');
INSERT INTO Purchase (transactions, clerk, condition) VALUES (386, 'user21', 'Fair');
INSERT INTO Transaction (trans_id, trans_date, trans_price, customer, vehicle_vin) VALUES ('387', '2022-10-21', 1803.58 * 1.25 + 1.10 * (SELECT COALESCE(SUM(unit_price * quantity), 0) FROM part WHERE vehicle_vin = 'SD2X8HRQ6LA547754'), (SELECT customer_id FROM Individual WHERE ssn = '329866577' UNION SELECT customer_id FROM Business WHERE tin = '329866577'), 'SD2X8HRQ6LA547754');
INSERT INTO Sale (transactions, salesperson) VALUES (387, 'user25');
INSERT INTO Transaction (trans_id, trans_date, trans_price, customer, vehicle_vin) VALUES ('388', '2023-07-31', 2199.26, (SELECT customer_id FROM Individual WHERE ssn = '694670985' UNION SELECT customer_id FROM Business WHERE tin = '694670985'), 'SDRDJVHRDEY589102');
INSERT INTO Purchase (transactions, clerk, condition) VALUES (388, 'user13', 'Very Good');
INSERT INTO Transaction (trans_id, trans_date, trans_price, customer, vehicle_vin) VALUES ('389', '2023-05-29', 5389.30, (SELECT customer_id FROM Individual WHERE ssn = '591437032' UNION SELECT customer_id FROM Business WHERE tin = '591437032'), 'SJTYF7S2DOK527698');
INSERT INTO Purchase (transactions, clerk, condition) VALUES (389, 'user11', 'Good');
INSERT INTO Transaction (trans_id, trans_date, trans_price, customer, vehicle_vin) VALUES ('390', '2023-04-18', 5374.60, (SELECT customer_id FROM Individual WHERE ssn = '938929270' UNION SELECT customer_id FROM Business WHERE tin = '938929270'), 'SR4SDAVQ7PE310529');
INSERT INTO Purchase (transactions, clerk, condition) VALUES (390, 'user24', 'Fair');
INSERT INTO Transaction (trans_id, trans_date, trans_price, customer, vehicle_vin) VALUES ('391', '2023-04-18', 5374.60 * 1.25 + 1.10 * (SELECT COALESCE(SUM(unit_price * quantity), 0) FROM part WHERE vehicle_vin = 'SR4SDAVQ7PE310529'), (SELECT customer_id FROM Individual WHERE ssn = '938929270' UNION SELECT customer_id FROM Business WHERE tin = '938929270'), 'SR4SDAVQ7PE310529');
INSERT INTO Sale (transactions, salesperson) VALUES (391, 'user06');
INSERT INTO Transaction (trans_id, trans_date, trans_price, customer, vehicle_vin) VALUES ('392', '2023-04-07', 17422.69, (SELECT customer_id FROM Individual WHERE ssn = '157634981' UNION SELECT customer_id FROM Business WHERE tin = '157634981'), 'T00X580HYD6011764');
INSERT INTO Purchase (transactions, clerk, condition) VALUES (392, 'user11', 'Very Good');
INSERT INTO Transaction (trans_id, trans_date, trans_price, customer, vehicle_vin) VALUES ('393', '2023-04-09', 2866.02, (SELECT customer_id FROM Individual WHERE ssn = '89-5019355' UNION SELECT customer_id FROM Business WHERE tin = '89-5019355'), 'T243JSSHR0A986592');
INSERT INTO Purchase (transactions, clerk, condition) VALUES (393, 'user12', 'Fair');
INSERT INTO Transaction (trans_id, trans_date, trans_price, customer, vehicle_vin) VALUES ('394', '2023-04-09', 2866.02 * 1.25 + 1.10 * (SELECT COALESCE(SUM(unit_price * quantity), 0) FROM part WHERE vehicle_vin = 'T243JSSHR0A986592'), (SELECT customer_id FROM Individual WHERE ssn = '89-5019355' UNION SELECT customer_id FROM Business WHERE tin = '89-5019355'), 'T243JSSHR0A986592');
INSERT INTO Sale (transactions, salesperson) VALUES (394, 'user23');
INSERT INTO Transaction (trans_id, trans_date, trans_price, customer, vehicle_vin) VALUES ('395', '2022-12-05', 4583.01, (SELECT customer_id FROM Individual WHERE ssn = '524692391' UNION SELECT customer_id FROM Business WHERE tin = '524692391'), 'T4ZU00SL0FM541576');
INSERT INTO Purchase (transactions, clerk, condition) VALUES (395, 'user02', 'Fair');
INSERT INTO Transaction (trans_id, trans_date, trans_price, customer, vehicle_vin) VALUES ('396', '2022-12-05', 4583.01 * 1.25 + 1.10 * (SELECT COALESCE(SUM(unit_price * quantity), 0) FROM part WHERE vehicle_vin = 'T4ZU00SL0FM541576'), (SELECT customer_id FROM Individual WHERE ssn = '524692391' UNION SELECT customer_id FROM Business WHERE tin = '524692391'), 'T4ZU00SL0FM541576');
INSERT INTO Sale (transactions, salesperson) VALUES (396, 'user19');
INSERT INTO Transaction (trans_id, trans_date, trans_price, customer, vehicle_vin) VALUES ('397', '2023-07-12', 11635.06, (SELECT customer_id FROM Individual WHERE ssn = '143539190' UNION SELECT customer_id FROM Business WHERE tin = '143539190'), 'T5C2LPXJ6EV337528');
INSERT INTO Purchase (transactions, clerk, condition) VALUES (397, 'user02', 'Good');
INSERT INTO Transaction (trans_id, trans_date, trans_price, customer, vehicle_vin) VALUES ('398', '2023-07-12', 11635.06 * 1.25 + 1.10 * (SELECT COALESCE(SUM(unit_price * quantity), 0) FROM part WHERE vehicle_vin = 'T5C2LPXJ6EV337528'), (SELECT customer_id FROM Individual WHERE ssn = '143539190' UNION SELECT customer_id FROM Business WHERE tin = '143539190'), 'T5C2LPXJ6EV337528');
INSERT INTO Sale (transactions, salesperson) VALUES (398, 'owner');
INSERT INTO Transaction (trans_id, trans_date, trans_price, customer, vehicle_vin) VALUES ('399', '2022-10-05', 5338.42, (SELECT customer_id FROM Individual WHERE ssn = '29-1505280' UNION SELECT customer_id FROM Business WHERE tin = '29-1505280'), 'T7QN0RYWNOR420799');
INSERT INTO Purchase (transactions, clerk, condition) VALUES (399, 'user09', 'Good');
INSERT INTO Transaction (trans_id, trans_date, trans_price, customer, vehicle_vin) VALUES ('400', '2022-12-15', 6739.98, (SELECT customer_id FROM Individual WHERE ssn = '17-0197151' UNION SELECT customer_id FROM Business WHERE tin = '17-0197151'), 'TC4853NNGV8281503');
INSERT INTO Purchase (transactions, clerk, condition) VALUES (400, 'user13', 'Good');
INSERT INTO Transaction (trans_id, trans_date, trans_price, customer, vehicle_vin) VALUES ('401', '2022-12-15', 6739.98 * 1.25 + 1.10 * (SELECT COALESCE(SUM(unit_price * quantity), 0) FROM part WHERE vehicle_vin = 'TC4853NNGV8281503'), (SELECT customer_id FROM Individual WHERE ssn = '17-0197151' UNION SELECT customer_id FROM Business WHERE tin = '17-0197151'), 'TC4853NNGV8281503');
INSERT INTO Sale (transactions, salesperson) VALUES (401, 'user04');
INSERT INTO Transaction (trans_id, trans_date, trans_price, customer, vehicle_vin) VALUES ('402', '2022-07-27', 10912.37, (SELECT customer_id FROM Individual WHERE ssn = '86-1158388' UNION SELECT customer_id FROM Business WHERE tin = '86-1158388'), 'TNKMV3WVVH4431089');
INSERT INTO Purchase (transactions, clerk, condition) VALUES (402, 'owner', 'Very Good');
INSERT INTO Transaction (trans_id, trans_date, trans_price, customer, vehicle_vin) VALUES ('403', '2022-07-27', 10912.37 * 1.25 + 1.10 * (SELECT COALESCE(SUM(unit_price * quantity), 0) FROM part WHERE vehicle_vin = 'TNKMV3WVVH4431089'), (SELECT customer_id FROM Individual WHERE ssn = '86-1158388' UNION SELECT customer_id FROM Business WHERE tin = '86-1158388'), 'TNKMV3WVVH4431089');
INSERT INTO Sale (transactions, salesperson) VALUES (403, 'user23');
INSERT INTO Transaction (trans_id, trans_date, trans_price, customer, vehicle_vin) VALUES ('404', '2022-09-19', 4199.62, (SELECT customer_id FROM Individual WHERE ssn = '17-1405708' UNION SELECT customer_id FROM Business WHERE tin = '17-1405708'), 'TPH6V84MCP2752251');
INSERT INTO Purchase (transactions, clerk, condition) VALUES (404, 'user18', 'Excellent');
INSERT INTO Transaction (trans_id, trans_date, trans_price, customer, vehicle_vin) VALUES ('405', '2022-09-19', 4199.62 * 1.25 + 1.10 * (SELECT COALESCE(SUM(unit_price * quantity), 0) FROM part WHERE vehicle_vin = 'TPH6V84MCP2752251'), (SELECT customer_id FROM Individual WHERE ssn = '17-1405708' UNION SELECT customer_id FROM Business WHERE tin = '17-1405708'), 'TPH6V84MCP2752251');
INSERT INTO Sale (transactions, salesperson) VALUES (405, 'user25');
INSERT INTO Transaction (trans_id, trans_date, trans_price, customer, vehicle_vin) VALUES ('406', '2022-07-19', 2028.17, (SELECT customer_id FROM Individual WHERE ssn = '416352320' UNION SELECT customer_id FROM Business WHERE tin = '416352320'), 'TSKEZMWTN2C772047');
INSERT INTO Purchase (transactions, clerk, condition) VALUES (406, 'user13', 'Excellent');
INSERT INTO Transaction (trans_id, trans_date, trans_price, customer, vehicle_vin) VALUES ('407', '2022-07-19', 2028.17 * 1.25 + 1.10 * (SELECT COALESCE(SUM(unit_price * quantity), 0) FROM part WHERE vehicle_vin = 'TSKEZMWTN2C772047'), (SELECT customer_id FROM Individual WHERE ssn = '416352320' UNION SELECT customer_id FROM Business WHERE tin = '416352320'), 'TSKEZMWTN2C772047');
INSERT INTO Sale (transactions, salesperson) VALUES (407, 'user04');
INSERT INTO Transaction (trans_id, trans_date, trans_price, customer, vehicle_vin) VALUES ('408', '2022-09-27', 9067.01, (SELECT customer_id FROM Individual WHERE ssn = '626322844' UNION SELECT customer_id FROM Business WHERE tin = '626322844'), 'TSZ1KL4E1GB345118');
INSERT INTO Purchase (transactions, clerk, condition) VALUES (408, 'user12', 'Good');
INSERT INTO Transaction (trans_id, trans_date, trans_price, customer, vehicle_vin) VALUES ('409', '2022-10-26', 2688.16, (SELECT customer_id FROM Individual WHERE ssn = '860241229' UNION SELECT customer_id FROM Business WHERE tin = '860241229'), 'TVGHAGV52ZK295053');
INSERT INTO Purchase (transactions, clerk, condition) VALUES (409, 'user21', 'Very Good');
INSERT INTO Transaction (trans_id, trans_date, trans_price, customer, vehicle_vin) VALUES ('410', '2022-10-26', 2688.16 * 1.25 + 1.10 * (SELECT COALESCE(SUM(unit_price * quantity), 0) FROM part WHERE vehicle_vin = 'TVGHAGV52ZK295053'), (SELECT customer_id FROM Individual WHERE ssn = '860241229' UNION SELECT customer_id FROM Business WHERE tin = '860241229'), 'TVGHAGV52ZK295053');
INSERT INTO Sale (transactions, salesperson) VALUES (410, 'owner');
INSERT INTO Transaction (trans_id, trans_date, trans_price, customer, vehicle_vin) VALUES ('411', '2023-08-20', 2647.96, (SELECT customer_id FROM Individual WHERE ssn = '977074594' UNION SELECT customer_id FROM Business WHERE tin = '977074594'), 'TWQZPGJM4DR331537');
INSERT INTO Purchase (transactions, clerk, condition) VALUES (411, 'user13', 'Good');
INSERT INTO Transaction (trans_id, trans_date, trans_price, customer, vehicle_vin) VALUES ('412', '2023-08-20', 2647.96 * 1.25 + 1.10 * (SELECT COALESCE(SUM(unit_price * quantity), 0) FROM part WHERE vehicle_vin = 'TWQZPGJM4DR331537'), (SELECT customer_id FROM Individual WHERE ssn = '977074594' UNION SELECT customer_id FROM Business WHERE tin = '977074594'), 'TWQZPGJM4DR331537');
INSERT INTO Sale (transactions, salesperson) VALUES (412, 'user04');
INSERT INTO Transaction (trans_id, trans_date, trans_price, customer, vehicle_vin) VALUES ('413', '2023-06-23', 3925.87, (SELECT customer_id FROM Individual WHERE ssn = '556570812' UNION SELECT customer_id FROM Business WHERE tin = '556570812'), 'U73PMGHR3NU905301');
INSERT INTO Purchase (transactions, clerk, condition) VALUES (413, 'user21', 'Very Good');
INSERT INTO Transaction (trans_id, trans_date, trans_price, customer, vehicle_vin) VALUES ('414', '2023-06-23', 3925.87 * 1.25 + 1.10 * (SELECT COALESCE(SUM(unit_price * quantity), 0) FROM part WHERE vehicle_vin = 'U73PMGHR3NU905301'), (SELECT customer_id FROM Individual WHERE ssn = '556570812' UNION SELECT customer_id FROM Business WHERE tin = '556570812'), 'U73PMGHR3NU905301');
INSERT INTO Sale (transactions, salesperson) VALUES (414, 'owner');
INSERT INTO Transaction (trans_id, trans_date, trans_price, customer, vehicle_vin) VALUES ('415', '2022-09-27', 2517.84, (SELECT customer_id FROM Individual WHERE ssn = '519824004' UNION SELECT customer_id FROM Business WHERE tin = '519824004'), 'U7IKYL8F8X4927973');
INSERT INTO Purchase (transactions, clerk, condition) VALUES (415, 'owner', 'Excellent');
INSERT INTO Transaction (trans_id, trans_date, trans_price, customer, vehicle_vin) VALUES ('416', '2022-09-27', 2517.84 * 1.25 + 1.10 * (SELECT COALESCE(SUM(unit_price * quantity), 0) FROM part WHERE vehicle_vin = 'U7IKYL8F8X4927973'), (SELECT customer_id FROM Individual WHERE ssn = '519824004' UNION SELECT customer_id FROM Business WHERE tin = '519824004'), 'U7IKYL8F8X4927973');
INSERT INTO Sale (transactions, salesperson) VALUES (416, 'user16');
INSERT INTO Transaction (trans_id, trans_date, trans_price, customer, vehicle_vin) VALUES ('417', '2023-04-30', 7477.74, (SELECT customer_id FROM Individual WHERE ssn = '18-0557460' UNION SELECT customer_id FROM Business WHERE tin = '18-0557460'), 'U7KH3BB3QF1504776');
INSERT INTO Purchase (transactions, clerk, condition) VALUES (417, 'user02', 'Excellent');
INSERT INTO Transaction (trans_id, trans_date, trans_price, customer, vehicle_vin) VALUES ('418', '2023-04-30', 7477.74 * 1.25 + 1.10 * (SELECT COALESCE(SUM(unit_price * quantity), 0) FROM part WHERE vehicle_vin = 'U7KH3BB3QF1504776'), (SELECT customer_id FROM Individual WHERE ssn = '18-0557460' UNION SELECT customer_id FROM Business WHERE tin = '18-0557460'), 'U7KH3BB3QF1504776');
INSERT INTO Sale (transactions, salesperson) VALUES (418, 'owner');
INSERT INTO Transaction (trans_id, trans_date, trans_price, customer, vehicle_vin) VALUES ('419', '2023-08-25', 4272.28, (SELECT customer_id FROM Individual WHERE ssn = '71-2329540' UNION SELECT customer_id FROM Business WHERE tin = '71-2329540'), 'U8EJ173KSZC747630');
INSERT INTO Purchase (transactions, clerk, condition) VALUES (419, 'user20', 'Good');
INSERT INTO Transaction (trans_id, trans_date, trans_price, customer, vehicle_vin) VALUES ('420', '2023-08-25', 4272.28 * 1.25 + 1.10 * (SELECT COALESCE(SUM(unit_price * quantity), 0) FROM part WHERE vehicle_vin = 'U8EJ173KSZC747630'), (SELECT customer_id FROM Individual WHERE ssn = '71-2329540' UNION SELECT customer_id FROM Business WHERE tin = '71-2329540'), 'U8EJ173KSZC747630');
INSERT INTO Sale (transactions, salesperson) VALUES (420, 'user25');
INSERT INTO Transaction (trans_id, trans_date, trans_price, customer, vehicle_vin) VALUES ('421', '2023-01-17', 12675.52, (SELECT customer_id FROM Individual WHERE ssn = '44-6640568' UNION SELECT customer_id FROM Business WHERE tin = '44-6640568'), 'UDE781XTUA1070992');
INSERT INTO Purchase (transactions, clerk, condition) VALUES (421, 'user09', 'Very Good');
INSERT INTO Transaction (trans_id, trans_date, trans_price, customer, vehicle_vin) VALUES ('422', '2023-01-17', 12675.52 * 1.25 + 1.10 * (SELECT COALESCE(SUM(unit_price * quantity), 0) FROM part WHERE vehicle_vin = 'UDE781XTUA1070992'), (SELECT customer_id FROM Individual WHERE ssn = '44-6640568' UNION SELECT customer_id FROM Business WHERE tin = '44-6640568'), 'UDE781XTUA1070992');
INSERT INTO Sale (transactions, salesperson) VALUES (422, 'user16');
INSERT INTO Transaction (trans_id, trans_date, trans_price, customer, vehicle_vin) VALUES ('423', '2022-08-24', 8076.92, (SELECT customer_id FROM Individual WHERE ssn = '168032201' UNION SELECT customer_id FROM Business WHERE tin = '168032201'), 'UHNJLMAYL3Z014146');
INSERT INTO Purchase (transactions, clerk, condition) VALUES (423, 'user10', 'Very Good');
INSERT INTO Transaction (trans_id, trans_date, trans_price, customer, vehicle_vin) VALUES ('424', '2022-08-24', 8076.92 * 1.25 + 1.10 * (SELECT COALESCE(SUM(unit_price * quantity), 0) FROM part WHERE vehicle_vin = 'UHNJLMAYL3Z014146'), (SELECT customer_id FROM Individual WHERE ssn = '168032201' UNION SELECT customer_id FROM Business WHERE tin = '168032201'), 'UHNJLMAYL3Z014146');
INSERT INTO Sale (transactions, salesperson) VALUES (424, 'user04');
INSERT INTO Transaction (trans_id, trans_date, trans_price, customer, vehicle_vin) VALUES ('425', '2022-11-29', 17269.62, (SELECT customer_id FROM Individual WHERE ssn = '804718897' UNION SELECT customer_id FROM Business WHERE tin = '804718897'), 'UJXTQIJ6PUG086494');
INSERT INTO Purchase (transactions, clerk, condition) VALUES (425, 'user05', 'Good');
INSERT INTO Transaction (trans_id, trans_date, trans_price, customer, vehicle_vin) VALUES ('426', '2022-11-29', 17269.62 * 1.25 + 1.10 * (SELECT COALESCE(SUM(unit_price * quantity), 0) FROM part WHERE vehicle_vin = 'UJXTQIJ6PUG086494'), (SELECT customer_id FROM Individual WHERE ssn = '804718897' UNION SELECT customer_id FROM Business WHERE tin = '804718897'), 'UJXTQIJ6PUG086494');
INSERT INTO Sale (transactions, salesperson) VALUES (426, 'user03');
INSERT INTO Transaction (trans_id, trans_date, trans_price, customer, vehicle_vin) VALUES ('427', '2022-10-20', 3882.11, (SELECT customer_id FROM Individual WHERE ssn = '626322844' UNION SELECT customer_id FROM Business WHERE tin = '626322844'), 'UOGYWMEC33D484399');
INSERT INTO Purchase (transactions, clerk, condition) VALUES (427, 'user18', 'Good');
INSERT INTO Transaction (trans_id, trans_date, trans_price, customer, vehicle_vin) VALUES ('428', '2022-10-20', 3882.11 * 1.25 + 1.10 * (SELECT COALESCE(SUM(unit_price * quantity), 0) FROM part WHERE vehicle_vin = 'UOGYWMEC33D484399'), (SELECT customer_id FROM Individual WHERE ssn = '626322844' UNION SELECT customer_id FROM Business WHERE tin = '626322844'), 'UOGYWMEC33D484399');
INSERT INTO Sale (transactions, salesperson) VALUES (428, 'owner');
INSERT INTO Transaction (trans_id, trans_date, trans_price, customer, vehicle_vin) VALUES ('429', '2023-06-05', 7768.02, (SELECT customer_id FROM Individual WHERE ssn = '489738648' UNION SELECT customer_id FROM Business WHERE tin = '489738648'), 'US6XUXEBB7J677669');
INSERT INTO Purchase (transactions, clerk, condition) VALUES (429, 'user02', 'Very Good');
INSERT INTO Transaction (trans_id, trans_date, trans_price, customer, vehicle_vin) VALUES ('430', '2022-11-24', 5883.79, (SELECT customer_id FROM Individual WHERE ssn = '00-3992833' UNION SELECT customer_id FROM Business WHERE tin = '00-3992833'), 'USQTBTRES6C396411');
INSERT INTO Purchase (transactions, clerk, condition) VALUES (430, 'user13', 'Fair');
INSERT INTO Transaction (trans_id, trans_date, trans_price, customer, vehicle_vin) VALUES ('431', '2022-08-05', 3415.04, (SELECT customer_id FROM Individual WHERE ssn = '410614165' UNION SELECT customer_id FROM Business WHERE tin = '410614165'), 'UYFIPOJKG8M784198');
INSERT INTO Purchase (transactions, clerk, condition) VALUES (431, 'user12', 'Very Good');
INSERT INTO Transaction (trans_id, trans_date, trans_price, customer, vehicle_vin) VALUES ('432', '2022-08-05', 3415.04 * 1.25 + 1.10 * (SELECT COALESCE(SUM(unit_price * quantity), 0) FROM part WHERE vehicle_vin = 'UYFIPOJKG8M784198'), (SELECT customer_id FROM Individual WHERE ssn = '410614165' UNION SELECT customer_id FROM Business WHERE tin = '410614165'), 'UYFIPOJKG8M784198');
INSERT INTO Sale (transactions, salesperson) VALUES (432, 'user04');
INSERT INTO Transaction (trans_id, trans_date, trans_price, customer, vehicle_vin) VALUES ('433', '2023-07-11', 22193.20, (SELECT customer_id FROM Individual WHERE ssn = '860241229' UNION SELECT customer_id FROM Business WHERE tin = '860241229'), 'UZ2261G58WF281968');
INSERT INTO Purchase (transactions, clerk, condition) VALUES (433, 'user02', 'Excellent');
INSERT INTO Transaction (trans_id, trans_date, trans_price, customer, vehicle_vin) VALUES ('434', '2023-07-02', 6224.90, (SELECT customer_id FROM Individual WHERE ssn = '303794079' UNION SELECT customer_id FROM Business WHERE tin = '303794079'), 'UZMOJESJGYB516120');
INSERT INTO Purchase (transactions, clerk, condition) VALUES (434, 'user15', 'Fair');
INSERT INTO Transaction (trans_id, trans_date, trans_price, customer, vehicle_vin) VALUES ('435', '2023-07-02', 6224.90 * 1.25 + 1.10 * (SELECT COALESCE(SUM(unit_price * quantity), 0) FROM part WHERE vehicle_vin = 'UZMOJESJGYB516120'), (SELECT customer_id FROM Individual WHERE ssn = '303794079' UNION SELECT customer_id FROM Business WHERE tin = '303794079'), 'UZMOJESJGYB516120');
INSERT INTO Sale (transactions, salesperson) VALUES (435, 'user03');
INSERT INTO Transaction (trans_id, trans_date, trans_price, customer, vehicle_vin) VALUES ('436', '2023-08-13', 2012.46, (SELECT customer_id FROM Individual WHERE ssn = '613205626' UNION SELECT customer_id FROM Business WHERE tin = '613205626'), 'V1NVZM13MTZ321642');
INSERT INTO Purchase (transactions, clerk, condition) VALUES (436, 'user20', 'Fair');
INSERT INTO Transaction (trans_id, trans_date, trans_price, customer, vehicle_vin) VALUES ('437', '2023-08-13', 2012.46 * 1.25 + 1.10 * (SELECT COALESCE(SUM(unit_price * quantity), 0) FROM part WHERE vehicle_vin = 'V1NVZM13MTZ321642'), (SELECT customer_id FROM Individual WHERE ssn = '613205626' UNION SELECT customer_id FROM Business WHERE tin = '613205626'), 'V1NVZM13MTZ321642');
INSERT INTO Sale (transactions, salesperson) VALUES (437, 'owner');
INSERT INTO Transaction (trans_id, trans_date, trans_price, customer, vehicle_vin) VALUES ('438', '2023-02-27', 8244.89, (SELECT customer_id FROM Individual WHERE ssn = '55-6187762' UNION SELECT customer_id FROM Business WHERE tin = '55-6187762'), 'VLYSREO4D36135371');
INSERT INTO Purchase (transactions, clerk, condition) VALUES (438, 'user15', 'Excellent');
INSERT INTO Transaction (trans_id, trans_date, trans_price, customer, vehicle_vin) VALUES ('439', '2023-02-27', 8244.89 * 1.25 + 1.10 * (SELECT COALESCE(SUM(unit_price * quantity), 0) FROM part WHERE vehicle_vin = 'VLYSREO4D36135371'), (SELECT customer_id FROM Individual WHERE ssn = '55-6187762' UNION SELECT customer_id FROM Business WHERE tin = '55-6187762'), 'VLYSREO4D36135371');
INSERT INTO Sale (transactions, salesperson) VALUES (439, 'user23');
INSERT INTO Transaction (trans_id, trans_date, trans_price, customer, vehicle_vin) VALUES ('440', '2023-07-16', 7443.52, (SELECT customer_id FROM Individual WHERE ssn = '64-3263338' UNION SELECT customer_id FROM Business WHERE tin = '64-3263338'), 'VMHK0HNQTW3691881');
INSERT INTO Purchase (transactions, clerk, condition) VALUES (440, 'user15', 'Excellent');
INSERT INTO Transaction (trans_id, trans_date, trans_price, customer, vehicle_vin) VALUES ('441', '2023-01-09', 8021.99, (SELECT customer_id FROM Individual WHERE ssn = '190389930' UNION SELECT customer_id FROM Business WHERE tin = '190389930'), 'VWF36GH8UML053642');
INSERT INTO Purchase (transactions, clerk, condition) VALUES (441, 'user02', 'Fair');
INSERT INTO Transaction (trans_id, trans_date, trans_price, customer, vehicle_vin) VALUES ('442', '2023-01-09', 8021.99 * 1.25 + 1.10 * (SELECT COALESCE(SUM(unit_price * quantity), 0) FROM part WHERE vehicle_vin = 'VWF36GH8UML053642'), (SELECT customer_id FROM Individual WHERE ssn = '190389930' UNION SELECT customer_id FROM Business WHERE tin = '190389930'), 'VWF36GH8UML053642');
INSERT INTO Sale (transactions, salesperson) VALUES (442, 'user06');
INSERT INTO Transaction (trans_id, trans_date, trans_price, customer, vehicle_vin) VALUES ('443', '2022-07-09', 7970.48, (SELECT customer_id FROM Individual WHERE ssn = '061387114' UNION SELECT customer_id FROM Business WHERE tin = '061387114'), 'VZJVASAMKKS604221');
INSERT INTO Purchase (transactions, clerk, condition) VALUES (443, 'user09', 'Excellent');
INSERT INTO Transaction (trans_id, trans_date, trans_price, customer, vehicle_vin) VALUES ('444', '2022-07-09', 7970.48 * 1.25 + 1.10 * (SELECT COALESCE(SUM(unit_price * quantity), 0) FROM part WHERE vehicle_vin = 'VZJVASAMKKS604221'), (SELECT customer_id FROM Individual WHERE ssn = '061387114' UNION SELECT customer_id FROM Business WHERE tin = '061387114'), 'VZJVASAMKKS604221');
INSERT INTO Sale (transactions, salesperson) VALUES (444, 'user03');
INSERT INTO Transaction (trans_id, trans_date, trans_price, customer, vehicle_vin) VALUES ('445', '2023-02-26', 9020.52, (SELECT customer_id FROM Individual WHERE ssn = '68-5291728' UNION SELECT customer_id FROM Business WHERE tin = '68-5291728'), 'W2TZ8TM4KYP471843');
INSERT INTO Purchase (transactions, clerk, condition) VALUES (445, 'user21', 'Excellent');
INSERT INTO Transaction (trans_id, trans_date, trans_price, customer, vehicle_vin) VALUES ('446', '2023-02-26', 9020.52 * 1.25 + 1.10 * (SELECT COALESCE(SUM(unit_price * quantity), 0) FROM part WHERE vehicle_vin = 'W2TZ8TM4KYP471843'), (SELECT customer_id FROM Individual WHERE ssn = '68-5291728' UNION SELECT customer_id FROM Business WHERE tin = '68-5291728'), 'W2TZ8TM4KYP471843');
INSERT INTO Sale (transactions, salesperson) VALUES (446, 'user03');
INSERT INTO Transaction (trans_id, trans_date, trans_price, customer, vehicle_vin) VALUES ('447', '2023-06-22', 15649.78, (SELECT customer_id FROM Individual WHERE ssn = '633816225' UNION SELECT customer_id FROM Business WHERE tin = '633816225'), 'W53DF32ONVV569395');
INSERT INTO Purchase (transactions, clerk, condition) VALUES (447, 'user17', 'Good');
INSERT INTO Transaction (trans_id, trans_date, trans_price, customer, vehicle_vin) VALUES ('448', '2023-06-22', 15649.78 * 1.25 + 1.10 * (SELECT COALESCE(SUM(unit_price * quantity), 0) FROM part WHERE vehicle_vin = 'W53DF32ONVV569395'), (SELECT customer_id FROM Individual WHERE ssn = '633816225' UNION SELECT customer_id FROM Business WHERE tin = '633816225'), 'W53DF32ONVV569395');
INSERT INTO Sale (transactions, salesperson) VALUES (448, 'user04');
INSERT INTO Transaction (trans_id, trans_date, trans_price, customer, vehicle_vin) VALUES ('449', '2023-02-16', 1757.86, (SELECT customer_id FROM Individual WHERE ssn = '303794079' UNION SELECT customer_id FROM Business WHERE tin = '303794079'), 'WA73P2TB0BO402832');
INSERT INTO Purchase (transactions, clerk, condition) VALUES (449, 'user21', 'Excellent');
INSERT INTO Transaction (trans_id, trans_date, trans_price, customer, vehicle_vin) VALUES ('450', '2023-02-16', 1757.86 * 1.25 + 1.10 * (SELECT COALESCE(SUM(unit_price * quantity), 0) FROM part WHERE vehicle_vin = 'WA73P2TB0BO402832'), (SELECT customer_id FROM Individual WHERE ssn = '303794079' UNION SELECT customer_id FROM Business WHERE tin = '303794079'), 'WA73P2TB0BO402832');
INSERT INTO Sale (transactions, salesperson) VALUES (450, 'user23');
INSERT INTO Transaction (trans_id, trans_date, trans_price, customer, vehicle_vin) VALUES ('451', '2022-12-23', 5320.60, (SELECT customer_id FROM Individual WHERE ssn = '649248115' UNION SELECT customer_id FROM Business WHERE tin = '649248115'), 'WBMXRC0KFEQ531154');
INSERT INTO Purchase (transactions, clerk, condition) VALUES (451, 'user09', 'Excellent');
INSERT INTO Transaction (trans_id, trans_date, trans_price, customer, vehicle_vin) VALUES ('452', '2022-12-23', 5320.60 * 1.25 + 1.10 * (SELECT COALESCE(SUM(unit_price * quantity), 0) FROM part WHERE vehicle_vin = 'WBMXRC0KFEQ531154'), (SELECT customer_id FROM Individual WHERE ssn = '649248115' UNION SELECT customer_id FROM Business WHERE tin = '649248115'), 'WBMXRC0KFEQ531154');
INSERT INTO Sale (transactions, salesperson) VALUES (452, 'user16');
INSERT INTO Transaction (trans_id, trans_date, trans_price, customer, vehicle_vin) VALUES ('453', '2022-12-31', 18845.23, (SELECT customer_id FROM Individual WHERE ssn = '626322844' UNION SELECT customer_id FROM Business WHERE tin = '626322844'), 'WJFKT6K3CDS809623');
INSERT INTO Purchase (transactions, clerk, condition) VALUES (453, 'user18', 'Excellent');
INSERT INTO Transaction (trans_id, trans_date, trans_price, customer, vehicle_vin) VALUES ('454', '2022-12-31', 18845.23 * 1.25 + 1.10 * (SELECT COALESCE(SUM(unit_price * quantity), 0) FROM part WHERE vehicle_vin = 'WJFKT6K3CDS809623'), (SELECT customer_id FROM Individual WHERE ssn = '626322844' UNION SELECT customer_id FROM Business WHERE tin = '626322844'), 'WJFKT6K3CDS809623');
INSERT INTO Sale (transactions, salesperson) VALUES (454, 'user19');
INSERT INTO Transaction (trans_id, trans_date, trans_price, customer, vehicle_vin) VALUES ('455', '2022-11-20', 14924.83, (SELECT customer_id FROM Individual WHERE ssn = '00-6502052' UNION SELECT customer_id FROM Business WHERE tin = '00-6502052'), 'WJN637K4U06642593');
INSERT INTO Purchase (transactions, clerk, condition) VALUES (455, 'user02', 'Excellent');
INSERT INTO Transaction (trans_id, trans_date, trans_price, customer, vehicle_vin) VALUES ('456', '2022-08-17', 4715.99, (SELECT customer_id FROM Individual WHERE ssn = '80-1084912' UNION SELECT customer_id FROM Business WHERE tin = '80-1084912'), 'WUD6UHNVINU339156');
INSERT INTO Purchase (transactions, clerk, condition) VALUES (456, 'user12', 'Good');
INSERT INTO Transaction (trans_id, trans_date, trans_price, customer, vehicle_vin) VALUES ('457', '2022-08-17', 4715.99 * 1.25 + 1.10 * (SELECT COALESCE(SUM(unit_price * quantity), 0) FROM part WHERE vehicle_vin = 'WUD6UHNVINU339156'), (SELECT customer_id FROM Individual WHERE ssn = '80-1084912' UNION SELECT customer_id FROM Business WHERE tin = '80-1084912'), 'WUD6UHNVINU339156');
INSERT INTO Sale (transactions, salesperson) VALUES (457, 'user23');
INSERT INTO Transaction (trans_id, trans_date, trans_price, customer, vehicle_vin) VALUES ('458', '2023-04-10', 2120.19, (SELECT customer_id FROM Individual WHERE ssn = '556570812' UNION SELECT customer_id FROM Business WHERE tin = '556570812'), 'WXATONNZWKV888088');
INSERT INTO Purchase (transactions, clerk, condition) VALUES (458, 'user24', 'Excellent');
INSERT INTO Transaction (trans_id, trans_date, trans_price, customer, vehicle_vin) VALUES ('459', '2023-02-02', 16385.13, (SELECT customer_id FROM Individual WHERE ssn = '977074594' UNION SELECT customer_id FROM Business WHERE tin = '977074594'), 'X5MLJ3CUPNB099293');
INSERT INTO Purchase (transactions, clerk, condition) VALUES (459, 'user18', 'Very Good');
INSERT INTO Transaction (trans_id, trans_date, trans_price, customer, vehicle_vin) VALUES ('460', '2023-02-02', 16385.13 * 1.25 + 1.10 * (SELECT COALESCE(SUM(unit_price * quantity), 0) FROM part WHERE vehicle_vin = 'X5MLJ3CUPNB099293'), (SELECT customer_id FROM Individual WHERE ssn = '977074594' UNION SELECT customer_id FROM Business WHERE tin = '977074594'), 'X5MLJ3CUPNB099293');
INSERT INTO Sale (transactions, salesperson) VALUES (460, 'user06');
INSERT INTO Transaction (trans_id, trans_date, trans_price, customer, vehicle_vin) VALUES ('461', '2023-03-17', 6968.70, (SELECT customer_id FROM Individual WHERE ssn = '416352320' UNION SELECT customer_id FROM Business WHERE tin = '416352320'), 'XCYACD0XN81334516');
INSERT INTO Purchase (transactions, clerk, condition) VALUES (461, 'user18', 'Fair');
INSERT INTO Transaction (trans_id, trans_date, trans_price, customer, vehicle_vin) VALUES ('462', '2022-12-19', 12267.03, (SELECT customer_id FROM Individual WHERE ssn = '934237940' UNION SELECT customer_id FROM Business WHERE tin = '934237940'), 'XEGBS0XOI2N387757');
INSERT INTO Purchase (transactions, clerk, condition) VALUES (462, 'owner', 'Excellent');
INSERT INTO Transaction (trans_id, trans_date, trans_price, customer, vehicle_vin) VALUES ('463', '2022-12-19', 12267.03 * 1.25 + 1.10 * (SELECT COALESCE(SUM(unit_price * quantity), 0) FROM part WHERE vehicle_vin = 'XEGBS0XOI2N387757'), (SELECT customer_id FROM Individual WHERE ssn = '934237940' UNION SELECT customer_id FROM Business WHERE tin = '934237940'), 'XEGBS0XOI2N387757');
INSERT INTO Sale (transactions, salesperson) VALUES (463, 'user06');
INSERT INTO Transaction (trans_id, trans_date, trans_price, customer, vehicle_vin) VALUES ('464', '2023-04-05', 8488.70, (SELECT customer_id FROM Individual WHERE ssn = '101246549' UNION SELECT customer_id FROM Business WHERE tin = '101246549'), 'XFZA0H1LN1P361906');
INSERT INTO Purchase (transactions, clerk, condition) VALUES (464, 'owner', 'Fair');
INSERT INTO Transaction (trans_id, trans_date, trans_price, customer, vehicle_vin) VALUES ('465', '2023-04-05', 8488.70 * 1.25 + 1.10 * (SELECT COALESCE(SUM(unit_price * quantity), 0) FROM part WHERE vehicle_vin = 'XFZA0H1LN1P361906'), (SELECT customer_id FROM Individual WHERE ssn = '101246549' UNION SELECT customer_id FROM Business WHERE tin = '101246549'), 'XFZA0H1LN1P361906');
INSERT INTO Sale (transactions, salesperson) VALUES (465, 'owner');
INSERT INTO Transaction (trans_id, trans_date, trans_price, customer, vehicle_vin) VALUES ('466', '2022-10-19', 5095.13, (SELECT customer_id FROM Individual WHERE ssn = '147820188' UNION SELECT customer_id FROM Business WHERE tin = '147820188'), 'XLQBDQWBZDN084612');
INSERT INTO Purchase (transactions, clerk, condition) VALUES (466, 'user05', 'Very Good');
INSERT INTO Transaction (trans_id, trans_date, trans_price, customer, vehicle_vin) VALUES ('467', '2022-10-20', 4010.47, (SELECT customer_id FROM Individual WHERE ssn = '977074594' UNION SELECT customer_id FROM Business WHERE tin = '977074594'), 'XPUC8ERWM0W803922');
INSERT INTO Purchase (transactions, clerk, condition) VALUES (467, 'user21', 'Fair');
INSERT INTO Transaction (trans_id, trans_date, trans_price, customer, vehicle_vin) VALUES ('468', '2022-10-20', 4010.47 * 1.25 + 1.10 * (SELECT COALESCE(SUM(unit_price * quantity), 0) FROM part WHERE vehicle_vin = 'XPUC8ERWM0W803922'), (SELECT customer_id FROM Individual WHERE ssn = '977074594' UNION SELECT customer_id FROM Business WHERE tin = '977074594'), 'XPUC8ERWM0W803922');
INSERT INTO Sale (transactions, salesperson) VALUES (468, 'user16');
INSERT INTO Transaction (trans_id, trans_date, trans_price, customer, vehicle_vin) VALUES ('469', '2023-02-07', 6321.07, (SELECT customer_id FROM Individual WHERE ssn = '694670985' UNION SELECT customer_id FROM Business WHERE tin = '694670985'), 'Y033F7MCLW5266860');
INSERT INTO Purchase (transactions, clerk, condition) VALUES (469, 'user07', 'Good');
INSERT INTO Transaction (trans_id, trans_date, trans_price, customer, vehicle_vin) VALUES ('470', '2023-02-07', 6321.07 * 1.25 + 1.10 * (SELECT COALESCE(SUM(unit_price * quantity), 0) FROM part WHERE vehicle_vin = 'Y033F7MCLW5266860'), (SELECT customer_id FROM Individual WHERE ssn = '694670985' UNION SELECT customer_id FROM Business WHERE tin = '694670985'), 'Y033F7MCLW5266860');
INSERT INTO Sale (transactions, salesperson) VALUES (470, 'user16');
INSERT INTO Transaction (trans_id, trans_date, trans_price, customer, vehicle_vin) VALUES ('471', '2022-07-08', 3366.52, (SELECT customer_id FROM Individual WHERE ssn = '725273337' UNION SELECT customer_id FROM Business WHERE tin = '725273337'), 'Y4M46JG6P4R842099');
INSERT INTO Purchase (transactions, clerk, condition) VALUES (471, 'user12', 'Very Good');
INSERT INTO Transaction (trans_id, trans_date, trans_price, customer, vehicle_vin) VALUES ('472', '2022-07-08', 3366.52 * 1.25 + 1.10 * (SELECT COALESCE(SUM(unit_price * quantity), 0) FROM part WHERE vehicle_vin = 'Y4M46JG6P4R842099'), (SELECT customer_id FROM Individual WHERE ssn = '725273337' UNION SELECT customer_id FROM Business WHERE tin = '725273337'), 'Y4M46JG6P4R842099');
INSERT INTO Sale (transactions, salesperson) VALUES (472, 'user25');
INSERT INTO Transaction (trans_id, trans_date, trans_price, customer, vehicle_vin) VALUES ('473', '2022-09-12', 5633.47, (SELECT customer_id FROM Individual WHERE ssn = '003094340' UNION SELECT customer_id FROM Business WHERE tin = '003094340'), 'Y56Q2GI1LS6727671');
INSERT INTO Purchase (transactions, clerk, condition) VALUES (473, 'user10', 'Very Good');
INSERT INTO Transaction (trans_id, trans_date, trans_price, customer, vehicle_vin) VALUES ('474', '2023-08-24', 4808.08, (SELECT customer_id FROM Individual WHERE ssn = '91-3927038' UNION SELECT customer_id FROM Business WHERE tin = '91-3927038'), 'YITE7BMX1N7857452');
INSERT INTO Purchase (transactions, clerk, condition) VALUES (474, 'user13', 'Excellent');
INSERT INTO Transaction (trans_id, trans_date, trans_price, customer, vehicle_vin) VALUES ('475', '2023-08-24', 4808.08 * 1.25 + 1.10 * (SELECT COALESCE(SUM(unit_price * quantity), 0) FROM part WHERE vehicle_vin = 'YITE7BMX1N7857452'), (SELECT customer_id FROM Individual WHERE ssn = '91-3927038' UNION SELECT customer_id FROM Business WHERE tin = '91-3927038'), 'YITE7BMX1N7857452');
INSERT INTO Sale (transactions, salesperson) VALUES (475, 'user19');
INSERT INTO Transaction (trans_id, trans_date, trans_price, customer, vehicle_vin) VALUES ('476', '2023-04-11', 2782.94, (SELECT customer_id FROM Individual WHERE ssn = '83-4769864' UNION SELECT customer_id FROM Business WHERE tin = '83-4769864'), 'YL8S255YJYA054546');
INSERT INTO Purchase (transactions, clerk, condition) VALUES (476, 'user09', 'Excellent');
INSERT INTO Transaction (trans_id, trans_date, trans_price, customer, vehicle_vin) VALUES ('477', '2023-04-11', 2782.94 * 1.25 + 1.10 * (SELECT COALESCE(SUM(unit_price * quantity), 0) FROM part WHERE vehicle_vin = 'YL8S255YJYA054546'), (SELECT customer_id FROM Individual WHERE ssn = '83-4769864' UNION SELECT customer_id FROM Business WHERE tin = '83-4769864'), 'YL8S255YJYA054546');
INSERT INTO Sale (transactions, salesperson) VALUES (477, 'user23');
INSERT INTO Transaction (trans_id, trans_date, trans_price, customer, vehicle_vin) VALUES ('478', '2023-04-26', 3600.83, (SELECT customer_id FROM Individual WHERE ssn = '395276449' UNION SELECT customer_id FROM Business WHERE tin = '395276449'), 'YVMVY2BZAR4435152');
INSERT INTO Purchase (transactions, clerk, condition) VALUES (478, 'user17', 'Very Good');
INSERT INTO Transaction (trans_id, trans_date, trans_price, customer, vehicle_vin) VALUES ('479', '2022-11-15', 3412.49, (SELECT customer_id FROM Individual WHERE ssn = '355956538' UNION SELECT customer_id FROM Business WHERE tin = '355956538'), 'Z0G16U7UDC0331707');
INSERT INTO Purchase (transactions, clerk, condition) VALUES (479, 'user09', 'Excellent');
INSERT INTO Transaction (trans_id, trans_date, trans_price, customer, vehicle_vin) VALUES ('480', '2022-11-15', 3412.49 * 1.25 + 1.10 * (SELECT COALESCE(SUM(unit_price * quantity), 0) FROM part WHERE vehicle_vin = 'Z0G16U7UDC0331707'), (SELECT customer_id FROM Individual WHERE ssn = '355956538' UNION SELECT customer_id FROM Business WHERE tin = '355956538'), 'Z0G16U7UDC0331707');
INSERT INTO Sale (transactions, salesperson) VALUES (480, 'user04');
INSERT INTO Transaction (trans_id, trans_date, trans_price, customer, vehicle_vin) VALUES ('481', '2022-10-04', 9438.13, (SELECT customer_id FROM Individual WHERE ssn = '52-6591460' UNION SELECT customer_id FROM Business WHERE tin = '52-6591460'), 'Z1AKLYZDZLY858148');
INSERT INTO Purchase (transactions, clerk, condition) VALUES (481, 'user12', 'Excellent');
INSERT INTO Transaction (trans_id, trans_date, trans_price, customer, vehicle_vin) VALUES ('482', '2022-10-04', 9438.13 * 1.25 + 1.10 * (SELECT COALESCE(SUM(unit_price * quantity), 0) FROM part WHERE vehicle_vin = 'Z1AKLYZDZLY858148'), (SELECT customer_id FROM Individual WHERE ssn = '52-6591460' UNION SELECT customer_id FROM Business WHERE tin = '52-6591460'), 'Z1AKLYZDZLY858148');
INSERT INTO Sale (transactions, salesperson) VALUES (482, 'user04');
INSERT INTO Transaction (trans_id, trans_date, trans_price, customer, vehicle_vin) VALUES ('483', '2023-05-18', 9548.15, (SELECT customer_id FROM Individual WHERE ssn = '147820188' UNION SELECT customer_id FROM Business WHERE tin = '147820188'), 'Z7I1HGSFYSF704101');
INSERT INTO Purchase (transactions, clerk, condition) VALUES (483, 'user11', 'Very Good');
INSERT INTO Transaction (trans_id, trans_date, trans_price, customer, vehicle_vin) VALUES ('484', '2022-09-16', 4422.83, (SELECT customer_id FROM Individual WHERE ssn = '033375455' UNION SELECT customer_id FROM Business WHERE tin = '033375455'), 'ZAGIZGOGIZ6802854');
INSERT INTO Purchase (transactions, clerk, condition) VALUES (484, 'user11', 'Very Good');
INSERT INTO Transaction (trans_id, trans_date, trans_price, customer, vehicle_vin) VALUES ('485', '2022-09-16', 4422.83 * 1.25 + 1.10 * (SELECT COALESCE(SUM(unit_price * quantity), 0) FROM part WHERE vehicle_vin = 'ZAGIZGOGIZ6802854'), (SELECT customer_id FROM Individual WHERE ssn = '033375455' UNION SELECT customer_id FROM Business WHERE tin = '033375455'), 'ZAGIZGOGIZ6802854');
INSERT INTO Sale (transactions, salesperson) VALUES (485, 'user19');
INSERT INTO Transaction (trans_id, trans_date, trans_price, customer, vehicle_vin) VALUES ('486', '2023-02-12', 14476.83, (SELECT customer_id FROM Individual WHERE ssn = '190389930' UNION SELECT customer_id FROM Business WHERE tin = '190389930'), 'ZBSRSJEASBE950499');
INSERT INTO Purchase (transactions, clerk, condition) VALUES (486, 'user07', 'Very Good');
INSERT INTO Transaction (trans_id, trans_date, trans_price, customer, vehicle_vin) VALUES ('487', '2023-02-12', 14476.83 * 1.25 + 1.10 * (SELECT COALESCE(SUM(unit_price * quantity), 0) FROM part WHERE vehicle_vin = 'ZBSRSJEASBE950499'), (SELECT customer_id FROM Individual WHERE ssn = '190389930' UNION SELECT customer_id FROM Business WHERE tin = '190389930'), 'ZBSRSJEASBE950499');
INSERT INTO Sale (transactions, salesperson) VALUES (487, 'user25');
INSERT INTO Transaction (trans_id, trans_date, trans_price, customer, vehicle_vin) VALUES ('488', '2022-07-28', 5227.95, (SELECT customer_id FROM Individual WHERE ssn = '002868452' UNION SELECT customer_id FROM Business WHERE tin = '002868452'), 'ZC1QS3Y7MOM256400');
INSERT INTO Purchase (transactions, clerk, condition) VALUES (488, 'user09', 'Excellent');
INSERT INTO Transaction (trans_id, trans_date, trans_price, customer, vehicle_vin) VALUES ('489', '2022-08-18', 8236.12, (SELECT customer_id FROM Individual WHERE ssn = '025917237' UNION SELECT customer_id FROM Business WHERE tin = '025917237'), 'ZJ8V6INQOV2978667');
INSERT INTO Purchase (transactions, clerk, condition) VALUES (489, 'user13', 'Fair');
INSERT INTO Transaction (trans_id, trans_date, trans_price, customer, vehicle_vin) VALUES ('490', '2022-08-18', 8236.12 * 1.25 + 1.10 * (SELECT COALESCE(SUM(unit_price * quantity), 0) FROM part WHERE vehicle_vin = 'ZJ8V6INQOV2978667'), (SELECT customer_id FROM Individual WHERE ssn = '025917237' UNION SELECT customer_id FROM Business WHERE tin = '025917237'), 'ZJ8V6INQOV2978667');
INSERT INTO Sale (transactions, salesperson) VALUES (490, 'user16');
INSERT INTO Transaction (trans_id, trans_date, trans_price, customer, vehicle_vin) VALUES ('491', '2023-03-31', 4702.13, (SELECT customer_id FROM Individual WHERE ssn = '766904975' UNION SELECT customer_id FROM Business WHERE tin = '766904975'), 'ZKE5A1ZF45J937308');
INSERT INTO Purchase (transactions, clerk, condition) VALUES (491, 'user17', 'Very Good');
INSERT INTO Transaction (trans_id, trans_date, trans_price, customer, vehicle_vin) VALUES ('492', '2023-03-31', 4702.13 * 1.25 + 1.10 * (SELECT COALESCE(SUM(unit_price * quantity), 0) FROM part WHERE vehicle_vin = 'ZKE5A1ZF45J937308'), (SELECT customer_id FROM Individual WHERE ssn = '766904975' UNION SELECT customer_id FROM Business WHERE tin = '766904975'), 'ZKE5A1ZF45J937308');
INSERT INTO Sale (transactions, salesperson) VALUES (492, 'user04');
INSERT INTO Transaction (trans_id, trans_date, trans_price, customer, vehicle_vin) VALUES ('493', '2022-11-16', 2553.60, (SELECT customer_id FROM Individual WHERE ssn = '283775388' UNION SELECT customer_id FROM Business WHERE tin = '283775388'), 'ZO23XPTPQGF782695');
INSERT INTO Purchase (transactions, clerk, condition) VALUES (493, 'user18', 'Excellent');
INSERT INTO Transaction (trans_id, trans_date, trans_price, customer, vehicle_vin) VALUES ('494', '2022-11-16', 2553.60 * 1.25 + 1.10 * (SELECT COALESCE(SUM(unit_price * quantity), 0) FROM part WHERE vehicle_vin = 'ZO23XPTPQGF782695'), (SELECT customer_id FROM Individual WHERE ssn = '283775388' UNION SELECT customer_id FROM Business WHERE tin = '283775388'), 'ZO23XPTPQGF782695');
INSERT INTO Sale (transactions, salesperson) VALUES (494, 'user23');
INSERT INTO Transaction (trans_id, trans_date, trans_price, customer, vehicle_vin) VALUES ('495', '2022-09-08', 25780.94, (SELECT customer_id FROM Individual WHERE ssn = '876465935' UNION SELECT customer_id FROM Business WHERE tin = '876465935'), 'ZPPXCCIV5JU440482');
INSERT INTO Purchase (transactions, clerk, condition) VALUES (495, 'user13', 'Fair');
INSERT INTO Transaction (trans_id, trans_date, trans_price, customer, vehicle_vin) VALUES ('496', '2023-01-25', 12431.17, (SELECT customer_id FROM Individual WHERE ssn = '580630500' UNION SELECT customer_id FROM Business WHERE tin = '580630500'), 'ZTFFYASAAMG348199');
INSERT INTO Purchase (transactions, clerk, condition) VALUES (496, 'user05', 'Fair');
INSERT INTO Transaction (trans_id, trans_date, trans_price, customer, vehicle_vin) VALUES ('497', '2023-01-25', 12431.17 * 1.25 + 1.10 * (SELECT COALESCE(SUM(unit_price * quantity), 0) FROM part WHERE vehicle_vin = 'ZTFFYASAAMG348199'), (SELECT customer_id FROM Individual WHERE ssn = '580630500' UNION SELECT customer_id FROM Business WHERE tin = '580630500'), 'ZTFFYASAAMG348199');
INSERT INTO Sale (transactions, salesperson) VALUES (497, 'user23');
INSERT INTO Transaction (trans_id, trans_date, trans_price, customer, vehicle_vin) VALUES ('498', '2022-07-27', 5052.47, (SELECT customer_id FROM Individual WHERE ssn = '491580595' UNION SELECT customer_id FROM Business WHERE tin = '491580595'), 'ZX85QCBBBIP411923');
INSERT INTO Purchase (transactions, clerk, condition) VALUES (498, 'user24', 'Good');
INSERT INTO Transaction (trans_id, trans_date, trans_price, customer, vehicle_vin) VALUES ('499', '2022-07-27', 5052.47 * 1.25 + 1.10 * (SELECT COALESCE(SUM(unit_price * quantity), 0) FROM part WHERE vehicle_vin = 'ZX85QCBBBIP411923'), (SELECT customer_id FROM Individual WHERE ssn = '491580595' UNION SELECT customer_id FROM Business WHERE tin = '491580595'), 'ZX85QCBBBIP411923');
INSERT INTO Sale (transactions, salesperson) VALUES (499, 'user23');
INSERT INTO Transaction (trans_id, trans_date, trans_price, customer, vehicle_vin) VALUES ('500', '2023-01-19', 21212.11, (SELECT customer_id FROM Individual WHERE ssn = '329866577' UNION SELECT customer_id FROM Business WHERE tin = '329866577'), 'ZZUFHYJV0FI610258');
INSERT INTO Purchase (transactions, clerk, condition) VALUES (500, 'owner', 'Excellent');
INSERT INTO Transaction (trans_id, trans_date, trans_price, customer, vehicle_vin) VALUES ('501', '2023-01-19', 21212.11 * 1.25 + 1.10 * (SELECT COALESCE(SUM(unit_price * quantity), 0) FROM part WHERE vehicle_vin = 'ZZUFHYJV0FI610258'), (SELECT customer_id FROM Individual WHERE ssn = '329866577' UNION SELECT customer_id FROM Business WHERE tin = '329866577'), 'ZZUFHYJV0FI610258');
INSERT INTO Sale (transactions, salesperson) VALUES (501, 'user25');